event_timestamp,type,peer,details_totalPeers,details_avgScore,details_bannedPeers,details_disconnectedPeers,details_healthyPeers,details_bannedPercent,details_disconnectedPercent,details_needMorePeers,details_willDisconnect,details_disconnectReasons,details_attnetQueries,details_syncnetQueries,details_custodyQueries,details_isStarved,details_starvedSlots,details_headSlotGap,details_currentSlot,details_peerHeadSlot,details_peersToConnect,details_custodyGroups,details_subnetRequests,details_cachedENRs,details_timestamp,details_attnetsCount,details_syncnetsCount,details_ourPeersToConnect,details_status,details_error,details_durationMs,details_client,details_direction,details_address,details_connectionStatus,details_method,details_methodName,details_versions,details_sizeBytes,details_requestPreview,details_agentVersion,details_protocols,details_errorCode,details_errorMessage,details_latencyMs,details_success,details_reason,details_disconnectReason,details_scoreState,details_seqNumber,details_isResponseToOurPing,details_forkDigest,details_headSlot,details_finalizedEpoch,details_version,details_encoding,details_peerId,details_fork,details_seenAt,details_aggregatorIndex,details_slot,details_attestationCount,details_subnet,details_proposerIndex,details_blockRoot,details_peer,details_responseType,details_responseData,details_enrsFound,details_queryDurationMs,details_reasonCode,details_reasonText,details_peerFinalizedEpoch,details_metrics,details_validators,details_addedSubnets,details_removedSubnets,details_totalBefore,details_totalAfter,details_isValidator,details_note,timestamp_dt,peer_linked
2026-01-07T20:01:56.067Z,HEARTBEAT_DISCOVERY_NEEDED,unknown,,,,,,,,210.0,0.0,none,2.0,0.0,128.0,YES,81.0,81.0,9340209.0,9340128.0,,,,,,,,,,,,,,,,,,,,,,,,,,,,,,,,,,,,,,,,,,,,,,,,,,,,,,,,,,,,,,2026-01-07 20:01:56.067000+00:00,
2026-01-07T20:01:56.067Z,DISCOVERY_START,discovery,,,,,,,,,,,,,,,,,,,210.0,"0,1,2,3,4,5,6,7,8,9,10,11,12,13,14,15,16,17,18,19,20,21,22,23,24,25,26,27,28,29,30,31,32,33,34,35,36,37,38,39,40,41,42,43,44,45,46,47,48,49,50,51,52,53,54,55,56,57,58,59,60,61,62,63,64,65,66,67,68,69,70,71,72,73,74,75,76,77,78,79,80,81,82,83,84,85,86,87,88,89,90,91,92,93,94,95,96,97,98,99,100,101,102,103,104,105,106,107,108,109,110,111,112,113,114,115,116,117,118,119,120,121,122,123,124,125,126,127",2.0,,,,,,,,,,,,,,,,,,,,,,,,,,,,,,,,,,,,,,,,,,,,,,,,,,,,,,,,,,,2026-01-07 20:01:56.067000+00:00,
2026-01-07T20:01:57.063Z,DISCOVERY_FINDNODE_START,unknown,,,,,,,,,,,,,,,,,,,210.0,,,0.0,1767816117063.0,,,,,,,,,,,,,,,,,,,,,,,,,,,,,,,,,,,,,,,,,,,,,,,,,,,,,,,,,2026-01-07 20:01:57.063000+00:00,
2026-01-07T20:01:57.676Z,DIAL_CHECK_START,16Uiu2HAkyfeMhq41GjS8b9Lhjc5knEVTRrKgByx5R7hxvscrfk4n,,,,,,,,,,,,,,,,,,,,,,,,2.0,0.0,210.0,,,,,,,,,,,,,,,,,,,,,,,,,,,,,,,,,,,,,,,,,,,,,,,,,,,,,,2026-01-07 20:01:57.676000+00:00,
2026-01-07T20:01:57.676Z,DIAL_ATTEMPT_START,16Uiu2HAkyfeMhq41GjS8b9Lhjc5knEVTRrKgByx5R7hxvscrfk4n,,,,,,,,,,,,,,,,,,,210.0,,,,1767816117676.0,,,,,,,,,,,,,,,,,,,,,,,,,,,,,,,,,,,,,,,,,,,,,,,,,,,,,,,,,2026-01-07 20:01:57.676000+00:00,
2026-01-07T20:01:57.677Z,DISCOVERY_DIAL_DECISION,16Uiu2HAkyfeMhq41GjS8b9Lhjc5knEVTRrKgByx5R7hxvscrfk4n,,,,,,,,,,,,,,,,,,,,,,,,2.0,0.0,,attempt_dial,,,,,,,,,,,,,,,,,,,,,,,,,,,,,,,,,,,,,,,,,,,,,,,,,,,,,2026-01-07 20:01:57.677000+00:00,
2026-01-07T20:01:57.679Z,DIAL_CHECK_START,16Uiu2HAm7fwgR241pfu6ZJrffR5rcmG33TyMRQzG7jYeSj36J3du,,,,,,,,,,,,,,,,,,,,,,,,2.0,0.0,209.0,,,,,,,,,,,,,,,,,,,,,,,,,,,,,,,,,,,,,,,,,,,,,,,,,,,,,,2026-01-07 20:01:57.679000+00:00,
2026-01-07T20:01:57.679Z,DIAL_ATTEMPT_START,16Uiu2HAm7fwgR241pfu6ZJrffR5rcmG33TyMRQzG7jYeSj36J3du,,,,,,,,,,,,,,,,,,,209.0,,,,1767816117679.0,,,,,,,,,,,,,,,,,,,,,,,,,,,,,,,,,,,,,,,,,,,,,,,,,,,,,,,,,2026-01-07 20:01:57.679000+00:00,
2026-01-07T20:01:57.679Z,DISCOVERY_DIAL_DECISION,16Uiu2HAm7fwgR241pfu6ZJrffR5rcmG33TyMRQzG7jYeSj36J3du,,,,,,,,,,,,,,,,,,,,,,,,2.0,0.0,,attempt_dial,,,,,,,,,,,,,,,,,,,,,,,,,,,,,,,,,,,,,,,,,,,,,,,,,,,,,2026-01-07 20:01:57.679000+00:00,
2026-01-07T20:01:57.680Z,DIAL_CHECK_START,16Uiu2HAkyfeMhq41GjS8b9Lhjc5knEVTRrKgByx5R7hxvscrfk4n,,,,,,,,,,,,,,,,,,,,,,,,0.0,0.0,208.0,,,,,,,,,,,,,,,,,,,,,,,,,,,,,,,,,,,,,,,,,,,,,,,,,,,,,,2026-01-07 20:01:57.680000+00:00,
2026-01-07T20:01:57.680Z,DIAL_ATTEMPT_START,16Uiu2HAkyfeMhq41GjS8b9Lhjc5knEVTRrKgByx5R7hxvscrfk4n,,,,,,,,,,,,,,,,,,,208.0,,,,1767816117680.0,,,,,,,,,,,,,,,,,,,,,,,,,,,,,,,,,,,,,,,,,,,,,,,,,,,,,,,,,2026-01-07 20:01:57.680000+00:00,
2026-01-07T20:01:57.680Z,DISCOVERY_DIAL_DECISION,16Uiu2HAkyfeMhq41GjS8b9Lhjc5knEVTRrKgByx5R7hxvscrfk4n,,,,,,,,,,,,,,,,,,,,,,,,0.0,0.0,,attempt_dial,,,,,,,,,,,,,,,,,,,,,,,,,,,,,,,,,,,,,,,,,,,,,,,,,,,,,2026-01-07 20:01:57.680000+00:00,
2026-01-07T20:01:57.925Z,DIAL_FAILURE,16Uiu2HAm7fwgR241pfu6ZJrffR5rcmG33TyMRQzG7jYeSj36J3du,,,,,,,,,,,,,,,,,,,,,,,,,,,,unexpected end of input,246.0,,,,,,,,,,,,,,,,,,,,,,,,,,,,,,,,,,,,,,,,,,,,,,,,,,,2026-01-07 20:01:57.925000+00:00,
2026-01-07T20:01:58.264Z,DIAL_CHECK_START,16Uiu2HAmPt7ihNAGF3642nEv2nis1q7opMxP8N5P9vCbySn8D4k8,,,,,,,,,,,,,,,,,,,,,,,,2.0,0.0,207.0,,,,,,,,,,,,,,,,,,,,,,,,,,,,,,,,,,,,,,,,,,,,,,,,,,,,,,2026-01-07 20:01:58.264000+00:00,
2026-01-07T20:01:58.264Z,DIAL_ATTEMPT_START,16Uiu2HAmPt7ihNAGF3642nEv2nis1q7opMxP8N5P9vCbySn8D4k8,,,,,,,,,,,,,,,,,,,207.0,,,,1767816118264.0,,,,,,,,,,,,,,,,,,,,,,,,,,,,,,,,,,,,,,,,,,,,,,,,,,,,,,,,,2026-01-07 20:01:58.264000+00:00,
2026-01-07T20:01:58.264Z,DISCOVERY_DIAL_DECISION,16Uiu2HAmPt7ihNAGF3642nEv2nis1q7opMxP8N5P9vCbySn8D4k8,,,,,,,,,,,,,,,,,,,,,,,,2.0,0.0,,attempt_dial,,,,,,,,,,,,,,,,,,,,,,,,,,,,,,,,,,,,,,,,,,,,,,,,,,,,,2026-01-07 20:01:58.264000+00:00,
2026-01-07T20:01:58.265Z,DIAL_CHECK_START,16Uiu2HAmPt7ihNAGF3642nEv2nis1q7opMxP8N5P9vCbySn8D4k8,,,,,,,,,,,,,,,,,,,,,,,,0.0,0.0,206.0,,,,,,,,,,,,,,,,,,,,,,,,,,,,,,,,,,,,,,,,,,,,,,,,,,,,,,2026-01-07 20:01:58.265000+00:00,
2026-01-07T20:01:58.265Z,DIAL_ATTEMPT_START,16Uiu2HAmPt7ihNAGF3642nEv2nis1q7opMxP8N5P9vCbySn8D4k8,,,,,,,,,,,,,,,,,,,206.0,,,,1767816118265.0,,,,,,,,,,,,,,,,,,,,,,,,,,,,,,,,,,,,,,,,,,,,,,,,,,,,,,,,,2026-01-07 20:01:58.265000+00:00,
2026-01-07T20:01:58.265Z,DISCOVERY_DIAL_DECISION,16Uiu2HAmPt7ihNAGF3642nEv2nis1q7opMxP8N5P9vCbySn8D4k8,,,,,,,,,,,,,,,,,,,,,,,,0.0,0.0,,attempt_dial,,,,,,,,,,,,,,,,,,,,,,,,,,,,,,,,,,,,,,,,,,,,,,,,,,,,,2026-01-07 20:01:58.265000+00:00,
2026-01-07T20:01:58.419Z,DIAL_SUCCESS,16Uiu2HAkyfeMhq41GjS8b9Lhjc5knEVTRrKgByx5R7hxvscrfk4n,,,,,,,,,,,,,,,,,,,,,,,,,,,,,739.0,,,,,,,,,,,,,,,,,,,,,,,,,,,,,,,,,,,,,,,,,,,,,,,,,,,2026-01-07 20:01:58.419000+00:00,
2026-01-07T20:01:58.419Z,DIAL_SUCCESS,16Uiu2HAkyfeMhq41GjS8b9Lhjc5knEVTRrKgByx5R7hxvscrfk4n,,,,,,,,,,,,,,,,,,,,,,,,,,,,,743.0,,,,,,,,,,,,,,,,,,,,,,,,,,,,,,,,,,,,,,,,,,,,,,,,,,,2026-01-07 20:01:58.419000+00:00,
2026-01-07T20:01:58.650Z,DIAL_CHECK_START,16Uiu2HAkyfJsphmNsi3eS8oameBcqqDFc8xT8ScZegNdhNAM8vfa,,,,,,,,,,,,,,,,,,,,,,,,64.0,4.0,205.0,,,,,,,,,,,,,,,,,,,,,,,,,,,,,,,,,,,,,,,,,,,,,,,,,,,,,,2026-01-07 20:01:58.650000+00:00,
2026-01-07T20:01:58.650Z,DIAL_ATTEMPT_START,16Uiu2HAkyfJsphmNsi3eS8oameBcqqDFc8xT8ScZegNdhNAM8vfa,,,,,,,,,,,,,,,,,,,205.0,,,,1767816118650.0,,,,,,,,,,,,,,,,,,,,,,,,,,,,,,,,,,,,,,,,,,,,,,,,,,,,,,,,,2026-01-07 20:01:58.650000+00:00,
2026-01-07T20:01:58.650Z,DISCOVERY_DIAL_DECISION,16Uiu2HAkyfJsphmNsi3eS8oameBcqqDFc8xT8ScZegNdhNAM8vfa,,,,,,,,,,,,,,,,,,,,,,,,64.0,4.0,,attempt_dial,,,,,,,,,,,,,,,,,,,,,,,,,,,,,,,,,,,,,,,,,,,,,,,,,,,,,2026-01-07 20:01:58.650000+00:00,
2026-01-07T20:01:58.652Z,DIAL_CHECK_START,16Uiu2HAkyfJsphmNsi3eS8oameBcqqDFc8xT8ScZegNdhNAM8vfa,,,,,,,,,,,,,,,,,,,,,,,,0.0,0.0,204.0,,,,,,,,,,,,,,,,,,,,,,,,,,,,,,,,,,,,,,,,,,,,,,,,,,,,,,2026-01-07 20:01:58.652000+00:00,
2026-01-07T20:01:58.652Z,DIAL_ATTEMPT_START,16Uiu2HAkyfJsphmNsi3eS8oameBcqqDFc8xT8ScZegNdhNAM8vfa,,,,,,,,,,,,,,,,,,,204.0,,,,1767816118652.0,,,,,,,,,,,,,,,,,,,,,,,,,,,,,,,,,,,,,,,,,,,,,,,,,,,,,,,,,2026-01-07 20:01:58.652000+00:00,
2026-01-07T20:01:58.652Z,DISCOVERY_DIAL_DECISION,16Uiu2HAkyfJsphmNsi3eS8oameBcqqDFc8xT8ScZegNdhNAM8vfa,,,,,,,,,,,,,,,,,,,,,,,,0.0,0.0,,attempt_dial,,,,,,,,,,,,,,,,,,,,,,,,,,,,,,,,,,,,,,,,,,,,,,,,,,,,,2026-01-07 20:01:58.652000+00:00,
2026-01-07T20:01:58.759Z,DIAL_SUCCESS,16Uiu2HAmPt7ihNAGF3642nEv2nis1q7opMxP8N5P9vCbySn8D4k8,,,,,,,,,,,,,,,,,,,,,,,,,,,,,494.0,,,,,,,,,,,,,,,,,,,,,,,,,,,,,,,,,,,,,,,,,,,,,,,,,,,2026-01-07 20:01:58.759000+00:00,
2026-01-07T20:01:58.759Z,DIAL_SUCCESS,16Uiu2HAmPt7ihNAGF3642nEv2nis1q7opMxP8N5P9vCbySn8D4k8,,,,,,,,,,,,,,,,,,,,,,,,,,,,,495.0,,,,,,,,,,,,,,,,,,,,,,,,,,,,,,,,,,,,,,,,,,,,,,,,,,,2026-01-07 20:01:58.759000+00:00,
2026-01-07T20:01:58.861Z,DIAL_SUCCESS,16Uiu2HAkyfJsphmNsi3eS8oameBcqqDFc8xT8ScZegNdhNAM8vfa,,,,,,,,,,,,,,,,,,,,,,,,,,,,,209.0,,,,,,,,,,,,,,,,,,,,,,,,,,,,,,,,,,,,,,,,,,,,,,,,,,,2026-01-07 20:01:58.861000+00:00,
2026-01-07T20:01:58.861Z,DIAL_SUCCESS,16Uiu2HAkyfJsphmNsi3eS8oameBcqqDFc8xT8ScZegNdhNAM8vfa,,,,,,,,,,,,,,,,,,,,,,,,,,,,,211.0,,,,,,,,,,,,,,,,,,,,,,,,,,,,,,,,,,,,,,,,,,,,,,,,,,,2026-01-07 20:01:58.861000+00:00,
2026-01-07T20:02:17.073Z,DIAL_CHECK_START,16Uiu2HAmSiTdL3anbmHSTkStNusahPRVxEukm5sBtH4qRpuoQZ9C,,,,,,,,,,,,,,,,,,,,,,,,2.0,0.0,203.0,,,,,,,,,,,,,,,,,,,,,,,,,,,,,,,,,,,,,,,,,,,,,,,,,,,,,,2026-01-07 20:02:17.073000+00:00,
2026-01-07T20:02:17.073Z,DIAL_ATTEMPT_START,16Uiu2HAmSiTdL3anbmHSTkStNusahPRVxEukm5sBtH4qRpuoQZ9C,,,,,,,,,,,,,,,,,,,203.0,,,,1767816137073.0,,,,,,,,,,,,,,,,,,,,,,,,,,,,,,,,,,,,,,,,,,,,,,,,,,,,,,,,,2026-01-07 20:02:17.073000+00:00,
2026-01-07T20:02:17.073Z,DISCOVERY_DIAL_DECISION,16Uiu2HAmSiTdL3anbmHSTkStNusahPRVxEukm5sBtH4qRpuoQZ9C,,,,,,,,,,,,,,,,,,,,,,,,2.0,0.0,,attempt_dial,,,,,,,,,,,,,,,,,,,,,,,,,,,,,,,,,,,,,,,,,,,,,,,,,,,,,2026-01-07 20:02:17.073000+00:00,
2026-01-07T20:02:17.075Z,DIAL_CHECK_START,16Uiu2HAmSiTdL3anbmHSTkStNusahPRVxEukm5sBtH4qRpuoQZ9C,,,,,,,,,,,,,,,,,,,,,,,,0.0,0.0,202.0,,,,,,,,,,,,,,,,,,,,,,,,,,,,,,,,,,,,,,,,,,,,,,,,,,,,,,2026-01-07 20:02:17.075000+00:00,
2026-01-07T20:02:17.075Z,DIAL_ATTEMPT_START,16Uiu2HAmSiTdL3anbmHSTkStNusahPRVxEukm5sBtH4qRpuoQZ9C,,,,,,,,,,,,,,,,,,,202.0,,,,1767816137075.0,,,,,,,,,,,,,,,,,,,,,,,,,,,,,,,,,,,,,,,,,,,,,,,,,,,,,,,,,2026-01-07 20:02:17.075000+00:00,
2026-01-07T20:02:17.075Z,DISCOVERY_DIAL_DECISION,16Uiu2HAmSiTdL3anbmHSTkStNusahPRVxEukm5sBtH4qRpuoQZ9C,,,,,,,,,,,,,,,,,,,,,,,,0.0,0.0,,attempt_dial,,,,,,,,,,,,,,,,,,,,,,,,,,,,,,,,,,,,,,,,,,,,,,,,,,,,,2026-01-07 20:02:17.075000+00:00,
2026-01-07T20:02:24.269Z,DIAL_CHECK_START,16Uiu2HAmR74oJYLFE5fbSp38mA3wmBo4MzTvQ7fbPxn7Shb86T3W,,,,,,,,,,,,,,,,,,,,,,,,2.0,0.0,201.0,,,,,,,,,,,,,,,,,,,,,,,,,,,,,,,,,,,,,,,,,,,,,,,,,,,,,,2026-01-07 20:02:24.269000+00:00,
2026-01-07T20:02:24.269Z,DIAL_ATTEMPT_START,16Uiu2HAmR74oJYLFE5fbSp38mA3wmBo4MzTvQ7fbPxn7Shb86T3W,,,,,,,,,,,,,,,,,,,201.0,,,,1767816144269.0,,,,,,,,,,,,,,,,,,,,,,,,,,,,,,,,,,,,,,,,,,,,,,,,,,,,,,,,,2026-01-07 20:02:24.269000+00:00,
2026-01-07T20:02:24.269Z,DISCOVERY_DIAL_DECISION,16Uiu2HAmR74oJYLFE5fbSp38mA3wmBo4MzTvQ7fbPxn7Shb86T3W,,,,,,,,,,,,,,,,,,,,,,,,2.0,0.0,,attempt_dial,,,,,,,,,,,,,,,,,,,,,,,,,,,,,,,,,,,,,,,,,,,,,,,,,,,,,2026-01-07 20:02:24.269000+00:00,
2026-01-07T20:02:24.446Z,DIAL_SUCCESS,16Uiu2HAmR74oJYLFE5fbSp38mA3wmBo4MzTvQ7fbPxn7Shb86T3W,,,,,,,,,,,,,,,,,,,,,,,,,,,,,177.0,,,,,,,,,,,,,,,,,,,,,,,,,,,,,,,,,,,,,,,,,,,,,,,,,,,2026-01-07 20:02:24.446000+00:00,
2026-01-07T20:02:26.068Z,HEARTBEAT_DISCOVERY_NEEDED,unknown,,,,,,,,207.0,0.0,none,2.0,0.0,128.0,NO,0.0,1.0,9340212.0,9340211.0,,,,,,,,,,,,,,,,,,,,,,,,,,,,,,,,,,,,,,,,,,,,,,,,,,,,,,,,,,,,,,2026-01-07 20:02:26.068000+00:00,
2026-01-07T20:02:26.069Z,DISCOVERY_START,discovery,,,,,,,,,,,,,,,,,,,207.0,"0,1,2,3,4,5,6,7,8,9,10,11,12,13,14,15,16,17,18,19,20,21,22,23,24,25,26,27,28,29,30,31,32,33,34,35,36,37,38,39,40,41,42,43,44,45,46,47,48,49,50,51,52,53,54,55,56,57,58,59,60,61,62,63,64,65,66,67,68,69,70,71,72,73,74,75,76,77,78,79,80,81,82,83,84,85,86,87,88,89,90,91,92,93,94,95,96,97,98,99,100,101,102,103,104,105,106,107,108,109,110,111,112,113,114,115,116,117,118,119,120,121,122,123,124,125,126,127",2.0,,,,,,,,,,,,,,,,,,,,,,,,,,,,,,,,,,,,,,,,,,,,,,,,,,,,,,,,,,,2026-01-07 20:02:26.069000+00:00,
2026-01-07T20:02:27.726Z,DIAL_CHECK_START,16Uiu2HAkz9TuzqgwEYBV8oeFc7oHpgXo7A9f9vzCKrFjJ2GtCK21,,,,,,,,,,,,,,,,,,,,,,,,2.0,0.0,407.0,,,,,,,,,,,,,,,,,,,,,,,,,,,,,,,,,,,,,,,,,,,,,,,,,,,,,,2026-01-07 20:02:27.726000+00:00,
2026-01-07T20:02:27.726Z,DIAL_ATTEMPT_START,16Uiu2HAkz9TuzqgwEYBV8oeFc7oHpgXo7A9f9vzCKrFjJ2GtCK21,,,,,,,,,,,,,,,,,,,407.0,,,,1767816147726.0,,,,,,,,,,,,,,,,,,,,,,,,,,,,,,,,,,,,,,,,,,,,,,,,,,,,,,,,,2026-01-07 20:02:27.726000+00:00,
2026-01-07T20:02:27.726Z,DISCOVERY_DIAL_DECISION,16Uiu2HAkz9TuzqgwEYBV8oeFc7oHpgXo7A9f9vzCKrFjJ2GtCK21,,,,,,,,,,,,,,,,,,,,,,,,2.0,0.0,,attempt_dial,,,,,,,,,,,,,,,,,,,,,,,,,,,,,,,,,,,,,,,,,,,,,,,,,,,,,2026-01-07 20:02:27.726000+00:00,
2026-01-07T20:02:27.727Z,DIAL_CHECK_START,16Uiu2HAkz9TuzqgwEYBV8oeFc7oHpgXo7A9f9vzCKrFjJ2GtCK21,,,,,,,,,,,,,,,,,,,,,,,,0.0,0.0,406.0,,,,,,,,,,,,,,,,,,,,,,,,,,,,,,,,,,,,,,,,,,,,,,,,,,,,,,2026-01-07 20:02:27.727000+00:00,
2026-01-07T20:02:27.727Z,DIAL_ATTEMPT_START,16Uiu2HAkz9TuzqgwEYBV8oeFc7oHpgXo7A9f9vzCKrFjJ2GtCK21,,,,,,,,,,,,,,,,,,,406.0,,,,1767816147727.0,,,,,,,,,,,,,,,,,,,,,,,,,,,,,,,,,,,,,,,,,,,,,,,,,,,,,,,,,2026-01-07 20:02:27.727000+00:00,
2026-01-07T20:02:27.727Z,DISCOVERY_DIAL_DECISION,16Uiu2HAkz9TuzqgwEYBV8oeFc7oHpgXo7A9f9vzCKrFjJ2GtCK21,,,,,,,,,,,,,,,,,,,,,,,,0.0,0.0,,attempt_dial,,,,,,,,,,,,,,,,,,,,,,,,,,,,,,,,,,,,,,,,,,,,,,,,,,,,,2026-01-07 20:02:27.727000+00:00,
2026-01-07T20:02:27.989Z,DIAL_FAILURE,16Uiu2HAkz9TuzqgwEYBV8oeFc7oHpgXo7A9f9vzCKrFjJ2GtCK21,,,,,,,,,,,,,,,,,,,,,,,,,,,,read ECONNRESET,262.0,,,,,,,,,,,,,,,,,,,,,,,,,,,,,,,,,,,,,,,,,,,,,,,,,,,2026-01-07 20:02:27.989000+00:00,
2026-01-07T20:02:27.990Z,DIAL_FAILURE,16Uiu2HAkz9TuzqgwEYBV8oeFc7oHpgXo7A9f9vzCKrFjJ2GtCK21,,,,,,,,,,,,,,,,,,,,,,,,,,,,read ECONNRESET,264.0,,,,,,,,,,,,,,,,,,,,,,,,,,,,,,,,,,,,,,,,,,,,,,,,,,,2026-01-07 20:02:27.990000+00:00,
2026-01-07T20:02:30.532Z,DIAL_CHECK_START,16Uiu2HAkz9TuzqgwEYBV8oeFc7oHpgXo7A9f9vzCKrFjJ2GtCK21,,,,,,,,,,,,,,,,,,,,,,,,2.0,0.0,405.0,,,,,,,,,,,,,,,,,,,,,,,,,,,,,,,,,,,,,,,,,,,,,,,,,,,,,,2026-01-07 20:02:30.532000+00:00,
2026-01-07T20:02:30.532Z,DIAL_ATTEMPT_START,16Uiu2HAkz9TuzqgwEYBV8oeFc7oHpgXo7A9f9vzCKrFjJ2GtCK21,,,,,,,,,,,,,,,,,,,405.0,,,,1767816150532.0,,,,,,,,,,,,,,,,,,,,,,,,,,,,,,,,,,,,,,,,,,,,,,,,,,,,,,,,,2026-01-07 20:02:30.532000+00:00,
2026-01-07T20:02:30.532Z,DISCOVERY_DIAL_DECISION,16Uiu2HAkz9TuzqgwEYBV8oeFc7oHpgXo7A9f9vzCKrFjJ2GtCK21,,,,,,,,,,,,,,,,,,,,,,,,2.0,0.0,,attempt_dial,,,,,,,,,,,,,,,,,,,,,,,,,,,,,,,,,,,,,,,,,,,,,,,,,,,,,2026-01-07 20:02:30.532000+00:00,
2026-01-07T20:02:30.534Z,DIAL_CHECK_START,16Uiu2HAmRkhtqtqwnztxKQdxAjiz9t8naLgLqhSEGVsjeki9e83Z,,,,,,,,,,,,,,,,,,,,,,,,2.0,0.0,404.0,,,,,,,,,,,,,,,,,,,,,,,,,,,,,,,,,,,,,,,,,,,,,,,,,,,,,,2026-01-07 20:02:30.534000+00:00,
2026-01-07T20:02:30.534Z,DIAL_ATTEMPT_START,16Uiu2HAmRkhtqtqwnztxKQdxAjiz9t8naLgLqhSEGVsjeki9e83Z,,,,,,,,,,,,,,,,,,,404.0,,,,1767816150534.0,,,,,,,,,,,,,,,,,,,,,,,,,,,,,,,,,,,,,,,,,,,,,,,,,,,,,,,,,2026-01-07 20:02:30.534000+00:00,
2026-01-07T20:02:30.534Z,DISCOVERY_DIAL_DECISION,16Uiu2HAmRkhtqtqwnztxKQdxAjiz9t8naLgLqhSEGVsjeki9e83Z,,,,,,,,,,,,,,,,,,,,,,,,2.0,0.0,,attempt_dial,,,,,,,,,,,,,,,,,,,,,,,,,,,,,,,,,,,,,,,,,,,,,,,,,,,,,2026-01-07 20:02:30.534000+00:00,
2026-01-07T20:02:30.637Z,DIAL_FAILURE,16Uiu2HAmRkhtqtqwnztxKQdxAjiz9t8naLgLqhSEGVsjeki9e83Z,,,,,,,,,,,,,,,,,,,,,,,,,,,,read ECONNRESET,103.0,,,,,,,,,,,,,,,,,,,,,,,,,,,,,,,,,,,,,,,,,,,,,,,,,,,2026-01-07 20:02:30.637000+00:00,
2026-01-07T20:02:30.790Z,DIAL_FAILURE,16Uiu2HAkz9TuzqgwEYBV8oeFc7oHpgXo7A9f9vzCKrFjJ2GtCK21,,,,,,,,,,,,,,,,,,,,,,,,,,,,read ECONNRESET,258.0,,,,,,,,,,,,,,,,,,,,,,,,,,,,,,,,,,,,,,,,,,,,,,,,,,,2026-01-07 20:02:30.790000+00:00,
2026-01-07T20:02:30.815Z,DIAL_CHECK_START,16Uiu2HAkz9TuzqgwEYBV8oeFc7oHpgXo7A9f9vzCKrFjJ2GtCK21,,,,,,,,,,,,,,,,,,,,,,,,2.0,0.0,403.0,,,,,,,,,,,,,,,,,,,,,,,,,,,,,,,,,,,,,,,,,,,,,,,,,,,,,,2026-01-07 20:02:30.815000+00:00,
2026-01-07T20:02:30.815Z,DIAL_ATTEMPT_START,16Uiu2HAkz9TuzqgwEYBV8oeFc7oHpgXo7A9f9vzCKrFjJ2GtCK21,,,,,,,,,,,,,,,,,,,403.0,,,,1767816150815.0,,,,,,,,,,,,,,,,,,,,,,,,,,,,,,,,,,,,,,,,,,,,,,,,,,,,,,,,,2026-01-07 20:02:30.815000+00:00,
2026-01-07T20:02:30.815Z,DISCOVERY_DIAL_DECISION,16Uiu2HAkz9TuzqgwEYBV8oeFc7oHpgXo7A9f9vzCKrFjJ2GtCK21,,,,,,,,,,,,,,,,,,,,,,,,2.0,0.0,,attempt_dial,,,,,,,,,,,,,,,,,,,,,,,,,,,,,,,,,,,,,,,,,,,,,,,,,,,,,2026-01-07 20:02:30.815000+00:00,
2026-01-07T20:02:31.074Z,DIAL_FAILURE,16Uiu2HAkz9TuzqgwEYBV8oeFc7oHpgXo7A9f9vzCKrFjJ2GtCK21,,,,,,,,,,,,,,,,,,,,,,,,,,,,read ECONNRESET,259.0,,,,,,,,,,,,,,,,,,,,,,,,,,,,,,,,,,,,,,,,,,,,,,,,,,,2026-01-07 20:02:31.074000+00:00,
2026-01-07T20:02:31.106Z,DIAL_CHECK_START,16Uiu2HAmRkhtqtqwnztxKQdxAjiz9t8naLgLqhSEGVsjeki9e83Z,,,,,,,,,,,,,,,,,,,,,,,,2.0,0.0,402.0,,,,,,,,,,,,,,,,,,,,,,,,,,,,,,,,,,,,,,,,,,,,,,,,,,,,,,2026-01-07 20:02:31.106000+00:00,
2026-01-07T20:02:31.106Z,DIAL_ATTEMPT_START,16Uiu2HAmRkhtqtqwnztxKQdxAjiz9t8naLgLqhSEGVsjeki9e83Z,,,,,,,,,,,,,,,,,,,402.0,,,,1767816151106.0,,,,,,,,,,,,,,,,,,,,,,,,,,,,,,,,,,,,,,,,,,,,,,,,,,,,,,,,,2026-01-07 20:02:31.106000+00:00,
2026-01-07T20:02:31.107Z,DISCOVERY_DIAL_DECISION,16Uiu2HAmRkhtqtqwnztxKQdxAjiz9t8naLgLqhSEGVsjeki9e83Z,,,,,,,,,,,,,,,,,,,,,,,,2.0,0.0,,attempt_dial,,,,,,,,,,,,,,,,,,,,,,,,,,,,,,,,,,,,,,,,,,,,,,,,,,,,,2026-01-07 20:02:31.107000+00:00,
2026-01-07T20:02:31.207Z,DIAL_FAILURE,16Uiu2HAmRkhtqtqwnztxKQdxAjiz9t8naLgLqhSEGVsjeki9e83Z,,,,,,,,,,,,,,,,,,,,,,,,,,,,unexpected end of input,101.0,,,,,,,,,,,,,,,,,,,,,,,,,,,,,,,,,,,,,,,,,,,,,,,,,,,2026-01-07 20:02:31.207000+00:00,
2026-01-07T20:02:34.378Z,DIAL_CHECK_START,16Uiu2HAmGQ1CCCjofcimrdkvyqfQQbnbBxdHmw9HuJXWrLydKygs,,,,,,,,,,,,,,,,,,,,,,,,2.0,0.0,401.0,,,,,,,,,,,,,,,,,,,,,,,,,,,,,,,,,,,,,,,,,,,,,,,,,,,,,,2026-01-07 20:02:34.378000+00:00,
2026-01-07T20:02:34.378Z,DIAL_ATTEMPT_START,16Uiu2HAmGQ1CCCjofcimrdkvyqfQQbnbBxdHmw9HuJXWrLydKygs,,,,,,,,,,,,,,,,,,,401.0,,,,1767816154378.0,,,,,,,,,,,,,,,,,,,,,,,,,,,,,,,,,,,,,,,,,,,,,,,,,,,,,,,,,2026-01-07 20:02:34.378000+00:00,
2026-01-07T20:02:34.378Z,DISCOVERY_DIAL_DECISION,16Uiu2HAmGQ1CCCjofcimrdkvyqfQQbnbBxdHmw9HuJXWrLydKygs,,,,,,,,,,,,,,,,,,,,,,,,2.0,0.0,,attempt_dial,,,,,,,,,,,,,,,,,,,,,,,,,,,,,,,,,,,,,,,,,,,,,,,,,,,,,2026-01-07 20:02:34.378000+00:00,
2026-01-07T20:02:34.379Z,DIAL_CHECK_START,16Uiu2HAmGQ1CCCjofcimrdkvyqfQQbnbBxdHmw9HuJXWrLydKygs,,,,,,,,,,,,,,,,,,,,,,,,0.0,0.0,400.0,,,,,,,,,,,,,,,,,,,,,,,,,,,,,,,,,,,,,,,,,,,,,,,,,,,,,,2026-01-07 20:02:34.379000+00:00,
2026-01-07T20:02:34.380Z,DIAL_ATTEMPT_START,16Uiu2HAmGQ1CCCjofcimrdkvyqfQQbnbBxdHmw9HuJXWrLydKygs,,,,,,,,,,,,,,,,,,,400.0,,,,1767816154380.0,,,,,,,,,,,,,,,,,,,,,,,,,,,,,,,,,,,,,,,,,,,,,,,,,,,,,,,,,2026-01-07 20:02:34.380000+00:00,
2026-01-07T20:02:34.380Z,DISCOVERY_DIAL_DECISION,16Uiu2HAmGQ1CCCjofcimrdkvyqfQQbnbBxdHmw9HuJXWrLydKygs,,,,,,,,,,,,,,,,,,,,,,,,0.0,0.0,,attempt_dial,,,,,,,,,,,,,,,,,,,,,,,,,,,,,,,,,,,,,,,,,,,,,,,,,,,,,2026-01-07 20:02:34.380000+00:00,
2026-01-07T20:02:37.314Z,DIAL_CHECK_START,16Uiu2HAkz9TuzqgwEYBV8oeFc7oHpgXo7A9f9vzCKrFjJ2GtCK21,,,,,,,,,,,,,,,,,,,,,,,,2.0,0.0,399.0,,,,,,,,,,,,,,,,,,,,,,,,,,,,,,,,,,,,,,,,,,,,,,,,,,,,,,2026-01-07 20:02:37.314000+00:00,
2026-01-07T20:02:37.314Z,DIAL_ATTEMPT_START,16Uiu2HAkz9TuzqgwEYBV8oeFc7oHpgXo7A9f9vzCKrFjJ2GtCK21,,,,,,,,,,,,,,,,,,,399.0,,,,1767816157314.0,,,,,,,,,,,,,,,,,,,,,,,,,,,,,,,,,,,,,,,,,,,,,,,,,,,,,,,,,2026-01-07 20:02:37.314000+00:00,
2026-01-07T20:02:37.315Z,DISCOVERY_DIAL_DECISION,16Uiu2HAkz9TuzqgwEYBV8oeFc7oHpgXo7A9f9vzCKrFjJ2GtCK21,,,,,,,,,,,,,,,,,,,,,,,,2.0,0.0,,attempt_dial,,,,,,,,,,,,,,,,,,,,,,,,,,,,,,,,,,,,,,,,,,,,,,,,,,,,,2026-01-07 20:02:37.315000+00:00,
2026-01-07T20:02:37.316Z,DIAL_CHECK_START,16Uiu2HAmCUxhhhpjn6intdCX6qV2WPmNNz1wF1KM31QfrZEx5uXM,,,,,,,,,,,,,,,,,,,,,,,,2.0,0.0,398.0,,,,,,,,,,,,,,,,,,,,,,,,,,,,,,,,,,,,,,,,,,,,,,,,,,,,,,2026-01-07 20:02:37.316000+00:00,
2026-01-07T20:02:37.316Z,DIAL_ATTEMPT_START,16Uiu2HAmCUxhhhpjn6intdCX6qV2WPmNNz1wF1KM31QfrZEx5uXM,,,,,,,,,,,,,,,,,,,398.0,,,,1767816157316.0,,,,,,,,,,,,,,,,,,,,,,,,,,,,,,,,,,,,,,,,,,,,,,,,,,,,,,,,,2026-01-07 20:02:37.316000+00:00,
2026-01-07T20:02:37.316Z,DISCOVERY_DIAL_DECISION,16Uiu2HAmCUxhhhpjn6intdCX6qV2WPmNNz1wF1KM31QfrZEx5uXM,,,,,,,,,,,,,,,,,,,,,,,,2.0,0.0,,attempt_dial,,,,,,,,,,,,,,,,,,,,,,,,,,,,,,,,,,,,,,,,,,,,,,,,,,,,,2026-01-07 20:02:37.316000+00:00,
2026-01-07T20:02:37.573Z,DIAL_FAILURE,16Uiu2HAkz9TuzqgwEYBV8oeFc7oHpgXo7A9f9vzCKrFjJ2GtCK21,,,,,,,,,,,,,,,,,,,,,,,,,,,,read ECONNRESET,259.0,,,,,,,,,,,,,,,,,,,,,,,,,,,,,,,,,,,,,,,,,,,,,,,,,,,2026-01-07 20:02:37.573000+00:00,
2026-01-07T20:02:38.374Z,DIAL_SUCCESS,16Uiu2HAmCUxhhhpjn6intdCX6qV2WPmNNz1wF1KM31QfrZEx5uXM,,,,,,,,,,,,,,,,,,,,,,,,,,,,,1058.0,,,,,,,,,,,,,,,,,,,,,,,,,,,,,,,,,,,,,,,,,,,,,,,,,,,2026-01-07 20:02:38.374000+00:00,
2026-01-07T20:02:41.981Z,DIAL_CHECK_START,16Uiu2HAm2jedRSE31o3FtXNKNdFzoZE2JqdZr9hTchWDwAw7LYzP,,,,,,,,,,,,,,,,,,,,,,,,2.0,0.0,397.0,,,,,,,,,,,,,,,,,,,,,,,,,,,,,,,,,,,,,,,,,,,,,,,,,,,,,,2026-01-07 20:02:41.981000+00:00,
2026-01-07T20:02:41.981Z,DIAL_ATTEMPT_START,16Uiu2HAm2jedRSE31o3FtXNKNdFzoZE2JqdZr9hTchWDwAw7LYzP,,,,,,,,,,,,,,,,,,,397.0,,,,1767816161981.0,,,,,,,,,,,,,,,,,,,,,,,,,,,,,,,,,,,,,,,,,,,,,,,,,,,,,,,,,2026-01-07 20:02:41.981000+00:00,
2026-01-07T20:02:41.982Z,DISCOVERY_DIAL_DECISION,16Uiu2HAm2jedRSE31o3FtXNKNdFzoZE2JqdZr9hTchWDwAw7LYzP,,,,,,,,,,,,,,,,,,,,,,,,2.0,0.0,,attempt_dial,,,,,,,,,,,,,,,,,,,,,,,,,,,,,,,,,,,,,,,,,,,,,,,,,,,,,2026-01-07 20:02:41.982000+00:00,
2026-01-07T20:02:43.117Z,DIAL_SUCCESS,16Uiu2HAm2jedRSE31o3FtXNKNdFzoZE2JqdZr9hTchWDwAw7LYzP,,,,,,,,,,,,,,,,,,,,,,,,,,,,,1136.0,,,,,,,,,,,,,,,,,,,,,,,,,,,,,,,,,,,,,,,,,,,,,,,,,,,2026-01-07 20:02:43.117000+00:00,
2026-01-07T20:02:46.289Z,DIAL_CHECK_START,16Uiu2HAmP1UY3gNtrxSe6ZD9ghtspzPd8PVC6nYd8u18jmWwMXJc,,,,,,,,,,,,,,,,,,,,,,,,2.0,0.0,396.0,,,,,,,,,,,,,,,,,,,,,,,,,,,,,,,,,,,,,,,,,,,,,,,,,,,,,,2026-01-07 20:02:46.289000+00:00,
2026-01-07T20:02:46.289Z,DIAL_ATTEMPT_START,16Uiu2HAmP1UY3gNtrxSe6ZD9ghtspzPd8PVC6nYd8u18jmWwMXJc,,,,,,,,,,,,,,,,,,,396.0,,,,1767816166289.0,,,,,,,,,,,,,,,,,,,,,,,,,,,,,,,,,,,,,,,,,,,,,,,,,,,,,,,,,2026-01-07 20:02:46.289000+00:00,
2026-01-07T20:02:46.289Z,DISCOVERY_DIAL_DECISION,16Uiu2HAmP1UY3gNtrxSe6ZD9ghtspzPd8PVC6nYd8u18jmWwMXJc,,,,,,,,,,,,,,,,,,,,,,,,2.0,0.0,,attempt_dial,,,,,,,,,,,,,,,,,,,,,,,,,,,,,,,,,,,,,,,,,,,,,,,,,,,,,2026-01-07 20:02:46.289000+00:00,
2026-01-07T20:02:46.291Z,DIAL_CHECK_START,16Uiu2HAmP1UY3gNtrxSe6ZD9ghtspzPd8PVC6nYd8u18jmWwMXJc,,,,,,,,,,,,,,,,,,,,,,,,0.0,0.0,395.0,,,,,,,,,,,,,,,,,,,,,,,,,,,,,,,,,,,,,,,,,,,,,,,,,,,,,,2026-01-07 20:02:46.291000+00:00,
2026-01-07T20:02:46.291Z,DIAL_ATTEMPT_START,16Uiu2HAmP1UY3gNtrxSe6ZD9ghtspzPd8PVC6nYd8u18jmWwMXJc,,,,,,,,,,,,,,,,,,,395.0,,,,1767816166291.0,,,,,,,,,,,,,,,,,,,,,,,,,,,,,,,,,,,,,,,,,,,,,,,,,,,,,,,,,2026-01-07 20:02:46.291000+00:00,
2026-01-07T20:02:46.291Z,DISCOVERY_DIAL_DECISION,16Uiu2HAmP1UY3gNtrxSe6ZD9ghtspzPd8PVC6nYd8u18jmWwMXJc,,,,,,,,,,,,,,,,,,,,,,,,0.0,0.0,,attempt_dial,,,,,,,,,,,,,,,,,,,,,,,,,,,,,,,,,,,,,,,,,,,,,,,,,,,,,2026-01-07 20:02:46.291000+00:00,
2026-01-07T20:02:47.543Z,DIAL_CHECK_START,16Uiu2HAkz9TuzqgwEYBV8oeFc7oHpgXo7A9f9vzCKrFjJ2GtCK21,,,,,,,,,,,,,,,,,,,,,,,,2.0,0.0,394.0,,,,,,,,,,,,,,,,,,,,,,,,,,,,,,,,,,,,,,,,,,,,,,,,,,,,,,2026-01-07 20:02:47.543000+00:00,
2026-01-07T20:02:47.543Z,DIAL_ATTEMPT_START,16Uiu2HAkz9TuzqgwEYBV8oeFc7oHpgXo7A9f9vzCKrFjJ2GtCK21,,,,,,,,,,,,,,,,,,,394.0,,,,1767816167543.0,,,,,,,,,,,,,,,,,,,,,,,,,,,,,,,,,,,,,,,,,,,,,,,,,,,,,,,,,2026-01-07 20:02:47.543000+00:00,
2026-01-07T20:02:47.543Z,DISCOVERY_DIAL_DECISION,16Uiu2HAkz9TuzqgwEYBV8oeFc7oHpgXo7A9f9vzCKrFjJ2GtCK21,,,,,,,,,,,,,,,,,,,,,,,,2.0,0.0,,attempt_dial,,,,,,,,,,,,,,,,,,,,,,,,,,,,,,,,,,,,,,,,,,,,,,,,,,,,,2026-01-07 20:02:47.543000+00:00,
2026-01-07T20:02:47.801Z,DIAL_FAILURE,16Uiu2HAkz9TuzqgwEYBV8oeFc7oHpgXo7A9f9vzCKrFjJ2GtCK21,,,,,,,,,,,,,,,,,,,,,,,,,,,,read ECONNRESET,258.0,,,,,,,,,,,,,,,,,,,,,,,,,,,,,,,,,,,,,,,,,,,,,,,,,,,2026-01-07 20:02:47.801000+00:00,
2026-01-07T20:02:51.776Z,DIAL_CHECK_START,16Uiu2HAkz9TuzqgwEYBV8oeFc7oHpgXo7A9f9vzCKrFjJ2GtCK21,,,,,,,,,,,,,,,,,,,,,,,,2.0,0.0,393.0,,,,,,,,,,,,,,,,,,,,,,,,,,,,,,,,,,,,,,,,,,,,,,,,,,,,,,2026-01-07 20:02:51.776000+00:00,
2026-01-07T20:02:51.776Z,DIAL_ATTEMPT_START,16Uiu2HAkz9TuzqgwEYBV8oeFc7oHpgXo7A9f9vzCKrFjJ2GtCK21,,,,,,,,,,,,,,,,,,,393.0,,,,1767816171776.0,,,,,,,,,,,,,,,,,,,,,,,,,,,,,,,,,,,,,,,,,,,,,,,,,,,,,,,,,2026-01-07 20:02:51.776000+00:00,
2026-01-07T20:02:51.777Z,DISCOVERY_DIAL_DECISION,16Uiu2HAkz9TuzqgwEYBV8oeFc7oHpgXo7A9f9vzCKrFjJ2GtCK21,,,,,,,,,,,,,,,,,,,,,,,,2.0,0.0,,attempt_dial,,,,,,,,,,,,,,,,,,,,,,,,,,,,,,,,,,,,,,,,,,,,,,,,,,,,,2026-01-07 20:02:51.777000+00:00,
2026-01-07T20:02:51.889Z,DIAL_CHECK_START,16Uiu2HAkyfJsphmNsi3eS8oameBcqqDFc8xT8ScZegNdhNAM8vfa,,,,,,,,,,,,,,,,,,,,,,,,64.0,4.0,392.0,,,,,,,,,,,,,,,,,,,,,,,,,,,,,,,,,,,,,,,,,,,,,,,,,,,,,,2026-01-07 20:02:51.889000+00:00,
2026-01-07T20:02:51.889Z,DIAL_ATTEMPT_START,16Uiu2HAkyfJsphmNsi3eS8oameBcqqDFc8xT8ScZegNdhNAM8vfa,,,,,,,,,,,,,,,,,,,392.0,,,,1767816171889.0,,,,,,,,,,,,,,,,,,,,,,,,,,,,,,,,,,,,,,,,,,,,,,,,,,,,,,,,,2026-01-07 20:02:51.889000+00:00,
2026-01-07T20:02:51.889Z,DISCOVERY_DIAL_DECISION,16Uiu2HAkyfJsphmNsi3eS8oameBcqqDFc8xT8ScZegNdhNAM8vfa,,,,,,,,,,,,,,,,,,,,,,,,64.0,4.0,,attempt_dial,,,,,,,,,,,,,,,,,,,,,,,,,,,,,,,,,,,,,,,,,,,,,,,,,,,,,2026-01-07 20:02:51.889000+00:00,
2026-01-07T20:02:52.036Z,DIAL_FAILURE,16Uiu2HAkz9TuzqgwEYBV8oeFc7oHpgXo7A9f9vzCKrFjJ2GtCK21,,,,,,,,,,,,,,,,,,,,,,,,,,,,read ECONNRESET,260.0,,,,,,,,,,,,,,,,,,,,,,,,,,,,,,,,,,,,,,,,,,,,,,,,,,,2026-01-07 20:02:52.036000+00:00,
2026-01-07T20:02:52.097Z,DIAL_SUCCESS,16Uiu2HAkyfJsphmNsi3eS8oameBcqqDFc8xT8ScZegNdhNAM8vfa,,,,,,,,,,,,,,,,,,,,,,,,,,,,,208.0,,,,,,,,,,,,,,,,,,,,,,,,,,,,,,,,,,,,,,,,,,,,,,,,,,,2026-01-07 20:02:52.097000+00:00,
2026-01-07T20:02:53.356Z,DIAL_CHECK_START,16Uiu2HAmVawXbYdtfRJPLZStFpFErrDRfeLjtUXMsWKo6zULHNYo,,,,,,,,,,,,,,,,,,,,,,,,2.0,0.0,391.0,,,,,,,,,,,,,,,,,,,,,,,,,,,,,,,,,,,,,,,,,,,,,,,,,,,,,,2026-01-07 20:02:53.356000+00:00,
2026-01-07T20:02:53.357Z,DIAL_ATTEMPT_START,16Uiu2HAmVawXbYdtfRJPLZStFpFErrDRfeLjtUXMsWKo6zULHNYo,,,,,,,,,,,,,,,,,,,391.0,,,,1767816173357.0,,,,,,,,,,,,,,,,,,,,,,,,,,,,,,,,,,,,,,,,,,,,,,,,,,,,,,,,,2026-01-07 20:02:53.357000+00:00,
2026-01-07T20:02:53.357Z,DISCOVERY_DIAL_DECISION,16Uiu2HAmVawXbYdtfRJPLZStFpFErrDRfeLjtUXMsWKo6zULHNYo,,,,,,,,,,,,,,,,,,,,,,,,2.0,0.0,,attempt_dial,,,,,,,,,,,,,,,,,,,,,,,,,,,,,,,,,,,,,,,,,,,,,,,,,,,,,2026-01-07 20:02:53.357000+00:00,
2026-01-07T20:02:53.358Z,DIAL_CHECK_START,16Uiu2HAmVawXbYdtfRJPLZStFpFErrDRfeLjtUXMsWKo6zULHNYo,,,,,,,,,,,,,,,,,,,,,,,,0.0,0.0,390.0,,,,,,,,,,,,,,,,,,,,,,,,,,,,,,,,,,,,,,,,,,,,,,,,,,,,,,2026-01-07 20:02:53.358000+00:00,
2026-01-07T20:02:53.358Z,DIAL_ATTEMPT_START,16Uiu2HAmVawXbYdtfRJPLZStFpFErrDRfeLjtUXMsWKo6zULHNYo,,,,,,,,,,,,,,,,,,,390.0,,,,1767816173358.0,,,,,,,,,,,,,,,,,,,,,,,,,,,,,,,,,,,,,,,,,,,,,,,,,,,,,,,,,2026-01-07 20:02:53.358000+00:00,
2026-01-07T20:02:53.358Z,DISCOVERY_DIAL_DECISION,16Uiu2HAmVawXbYdtfRJPLZStFpFErrDRfeLjtUXMsWKo6zULHNYo,,,,,,,,,,,,,,,,,,,,,,,,0.0,0.0,,attempt_dial,,,,,,,,,,,,,,,,,,,,,,,,,,,,,,,,,,,,,,,,,,,,,,,,,,,,,2026-01-07 20:02:53.358000+00:00,
2026-01-07T20:02:54.650Z,DIAL_CHECK_START,16Uiu2HAkz9TuzqgwEYBV8oeFc7oHpgXo7A9f9vzCKrFjJ2GtCK21,,,,,,,,,,,,,,,,,,,,,,,,2.0,0.0,389.0,,,,,,,,,,,,,,,,,,,,,,,,,,,,,,,,,,,,,,,,,,,,,,,,,,,,,,2026-01-07 20:02:54.650000+00:00,
2026-01-07T20:02:54.650Z,DIAL_ATTEMPT_START,16Uiu2HAkz9TuzqgwEYBV8oeFc7oHpgXo7A9f9vzCKrFjJ2GtCK21,,,,,,,,,,,,,,,,,,,389.0,,,,1767816174650.0,,,,,,,,,,,,,,,,,,,,,,,,,,,,,,,,,,,,,,,,,,,,,,,,,,,,,,,,,2026-01-07 20:02:54.650000+00:00,
2026-01-07T20:02:54.650Z,DISCOVERY_DIAL_DECISION,16Uiu2HAkz9TuzqgwEYBV8oeFc7oHpgXo7A9f9vzCKrFjJ2GtCK21,,,,,,,,,,,,,,,,,,,,,,,,2.0,0.0,,attempt_dial,,,,,,,,,,,,,,,,,,,,,,,,,,,,,,,,,,,,,,,,,,,,,,,,,,,,,2026-01-07 20:02:54.650000+00:00,
2026-01-07T20:02:54.908Z,DIAL_FAILURE,16Uiu2HAkz9TuzqgwEYBV8oeFc7oHpgXo7A9f9vzCKrFjJ2GtCK21,,,,,,,,,,,,,,,,,,,,,,,,,,,,read ECONNRESET,258.0,,,,,,,,,,,,,,,,,,,,,,,,,,,,,,,,,,,,,,,,,,,,,,,,,,,2026-01-07 20:02:54.908000+00:00,
2026-01-07T20:02:56.067Z,HEARTBEAT_DISCOVERY_NEEDED,unknown,,,,,,,,205.0,0.0,none,2.0,0.0,8.0,NO,0.0,0.0,9340214.0,9340214.0,,,,,,,,,,,,,,,,,,,,,,,,,,,,,,,,,,,,,,,,,,,,,,,,,,,,,,,,,,,,,,2026-01-07 20:02:56.067000+00:00,
2026-01-07T20:02:56.067Z,DISCOVERY_START,discovery,,,,,,,,,,,,,,,,,,,205.0,"23,50,63,74,86,100,105,118",2.0,,,,,,,,,,,,,,,,,,,,,,,,,,,,,,,,,,,,,,,,,,,,,,,,,,,,,,,,,,,2026-01-07 20:02:56.067000+00:00,
2026-01-07T20:02:56.941Z,DIAL_CHECK_START,16Uiu2HAkz9TuzqgwEYBV8oeFc7oHpgXo7A9f9vzCKrFjJ2GtCK21,,,,,,,,,,,,,,,,,,,,,,,,2.0,0.0,593.0,,,,,,,,,,,,,,,,,,,,,,,,,,,,,,,,,,,,,,,,,,,,,,,,,,,,,,2026-01-07 20:02:56.941000+00:00,
2026-01-07T20:02:56.941Z,DIAL_ATTEMPT_START,16Uiu2HAkz9TuzqgwEYBV8oeFc7oHpgXo7A9f9vzCKrFjJ2GtCK21,,,,,,,,,,,,,,,,,,,593.0,,,,1767816176941.0,,,,,,,,,,,,,,,,,,,,,,,,,,,,,,,,,,,,,,,,,,,,,,,,,,,,,,,,,2026-01-07 20:02:56.941000+00:00,
2026-01-07T20:02:56.941Z,DISCOVERY_DIAL_DECISION,16Uiu2HAkz9TuzqgwEYBV8oeFc7oHpgXo7A9f9vzCKrFjJ2GtCK21,,,,,,,,,,,,,,,,,,,,,,,,2.0,0.0,,attempt_dial,,,,,,,,,,,,,,,,,,,,,,,,,,,,,,,,,,,,,,,,,,,,,,,,,,,,,2026-01-07 20:02:56.941000+00:00,
2026-01-07T20:02:57.070Z,DISCOVERY_FINDNODE_RESULT,unknown,,,,,,,,,,,,,,,,,,,,,,,,,,,,,,,,,,,,,,,,,,,,,,,,,,,,,,,,,,,,,,,,,,,16.0,60007.0,,,,,,,,,,,,2026-01-07 20:02:57.070000+00:00,
2026-01-07T20:02:57.193Z,DIAL_FAILURE,16Uiu2HAkz9TuzqgwEYBV8oeFc7oHpgXo7A9f9vzCKrFjJ2GtCK21,,,,,,,,,,,,,,,,,,,,,,,,,,,,read ECONNRESET,252.0,,,,,,,,,,,,,,,,,,,,,,,,,,,,,,,,,,,,,,,,,,,,,,,,,,,2026-01-07 20:02:57.193000+00:00,
2026-01-07T20:03:26.068Z,HEARTBEAT_DISCOVERY_NEEDED,unknown,,,,,,,,206.0,0.0,none,2.0,0.0,8.0,NO,0.0,0.0,9340217.0,9340217.0,,,,,,,,,,,,,,,,,,,,,,,,,,,,,,,,,,,,,,,,,,,,,,,,,,,,,,,,,,,,,,2026-01-07 20:03:26.068000+00:00,
2026-01-07T20:03:26.068Z,DISCOVERY_START,discovery,,,,,,,,,,,,,,,,,,,206.0,"23,50,63,74,86,100,105,118",2.0,,,,,,,,,,,,,,,,,,,,,,,,,,,,,,,,,,,,,,,,,,,,,,,,,,,,,,,,,,,2026-01-07 20:03:26.068000+00:00,
2026-01-07T20:03:26.068Z,DISCOVERY_FINDNODE_START,unknown,,,,,,,,,,,,,,,,,,,798.0,,,0.0,1767816206068.0,,,,,,,,,,,,,,,,,,,,,,,,,,,,,,,,,,,,,,,,,,,,,,,,,,,,,,,,,2026-01-07 20:03:26.068000+00:00,
2026-01-07T20:03:26.236Z,DIAL_CHECK_START,16Uiu2HAmJdKhnbZCyEzHdGyuvGqEfH2531NVwCYmKoFCSpa9tsJM,,,,,,,,,,,,,,,,,,,,,,,,2.0,0.0,798.0,,,,,,,,,,,,,,,,,,,,,,,,,,,,,,,,,,,,,,,,,,,,,,,,,,,,,,2026-01-07 20:03:26.236000+00:00,
2026-01-07T20:03:26.236Z,DIAL_ATTEMPT_START,16Uiu2HAmJdKhnbZCyEzHdGyuvGqEfH2531NVwCYmKoFCSpa9tsJM,,,,,,,,,,,,,,,,,,,798.0,,,,1767816206236.0,,,,,,,,,,,,,,,,,,,,,,,,,,,,,,,,,,,,,,,,,,,,,,,,,,,,,,,,,2026-01-07 20:03:26.236000+00:00,
2026-01-07T20:03:26.237Z,DISCOVERY_DIAL_DECISION,16Uiu2HAmJdKhnbZCyEzHdGyuvGqEfH2531NVwCYmKoFCSpa9tsJM,,,,,,,,,,,,,,,,,,,,,,,,2.0,0.0,,attempt_dial,,,,,,,,,,,,,,,,,,,,,,,,,,,,,,,,,,,,,,,,,,,,,,,,,,,,,2026-01-07 20:03:26.237000+00:00,
2026-01-07T20:03:26.655Z,DIAL_CHECK_START,16Uiu2HAmUtC8zCPwzsYD8x94kJf78mbcK8kHcd5qbfbfPs67rarB,,,,,,,,,,,,,,,,,,,,,,,,2.0,0.0,797.0,,,,,,,,,,,,,,,,,,,,,,,,,,,,,,,,,,,,,,,,,,,,,,,,,,,,,,2026-01-07 20:03:26.655000+00:00,
2026-01-07T20:03:26.655Z,DIAL_ATTEMPT_START,16Uiu2HAmUtC8zCPwzsYD8x94kJf78mbcK8kHcd5qbfbfPs67rarB,,,,,,,,,,,,,,,,,,,797.0,,,,1767816206655.0,,,,,,,,,,,,,,,,,,,,,,,,,,,,,,,,,,,,,,,,,,,,,,,,,,,,,,,,,2026-01-07 20:03:26.655000+00:00,
2026-01-07T20:03:26.655Z,DISCOVERY_DIAL_DECISION,16Uiu2HAmUtC8zCPwzsYD8x94kJf78mbcK8kHcd5qbfbfPs67rarB,,,,,,,,,,,,,,,,,,,,,,,,2.0,0.0,,attempt_dial,,,,,,,,,,,,,,,,,,,,,,,,,,,,,,,,,,,,,,,,,,,,,,,,,,,,,2026-01-07 20:03:26.655000+00:00,
2026-01-07T20:03:26.656Z,DIAL_CHECK_START,16Uiu2HAmSgi3DMRS4oJPzRPeSYmtww43arTi6e9ipHBuzG738WEq,,,,,,,,,,,,,,,,,,,,,,,,2.0,0.0,796.0,,,,,,,,,,,,,,,,,,,,,,,,,,,,,,,,,,,,,,,,,,,,,,,,,,,,,,2026-01-07 20:03:26.656000+00:00,
2026-01-07T20:03:26.656Z,DIAL_ATTEMPT_START,16Uiu2HAmSgi3DMRS4oJPzRPeSYmtww43arTi6e9ipHBuzG738WEq,,,,,,,,,,,,,,,,,,,796.0,,,,1767816206656.0,,,,,,,,,,,,,,,,,,,,,,,,,,,,,,,,,,,,,,,,,,,,,,,,,,,,,,,,,2026-01-07 20:03:26.656000+00:00,
2026-01-07T20:03:26.656Z,DISCOVERY_DIAL_DECISION,16Uiu2HAmSgi3DMRS4oJPzRPeSYmtww43arTi6e9ipHBuzG738WEq,,,,,,,,,,,,,,,,,,,,,,,,2.0,0.0,,attempt_dial,,,,,,,,,,,,,,,,,,,,,,,,,,,,,,,,,,,,,,,,,,,,,,,,,,,,,2026-01-07 20:03:26.656000+00:00,
2026-01-07T20:03:26.657Z,DIAL_CHECK_START,16Uiu2HAmUtC8zCPwzsYD8x94kJf78mbcK8kHcd5qbfbfPs67rarB,,,,,,,,,,,,,,,,,,,,,,,,0.0,0.0,795.0,,,,,,,,,,,,,,,,,,,,,,,,,,,,,,,,,,,,,,,,,,,,,,,,,,,,,,2026-01-07 20:03:26.657000+00:00,
2026-01-07T20:03:26.657Z,DIAL_ATTEMPT_START,16Uiu2HAmUtC8zCPwzsYD8x94kJf78mbcK8kHcd5qbfbfPs67rarB,,,,,,,,,,,,,,,,,,,795.0,,,,1767816206657.0,,,,,,,,,,,,,,,,,,,,,,,,,,,,,,,,,,,,,,,,,,,,,,,,,,,,,,,,,2026-01-07 20:03:26.657000+00:00,
2026-01-07T20:03:26.657Z,DISCOVERY_DIAL_DECISION,16Uiu2HAmUtC8zCPwzsYD8x94kJf78mbcK8kHcd5qbfbfPs67rarB,,,,,,,,,,,,,,,,,,,,,,,,0.0,0.0,,attempt_dial,,,,,,,,,,,,,,,,,,,,,,,,,,,,,,,,,,,,,,,,,,,,,,,,,,,,,2026-01-07 20:03:26.657000+00:00,
2026-01-07T20:03:27.011Z,DIAL_SUCCESS,16Uiu2HAmUtC8zCPwzsYD8x94kJf78mbcK8kHcd5qbfbfPs67rarB,,,,,,,,,,,,,,,,,,,,,,,,,,,,,354.0,,,,,,,,,,,,,,,,,,,,,,,,,,,,,,,,,,,,,,,,,,,,,,,,,,,2026-01-07 20:03:27.011000+00:00,
2026-01-07T20:03:27.011Z,DIAL_SUCCESS,16Uiu2HAmUtC8zCPwzsYD8x94kJf78mbcK8kHcd5qbfbfPs67rarB,,,,,,,,,,,,,,,,,,,,,,,,,,,,,356.0,,,,,,,,,,,,,,,,,,,,,,,,,,,,,,,,,,,,,,,,,,,,,,,,,,,2026-01-07 20:03:27.011000+00:00,
2026-01-07T20:03:27.333Z,DIAL_CHECK_START,16Uiu2HAmSYQo1eEWDRuoC2vGeXdaU5cPz1MVGRAZMQTs5d9zcYUA,,,,,,,,,,,,,,,,,,,,,,,,2.0,0.0,794.0,,,,,,,,,,,,,,,,,,,,,,,,,,,,,,,,,,,,,,,,,,,,,,,,,,,,,,2026-01-07 20:03:27.333000+00:00,
2026-01-07T20:03:27.333Z,DIAL_ATTEMPT_START,16Uiu2HAmSYQo1eEWDRuoC2vGeXdaU5cPz1MVGRAZMQTs5d9zcYUA,,,,,,,,,,,,,,,,,,,794.0,,,,1767816207333.0,,,,,,,,,,,,,,,,,,,,,,,,,,,,,,,,,,,,,,,,,,,,,,,,,,,,,,,,,2026-01-07 20:03:27.333000+00:00,
2026-01-07T20:03:27.333Z,DISCOVERY_DIAL_DECISION,16Uiu2HAmSYQo1eEWDRuoC2vGeXdaU5cPz1MVGRAZMQTs5d9zcYUA,,,,,,,,,,,,,,,,,,,,,,,,2.0,0.0,,attempt_dial,,,,,,,,,,,,,,,,,,,,,,,,,,,,,,,,,,,,,,,,,,,,,,,,,,,,,2026-01-07 20:03:27.333000+00:00,
2026-01-07T20:03:27.334Z,DIAL_CHECK_START,16Uiu2HAmSnMSUbNhcZUxCqyUs2mZGBP9XSCfTC3zn9PmDiYd7eJp,,,,,,,,,,,,,,,,,,,,,,,,2.0,0.0,793.0,,,,,,,,,,,,,,,,,,,,,,,,,,,,,,,,,,,,,,,,,,,,,,,,,,,,,,2026-01-07 20:03:27.334000+00:00,
2026-01-07T20:03:27.334Z,DIAL_ATTEMPT_START,16Uiu2HAmSnMSUbNhcZUxCqyUs2mZGBP9XSCfTC3zn9PmDiYd7eJp,,,,,,,,,,,,,,,,,,,793.0,,,,1767816207334.0,,,,,,,,,,,,,,,,,,,,,,,,,,,,,,,,,,,,,,,,,,,,,,,,,,,,,,,,,2026-01-07 20:03:27.334000+00:00,
2026-01-07T20:03:27.334Z,DISCOVERY_DIAL_DECISION,16Uiu2HAmSnMSUbNhcZUxCqyUs2mZGBP9XSCfTC3zn9PmDiYd7eJp,,,,,,,,,,,,,,,,,,,,,,,,2.0,0.0,,attempt_dial,,,,,,,,,,,,,,,,,,,,,,,,,,,,,,,,,,,,,,,,,,,,,,,,,,,,,2026-01-07 20:03:27.334000+00:00,
2026-01-07T20:03:27.338Z,DIAL_CHECK_START,16Uiu2HAmSnMSUbNhcZUxCqyUs2mZGBP9XSCfTC3zn9PmDiYd7eJp,,,,,,,,,,,,,,,,,,,,,,,,0.0,0.0,792.0,,,,,,,,,,,,,,,,,,,,,,,,,,,,,,,,,,,,,,,,,,,,,,,,,,,,,,2026-01-07 20:03:27.338000+00:00,
2026-01-07T20:03:27.338Z,DIAL_ATTEMPT_START,16Uiu2HAmSnMSUbNhcZUxCqyUs2mZGBP9XSCfTC3zn9PmDiYd7eJp,,,,,,,,,,,,,,,,,,,792.0,,,,1767816207338.0,,,,,,,,,,,,,,,,,,,,,,,,,,,,,,,,,,,,,,,,,,,,,,,,,,,,,,,,,2026-01-07 20:03:27.338000+00:00,
2026-01-07T20:03:27.338Z,DISCOVERY_DIAL_DECISION,16Uiu2HAmSnMSUbNhcZUxCqyUs2mZGBP9XSCfTC3zn9PmDiYd7eJp,,,,,,,,,,,,,,,,,,,,,,,,0.0,0.0,,attempt_dial,,,,,,,,,,,,,,,,,,,,,,,,,,,,,,,,,,,,,,,,,,,,,,,,,,,,,2026-01-07 20:03:27.338000+00:00,
2026-01-07T20:03:27.476Z,DIAL_CHECK_START,16Uiu2HAkxocuT6N3UrrGTC7Bze2sgKaruL9nTdAyjgjXdfk841yt,,,,,,,,,,,,,,,,,,,,,,,,2.0,0.0,791.0,,,,,,,,,,,,,,,,,,,,,,,,,,,,,,,,,,,,,,,,,,,,,,,,,,,,,,2026-01-07 20:03:27.476000+00:00,
2026-01-07T20:03:27.476Z,DIAL_ATTEMPT_START,16Uiu2HAkxocuT6N3UrrGTC7Bze2sgKaruL9nTdAyjgjXdfk841yt,,,,,,,,,,,,,,,,,,,791.0,,,,1767816207476.0,,,,,,,,,,,,,,,,,,,,,,,,,,,,,,,,,,,,,,,,,,,,,,,,,,,,,,,,,2026-01-07 20:03:27.476000+00:00,
2026-01-07T20:03:27.476Z,DISCOVERY_DIAL_DECISION,16Uiu2HAkxocuT6N3UrrGTC7Bze2sgKaruL9nTdAyjgjXdfk841yt,,,,,,,,,,,,,,,,,,,,,,,,2.0,0.0,,attempt_dial,,,,,,,,,,,,,,,,,,,,,,,,,,,,,,,,,,,,,,,,,,,,,,,,,,,,,2026-01-07 20:03:27.476000+00:00,
2026-01-07T20:03:27.507Z,DIAL_SUCCESS,16Uiu2HAmSnMSUbNhcZUxCqyUs2mZGBP9XSCfTC3zn9PmDiYd7eJp,,,,,,,,,,,,,,,,,,,,,,,,,,,,,169.0,,,,,,,,,,,,,,,,,,,,,,,,,,,,,,,,,,,,,,,,,,,,,,,,,,,2026-01-07 20:03:27.507000+00:00,
2026-01-07T20:03:27.507Z,DIAL_SUCCESS,16Uiu2HAmSnMSUbNhcZUxCqyUs2mZGBP9XSCfTC3zn9PmDiYd7eJp,,,,,,,,,,,,,,,,,,,,,,,,,,,,,173.0,,,,,,,,,,,,,,,,,,,,,,,,,,,,,,,,,,,,,,,,,,,,,,,,,,,2026-01-07 20:03:27.507000+00:00,
2026-01-07T20:03:27.871Z,DIAL_SUCCESS,16Uiu2HAmSYQo1eEWDRuoC2vGeXdaU5cPz1MVGRAZMQTs5d9zcYUA,,,,,,,,,,,,,,,,,,,,,,,,,,,,,538.0,,,,,,,,,,,,,,,,,,,,,,,,,,,,,,,,,,,,,,,,,,,,,,,,,,,2026-01-07 20:03:27.871000+00:00,
2026-01-07T20:03:28.020Z,DIAL_SUCCESS,16Uiu2HAkxocuT6N3UrrGTC7Bze2sgKaruL9nTdAyjgjXdfk841yt,,,,,,,,,,,,,,,,,,,,,,,,,,,,,544.0,,,,,,,,,,,,,,,,,,,,,,,,,,,,,,,,,,,,,,,,,,,,,,,,,,,2026-01-07 20:03:28.020000+00:00,
2026-01-07T20:03:28.050Z,DIAL_CHECK_START,16Uiu2HAm41Y2Qrq7ibCHt9NJzv5LhmAAT6HD48siqkmT8YvT2ifd,,,,,,,,,,,,,,,,,,,,,,,,64.0,4.0,790.0,,,,,,,,,,,,,,,,,,,,,,,,,,,,,,,,,,,,,,,,,,,,,,,,,,,,,,2026-01-07 20:03:28.050000+00:00,
2026-01-07T20:03:28.050Z,DIAL_ATTEMPT_START,16Uiu2HAm41Y2Qrq7ibCHt9NJzv5LhmAAT6HD48siqkmT8YvT2ifd,,,,,,,,,,,,,,,,,,,790.0,,,,1767816208050.0,,,,,,,,,,,,,,,,,,,,,,,,,,,,,,,,,,,,,,,,,,,,,,,,,,,,,,,,,2026-01-07 20:03:28.050000+00:00,
2026-01-07T20:03:28.050Z,DISCOVERY_DIAL_DECISION,16Uiu2HAm41Y2Qrq7ibCHt9NJzv5LhmAAT6HD48siqkmT8YvT2ifd,,,,,,,,,,,,,,,,,,,,,,,,64.0,4.0,,attempt_dial,,,,,,,,,,,,,,,,,,,,,,,,,,,,,,,,,,,,,,,,,,,,,,,,,,,,,2026-01-07 20:03:28.050000+00:00,
2026-01-07T20:03:28.163Z,DIAL_SUCCESS,16Uiu2HAmJdKhnbZCyEzHdGyuvGqEfH2531NVwCYmKoFCSpa9tsJM,,,,,,,,,,,,,,,,,,,,,,,,,,,,,1927.0,,,,,,,,,,,,,,,,,,,,,,,,,,,,,,,,,,,,,,,,,,,,,,,,,,,2026-01-07 20:03:28.163000+00:00,
2026-01-07T20:03:28.544Z,DIAL_SUCCESS,16Uiu2HAm41Y2Qrq7ibCHt9NJzv5LhmAAT6HD48siqkmT8YvT2ifd,,,,,,,,,,,,,,,,,,,,,,,,,,,,,494.0,,,,,,,,,,,,,,,,,,,,,,,,,,,,,,,,,,,,,,,,,,,,,,,,,,,2026-01-07 20:03:28.544000+00:00,
2026-01-07T20:03:28.673Z,DIAL_CHECK_START,16Uiu2HAm3UpcWHgJq2CGSwYqz7ASCj6mnfiFZrizWrDoEnBqzXMM,,,,,,,,,,,,,,,,,,,,,,,,2.0,0.0,789.0,,,,,,,,,,,,,,,,,,,,,,,,,,,,,,,,,,,,,,,,,,,,,,,,,,,,,,2026-01-07 20:03:28.673000+00:00,
2026-01-07T20:03:28.673Z,DIAL_ATTEMPT_START,16Uiu2HAm3UpcWHgJq2CGSwYqz7ASCj6mnfiFZrizWrDoEnBqzXMM,,,,,,,,,,,,,,,,,,,789.0,,,,1767816208673.0,,,,,,,,,,,,,,,,,,,,,,,,,,,,,,,,,,,,,,,,,,,,,,,,,,,,,,,,,2026-01-07 20:03:28.673000+00:00,
2026-01-07T20:03:28.673Z,DISCOVERY_DIAL_DECISION,16Uiu2HAm3UpcWHgJq2CGSwYqz7ASCj6mnfiFZrizWrDoEnBqzXMM,,,,,,,,,,,,,,,,,,,,,,,,2.0,0.0,,attempt_dial,,,,,,,,,,,,,,,,,,,,,,,,,,,,,,,,,,,,,,,,,,,,,,,,,,,,,2026-01-07 20:03:28.673000+00:00,
2026-01-07T20:03:28.674Z,DIAL_CHECK_START,16Uiu2HAm3UpcWHgJq2CGSwYqz7ASCj6mnfiFZrizWrDoEnBqzXMM,,,,,,,,,,,,,,,,,,,,,,,,0.0,0.0,788.0,,,,,,,,,,,,,,,,,,,,,,,,,,,,,,,,,,,,,,,,,,,,,,,,,,,,,,2026-01-07 20:03:28.674000+00:00,
2026-01-07T20:03:28.674Z,DIAL_ATTEMPT_START,16Uiu2HAm3UpcWHgJq2CGSwYqz7ASCj6mnfiFZrizWrDoEnBqzXMM,,,,,,,,,,,,,,,,,,,788.0,,,,1767816208674.0,,,,,,,,,,,,,,,,,,,,,,,,,,,,,,,,,,,,,,,,,,,,,,,,,,,,,,,,,2026-01-07 20:03:28.674000+00:00,
2026-01-07T20:03:28.674Z,DISCOVERY_DIAL_DECISION,16Uiu2HAm3UpcWHgJq2CGSwYqz7ASCj6mnfiFZrizWrDoEnBqzXMM,,,,,,,,,,,,,,,,,,,,,,,,0.0,0.0,,attempt_dial,,,,,,,,,,,,,,,,,,,,,,,,,,,,,,,,,,,,,,,,,,,,,,,,,,,,,2026-01-07 20:03:28.674000+00:00,
2026-01-07T20:03:29.144Z,DIAL_CHECK_START,16Uiu2HAmKyJq4bJFdFxxNiMVXmtCz1fzU9D2EW8w4F9yBKvp1bSQ,,,,,,,,,,,,,,,,,,,,,,,,2.0,0.0,787.0,,,,,,,,,,,,,,,,,,,,,,,,,,,,,,,,,,,,,,,,,,,,,,,,,,,,,,2026-01-07 20:03:29.144000+00:00,
2026-01-07T20:03:29.144Z,DIAL_ATTEMPT_START,16Uiu2HAmKyJq4bJFdFxxNiMVXmtCz1fzU9D2EW8w4F9yBKvp1bSQ,,,,,,,,,,,,,,,,,,,787.0,,,,1767816209144.0,,,,,,,,,,,,,,,,,,,,,,,,,,,,,,,,,,,,,,,,,,,,,,,,,,,,,,,,,2026-01-07 20:03:29.144000+00:00,
2026-01-07T20:03:29.144Z,DISCOVERY_DIAL_DECISION,16Uiu2HAmKyJq4bJFdFxxNiMVXmtCz1fzU9D2EW8w4F9yBKvp1bSQ,,,,,,,,,,,,,,,,,,,,,,,,2.0,0.0,,attempt_dial,,,,,,,,,,,,,,,,,,,,,,,,,,,,,,,,,,,,,,,,,,,,,,,,,,,,,2026-01-07 20:03:29.144000+00:00,
2026-01-07T20:03:29.149Z,DIAL_SUCCESS,16Uiu2HAm3UpcWHgJq2CGSwYqz7ASCj6mnfiFZrizWrDoEnBqzXMM,,,,,,,,,,,,,,,,,,,,,,,,,,,,,475.0,,,,,,,,,,,,,,,,,,,,,,,,,,,,,,,,,,,,,,,,,,,,,,,,,,,2026-01-07 20:03:29.149000+00:00,
2026-01-07T20:03:29.149Z,DIAL_SUCCESS,16Uiu2HAm3UpcWHgJq2CGSwYqz7ASCj6mnfiFZrizWrDoEnBqzXMM,,,,,,,,,,,,,,,,,,,,,,,,,,,,,476.0,,,,,,,,,,,,,,,,,,,,,,,,,,,,,,,,,,,,,,,,,,,,,,,,,,,2026-01-07 20:03:29.149000+00:00,
2026-01-07T20:03:29.386Z,DIAL_FAILURE,16Uiu2HAmKyJq4bJFdFxxNiMVXmtCz1fzU9D2EW8w4F9yBKvp1bSQ,,,,,,,,,,,,,,,,,,,,,,,,,,,,read ECONNRESET,242.0,,,,,,,,,,,,,,,,,,,,,,,,,,,,,,,,,,,,,,,,,,,,,,,,,,,2026-01-07 20:03:29.386000+00:00,
2026-01-07T20:03:29.418Z,DIAL_CHECK_START,16Uiu2HAm3VHF69iB5YJLxxbbtSbYEc2tL4emjVYfxtg5pSSjmYgk,,,,,,,,,,,,,,,,,,,,,,,,2.0,0.0,786.0,,,,,,,,,,,,,,,,,,,,,,,,,,,,,,,,,,,,,,,,,,,,,,,,,,,,,,2026-01-07 20:03:29.418000+00:00,
2026-01-07T20:03:29.418Z,DIAL_ATTEMPT_START,16Uiu2HAm3VHF69iB5YJLxxbbtSbYEc2tL4emjVYfxtg5pSSjmYgk,,,,,,,,,,,,,,,,,,,786.0,,,,1767816209418.0,,,,,,,,,,,,,,,,,,,,,,,,,,,,,,,,,,,,,,,,,,,,,,,,,,,,,,,,,2026-01-07 20:03:29.418000+00:00,
2026-01-07T20:03:29.419Z,DISCOVERY_DIAL_DECISION,16Uiu2HAm3VHF69iB5YJLxxbbtSbYEc2tL4emjVYfxtg5pSSjmYgk,,,,,,,,,,,,,,,,,,,,,,,,2.0,0.0,,attempt_dial,,,,,,,,,,,,,,,,,,,,,,,,,,,,,,,,,,,,,,,,,,,,,,,,,,,,,2026-01-07 20:03:29.419000+00:00,
2026-01-07T20:03:29.419Z,DIAL_CHECK_START,16Uiu2HAm3VHF69iB5YJLxxbbtSbYEc2tL4emjVYfxtg5pSSjmYgk,,,,,,,,,,,,,,,,,,,,,,,,0.0,0.0,785.0,,,,,,,,,,,,,,,,,,,,,,,,,,,,,,,,,,,,,,,,,,,,,,,,,,,,,,2026-01-07 20:03:29.419000+00:00,
2026-01-07T20:03:29.419Z,DIAL_ATTEMPT_START,16Uiu2HAm3VHF69iB5YJLxxbbtSbYEc2tL4emjVYfxtg5pSSjmYgk,,,,,,,,,,,,,,,,,,,785.0,,,,1767816209419.0,,,,,,,,,,,,,,,,,,,,,,,,,,,,,,,,,,,,,,,,,,,,,,,,,,,,,,,,,2026-01-07 20:03:29.419000+00:00,
2026-01-07T20:03:29.420Z,DISCOVERY_DIAL_DECISION,16Uiu2HAm3VHF69iB5YJLxxbbtSbYEc2tL4emjVYfxtg5pSSjmYgk,,,,,,,,,,,,,,,,,,,,,,,,0.0,0.0,,attempt_dial,,,,,,,,,,,,,,,,,,,,,,,,,,,,,,,,,,,,,,,,,,,,,,,,,,,,,2026-01-07 20:03:29.420000+00:00,
2026-01-07T20:03:39.274Z,DIAL_CHECK_START,16Uiu2HAmKJzuPRRKhQbK27Gxo7xPAFKQ6egLL8YimW4RYj86diVp,,,,,,,,,,,,,,,,,,,,,,,,2.0,0.0,784.0,,,,,,,,,,,,,,,,,,,,,,,,,,,,,,,,,,,,,,,,,,,,,,,,,,,,,,2026-01-07 20:03:39.274000+00:00,
2026-01-07T20:03:39.274Z,DIAL_ATTEMPT_START,16Uiu2HAmKJzuPRRKhQbK27Gxo7xPAFKQ6egLL8YimW4RYj86diVp,,,,,,,,,,,,,,,,,,,784.0,,,,1767816219274.0,,,,,,,,,,,,,,,,,,,,,,,,,,,,,,,,,,,,,,,,,,,,,,,,,,,,,,,,,2026-01-07 20:03:39.274000+00:00,
2026-01-07T20:03:39.275Z,DISCOVERY_DIAL_DECISION,16Uiu2HAmKJzuPRRKhQbK27Gxo7xPAFKQ6egLL8YimW4RYj86diVp,,,,,,,,,,,,,,,,,,,,,,,,2.0,0.0,,attempt_dial,,,,,,,,,,,,,,,,,,,,,,,,,,,,,,,,,,,,,,,,,,,,,,,,,,,,,2026-01-07 20:03:39.275000+00:00,
2026-01-07T20:03:39.276Z,DIAL_CHECK_START,16Uiu2HAmKJzuPRRKhQbK27Gxo7xPAFKQ6egLL8YimW4RYj86diVp,,,,,,,,,,,,,,,,,,,,,,,,0.0,0.0,783.0,,,,,,,,,,,,,,,,,,,,,,,,,,,,,,,,,,,,,,,,,,,,,,,,,,,,,,2026-01-07 20:03:39.276000+00:00,
2026-01-07T20:03:39.276Z,DIAL_ATTEMPT_START,16Uiu2HAmKJzuPRRKhQbK27Gxo7xPAFKQ6egLL8YimW4RYj86diVp,,,,,,,,,,,,,,,,,,,783.0,,,,1767816219276.0,,,,,,,,,,,,,,,,,,,,,,,,,,,,,,,,,,,,,,,,,,,,,,,,,,,,,,,,,2026-01-07 20:03:39.276000+00:00,
2026-01-07T20:03:39.276Z,DISCOVERY_DIAL_DECISION,16Uiu2HAmKJzuPRRKhQbK27Gxo7xPAFKQ6egLL8YimW4RYj86diVp,,,,,,,,,,,,,,,,,,,,,,,,0.0,0.0,,attempt_dial,,,,,,,,,,,,,,,,,,,,,,,,,,,,,,,,,,,,,,,,,,,,,,,,,,,,,2026-01-07 20:03:39.276000+00:00,
2026-01-07T20:03:39.673Z,DIAL_SUCCESS,16Uiu2HAmKJzuPRRKhQbK27Gxo7xPAFKQ6egLL8YimW4RYj86diVp,,,,,,,,,,,,,,,,,,,,,,,,,,,,,397.0,,,,,,,,,,,,,,,,,,,,,,,,,,,,,,,,,,,,,,,,,,,,,,,,,,,2026-01-07 20:03:39.673000+00:00,
2026-01-07T20:03:39.673Z,DIAL_SUCCESS,16Uiu2HAmKJzuPRRKhQbK27Gxo7xPAFKQ6egLL8YimW4RYj86diVp,,,,,,,,,,,,,,,,,,,,,,,,,,,,,399.0,,,,,,,,,,,,,,,,,,,,,,,,,,,,,,,,,,,,,,,,,,,,,,,,,,,2026-01-07 20:03:39.673000+00:00,
2026-01-07T20:03:40.658Z,DIAL_CHECK_START,16Uiu2HAmD3hCySGXKiSEfQB6ebs1GEZoPdWi33oGWjCc9Vzh8Xfg,,,,,,,,,,,,,,,,,,,,,,,,2.0,0.0,782.0,,,,,,,,,,,,,,,,,,,,,,,,,,,,,,,,,,,,,,,,,,,,,,,,,,,,,,2026-01-07 20:03:40.658000+00:00,
2026-01-07T20:03:40.658Z,DIAL_ATTEMPT_START,16Uiu2HAmD3hCySGXKiSEfQB6ebs1GEZoPdWi33oGWjCc9Vzh8Xfg,,,,,,,,,,,,,,,,,,,782.0,,,,1767816220658.0,,,,,,,,,,,,,,,,,,,,,,,,,,,,,,,,,,,,,,,,,,,,,,,,,,,,,,,,,2026-01-07 20:03:40.658000+00:00,
2026-01-07T20:03:40.658Z,DISCOVERY_DIAL_DECISION,16Uiu2HAmD3hCySGXKiSEfQB6ebs1GEZoPdWi33oGWjCc9Vzh8Xfg,,,,,,,,,,,,,,,,,,,,,,,,2.0,0.0,,attempt_dial,,,,,,,,,,,,,,,,,,,,,,,,,,,,,,,,,,,,,,,,,,,,,,,,,,,,,2026-01-07 20:03:40.658000+00:00,
2026-01-07T20:03:40.659Z,DIAL_CHECK_START,16Uiu2HAmD3hCySGXKiSEfQB6ebs1GEZoPdWi33oGWjCc9Vzh8Xfg,,,,,,,,,,,,,,,,,,,,,,,,0.0,0.0,781.0,,,,,,,,,,,,,,,,,,,,,,,,,,,,,,,,,,,,,,,,,,,,,,,,,,,,,,2026-01-07 20:03:40.659000+00:00,
2026-01-07T20:03:40.659Z,DIAL_ATTEMPT_START,16Uiu2HAmD3hCySGXKiSEfQB6ebs1GEZoPdWi33oGWjCc9Vzh8Xfg,,,,,,,,,,,,,,,,,,,781.0,,,,1767816220659.0,,,,,,,,,,,,,,,,,,,,,,,,,,,,,,,,,,,,,,,,,,,,,,,,,,,,,,,,,2026-01-07 20:03:40.659000+00:00,
2026-01-07T20:03:40.660Z,DISCOVERY_DIAL_DECISION,16Uiu2HAmD3hCySGXKiSEfQB6ebs1GEZoPdWi33oGWjCc9Vzh8Xfg,,,,,,,,,,,,,,,,,,,,,,,,0.0,0.0,,attempt_dial,,,,,,,,,,,,,,,,,,,,,,,,,,,,,,,,,,,,,,,,,,,,,,,,,,,,,2026-01-07 20:03:40.660000+00:00,
2026-01-07T20:03:40.790Z,DIAL_CHECK_START,16Uiu2HAmKJzuPRRKhQbK27Gxo7xPAFKQ6egLL8YimW4RYj86diVp,,,,,,,,,,,,,,,,,,,,,,,,2.0,0.0,780.0,,,,,,,,,,,,,,,,,,,,,,,,,,,,,,,,,,,,,,,,,,,,,,,,,,,,,,2026-01-07 20:03:40.790000+00:00,
2026-01-07T20:03:40.790Z,DIAL_ATTEMPT_START,16Uiu2HAmKJzuPRRKhQbK27Gxo7xPAFKQ6egLL8YimW4RYj86diVp,,,,,,,,,,,,,,,,,,,780.0,,,,1767816220790.0,,,,,,,,,,,,,,,,,,,,,,,,,,,,,,,,,,,,,,,,,,,,,,,,,,,,,,,,,2026-01-07 20:03:40.790000+00:00,
2026-01-07T20:03:40.790Z,DISCOVERY_DIAL_DECISION,16Uiu2HAmKJzuPRRKhQbK27Gxo7xPAFKQ6egLL8YimW4RYj86diVp,,,,,,,,,,,,,,,,,,,,,,,,2.0,0.0,,attempt_dial,,,,,,,,,,,,,,,,,,,,,,,,,,,,,,,,,,,,,,,,,,,,,,,,,,,,,2026-01-07 20:03:40.790000+00:00,
2026-01-07T20:03:40.825Z,DIAL_SUCCESS,16Uiu2HAmD3hCySGXKiSEfQB6ebs1GEZoPdWi33oGWjCc9Vzh8Xfg,,,,,,,,,,,,,,,,,,,,,,,,,,,,,166.0,,,,,,,,,,,,,,,,,,,,,,,,,,,,,,,,,,,,,,,,,,,,,,,,,,,2026-01-07 20:03:40.825000+00:00,
2026-01-07T20:03:40.825Z,DIAL_SUCCESS,16Uiu2HAmD3hCySGXKiSEfQB6ebs1GEZoPdWi33oGWjCc9Vzh8Xfg,,,,,,,,,,,,,,,,,,,,,,,,,,,,,167.0,,,,,,,,,,,,,,,,,,,,,,,,,,,,,,,,,,,,,,,,,,,,,,,,,,,2026-01-07 20:03:40.825000+00:00,
2026-01-07T20:03:41.189Z,DIAL_SUCCESS,16Uiu2HAmKJzuPRRKhQbK27Gxo7xPAFKQ6egLL8YimW4RYj86diVp,,,,,,,,,,,,,,,,,,,,,,,,,,,,,399.0,,,,,,,,,,,,,,,,,,,,,,,,,,,,,,,,,,,,,,,,,,,,,,,,,,,2026-01-07 20:03:41.189000+00:00,
2026-01-07T20:03:42.158Z,DIAL_CHECK_START,16Uiu2HAmKJzuPRRKhQbK27Gxo7xPAFKQ6egLL8YimW4RYj86diVp,,,,,,,,,,,,,,,,,,,,,,,,2.0,0.0,779.0,,,,,,,,,,,,,,,,,,,,,,,,,,,,,,,,,,,,,,,,,,,,,,,,,,,,,,2026-01-07 20:03:42.158000+00:00,
2026-01-07T20:03:42.158Z,DIAL_ATTEMPT_START,16Uiu2HAmKJzuPRRKhQbK27Gxo7xPAFKQ6egLL8YimW4RYj86diVp,,,,,,,,,,,,,,,,,,,779.0,,,,1767816222158.0,,,,,,,,,,,,,,,,,,,,,,,,,,,,,,,,,,,,,,,,,,,,,,,,,,,,,,,,,2026-01-07 20:03:42.158000+00:00,
2026-01-07T20:03:42.158Z,DISCOVERY_DIAL_DECISION,16Uiu2HAmKJzuPRRKhQbK27Gxo7xPAFKQ6egLL8YimW4RYj86diVp,,,,,,,,,,,,,,,,,,,,,,,,2.0,0.0,,attempt_dial,,,,,,,,,,,,,,,,,,,,,,,,,,,,,,,,,,,,,,,,,,,,,,,,,,,,,2026-01-07 20:03:42.158000+00:00,
2026-01-07T20:03:42.584Z,DIAL_SUCCESS,16Uiu2HAmKJzuPRRKhQbK27Gxo7xPAFKQ6egLL8YimW4RYj86diVp,,,,,,,,,,,,,,,,,,,,,,,,,,,,,426.0,,,,,,,,,,,,,,,,,,,,,,,,,,,,,,,,,,,,,,,,,,,,,,,,,,,2026-01-07 20:03:42.584000+00:00,
2026-01-07T20:03:47.386Z,DIAL_CHECK_START,16Uiu2HAm485hpaXfMMUCCvpd4xqXXkvWPMmDU8NbicLUxbNDhFWr,,,,,,,,,,,,,,,,,,,,,,,,2.0,0.0,778.0,,,,,,,,,,,,,,,,,,,,,,,,,,,,,,,,,,,,,,,,,,,,,,,,,,,,,,2026-01-07 20:03:47.386000+00:00,
2026-01-07T20:03:47.386Z,DIAL_ATTEMPT_START,16Uiu2HAm485hpaXfMMUCCvpd4xqXXkvWPMmDU8NbicLUxbNDhFWr,,,,,,,,,,,,,,,,,,,778.0,,,,1767816227386.0,,,,,,,,,,,,,,,,,,,,,,,,,,,,,,,,,,,,,,,,,,,,,,,,,,,,,,,,,2026-01-07 20:03:47.386000+00:00,
2026-01-07T20:03:47.386Z,DISCOVERY_DIAL_DECISION,16Uiu2HAm485hpaXfMMUCCvpd4xqXXkvWPMmDU8NbicLUxbNDhFWr,,,,,,,,,,,,,,,,,,,,,,,,2.0,0.0,,attempt_dial,,,,,,,,,,,,,,,,,,,,,,,,,,,,,,,,,,,,,,,,,,,,,,,,,,,,,2026-01-07 20:03:47.386000+00:00,
2026-01-07T20:03:47.387Z,DIAL_CHECK_START,16Uiu2HAm485hpaXfMMUCCvpd4xqXXkvWPMmDU8NbicLUxbNDhFWr,,,,,,,,,,,,,,,,,,,,,,,,0.0,0.0,777.0,,,,,,,,,,,,,,,,,,,,,,,,,,,,,,,,,,,,,,,,,,,,,,,,,,,,,,2026-01-07 20:03:47.387000+00:00,
2026-01-07T20:03:47.387Z,DIAL_ATTEMPT_START,16Uiu2HAm485hpaXfMMUCCvpd4xqXXkvWPMmDU8NbicLUxbNDhFWr,,,,,,,,,,,,,,,,,,,777.0,,,,1767816227387.0,,,,,,,,,,,,,,,,,,,,,,,,,,,,,,,,,,,,,,,,,,,,,,,,,,,,,,,,,2026-01-07 20:03:47.387000+00:00,
2026-01-07T20:03:47.387Z,DISCOVERY_DIAL_DECISION,16Uiu2HAm485hpaXfMMUCCvpd4xqXXkvWPMmDU8NbicLUxbNDhFWr,,,,,,,,,,,,,,,,,,,,,,,,0.0,0.0,,attempt_dial,,,,,,,,,,,,,,,,,,,,,,,,,,,,,,,,,,,,,,,,,,,,,,,,,,,,,2026-01-07 20:03:47.387000+00:00,
2026-01-07T20:03:47.711Z,DIAL_CHECK_START,16Uiu2HAmKyJq4bJFdFxxNiMVXmtCz1fzU9D2EW8w4F9yBKvp1bSQ,,,,,,,,,,,,,,,,,,,,,,,,2.0,0.0,776.0,,,,,,,,,,,,,,,,,,,,,,,,,,,,,,,,,,,,,,,,,,,,,,,,,,,,,,2026-01-07 20:03:47.711000+00:00,
2026-01-07T20:03:47.711Z,DIAL_ATTEMPT_START,16Uiu2HAmKyJq4bJFdFxxNiMVXmtCz1fzU9D2EW8w4F9yBKvp1bSQ,,,,,,,,,,,,,,,,,,,776.0,,,,1767816227711.0,,,,,,,,,,,,,,,,,,,,,,,,,,,,,,,,,,,,,,,,,,,,,,,,,,,,,,,,,2026-01-07 20:03:47.711000+00:00,
2026-01-07T20:03:47.711Z,DISCOVERY_DIAL_DECISION,16Uiu2HAmKyJq4bJFdFxxNiMVXmtCz1fzU9D2EW8w4F9yBKvp1bSQ,,,,,,,,,,,,,,,,,,,,,,,,2.0,0.0,,attempt_dial,,,,,,,,,,,,,,,,,,,,,,,,,,,,,,,,,,,,,,,,,,,,,,,,,,,,,2026-01-07 20:03:47.711000+00:00,
2026-01-07T20:03:47.952Z,DIAL_FAILURE,16Uiu2HAmKyJq4bJFdFxxNiMVXmtCz1fzU9D2EW8w4F9yBKvp1bSQ,,,,,,,,,,,,,,,,,,,,,,,,,,,,read ECONNRESET,241.0,,,,,,,,,,,,,,,,,,,,,,,,,,,,,,,,,,,,,,,,,,,,,,,,,,,2026-01-07 20:03:47.952000+00:00,
2026-01-07T20:03:48.033Z,DIAL_CHECK_START,16Uiu2HAmD1T5b1AKyzNGB2xk2g2y6gTQxLWQZAAyt1maBEmPLtt6,,,,,,,,,,,,,,,,,,,,,,,,2.0,0.0,775.0,,,,,,,,,,,,,,,,,,,,,,,,,,,,,,,,,,,,,,,,,,,,,,,,,,,,,,2026-01-07 20:03:48.033000+00:00,
2026-01-07T20:03:48.033Z,DIAL_ATTEMPT_START,16Uiu2HAmD1T5b1AKyzNGB2xk2g2y6gTQxLWQZAAyt1maBEmPLtt6,,,,,,,,,,,,,,,,,,,775.0,,,,1767816228033.0,,,,,,,,,,,,,,,,,,,,,,,,,,,,,,,,,,,,,,,,,,,,,,,,,,,,,,,,,2026-01-07 20:03:48.033000+00:00,
2026-01-07T20:03:48.034Z,DISCOVERY_DIAL_DECISION,16Uiu2HAmD1T5b1AKyzNGB2xk2g2y6gTQxLWQZAAyt1maBEmPLtt6,,,,,,,,,,,,,,,,,,,,,,,,2.0,0.0,,attempt_dial,,,,,,,,,,,,,,,,,,,,,,,,,,,,,,,,,,,,,,,,,,,,,,,,,,,,,2026-01-07 20:03:48.034000+00:00,
2026-01-07T20:03:48.037Z,DIAL_SUCCESS,16Uiu2HAm485hpaXfMMUCCvpd4xqXXkvWPMmDU8NbicLUxbNDhFWr,,,,,,,,,,,,,,,,,,,,,,,,,,,,,650.0,,,,,,,,,,,,,,,,,,,,,,,,,,,,,,,,,,,,,,,,,,,,,,,,,,,2026-01-07 20:03:48.037000+00:00,
2026-01-07T20:03:48.038Z,DIAL_SUCCESS,16Uiu2HAm485hpaXfMMUCCvpd4xqXXkvWPMmDU8NbicLUxbNDhFWr,,,,,,,,,,,,,,,,,,,,,,,,,,,,,652.0,,,,,,,,,,,,,,,,,,,,,,,,,,,,,,,,,,,,,,,,,,,,,,,,,,,2026-01-07 20:03:48.038000+00:00,
2026-01-07T20:03:48.195Z,DIAL_SUCCESS,16Uiu2HAmD1T5b1AKyzNGB2xk2g2y6gTQxLWQZAAyt1maBEmPLtt6,,,,,,,,,,,,,,,,,,,,,,,,,,,,,162.0,,,,,,,,,,,,,,,,,,,,,,,,,,,,,,,,,,,,,,,,,,,,,,,,,,,2026-01-07 20:03:48.195000+00:00,
2026-01-07T20:03:49.395Z,DIAL_CHECK_START,16Uiu2HAmKJzuPRRKhQbK27Gxo7xPAFKQ6egLL8YimW4RYj86diVp,,,,,,,,,,,,,,,,,,,,,,,,2.0,0.0,774.0,,,,,,,,,,,,,,,,,,,,,,,,,,,,,,,,,,,,,,,,,,,,,,,,,,,,,,2026-01-07 20:03:49.395000+00:00,
2026-01-07T20:03:49.395Z,DIAL_ATTEMPT_START,16Uiu2HAmKJzuPRRKhQbK27Gxo7xPAFKQ6egLL8YimW4RYj86diVp,,,,,,,,,,,,,,,,,,,774.0,,,,1767816229395.0,,,,,,,,,,,,,,,,,,,,,,,,,,,,,,,,,,,,,,,,,,,,,,,,,,,,,,,,,2026-01-07 20:03:49.395000+00:00,
2026-01-07T20:03:49.395Z,DISCOVERY_DIAL_DECISION,16Uiu2HAmKJzuPRRKhQbK27Gxo7xPAFKQ6egLL8YimW4RYj86diVp,,,,,,,,,,,,,,,,,,,,,,,,2.0,0.0,,attempt_dial,,,,,,,,,,,,,,,,,,,,,,,,,,,,,,,,,,,,,,,,,,,,,,,,,,,,,2026-01-07 20:03:49.395000+00:00,
2026-01-07T20:03:49.824Z,DIAL_SUCCESS,16Uiu2HAmKJzuPRRKhQbK27Gxo7xPAFKQ6egLL8YimW4RYj86diVp,,,,,,,,,,,,,,,,,,,,,,,,,,,,,429.0,,,,,,,,,,,,,,,,,,,,,,,,,,,,,,,,,,,,,,,,,,,,,,,,,,,2026-01-07 20:03:49.824000+00:00,
2026-01-07T20:03:53.860Z,DIAL_CHECK_START,16Uiu2HAmKJzuPRRKhQbK27Gxo7xPAFKQ6egLL8YimW4RYj86diVp,,,,,,,,,,,,,,,,,,,,,,,,2.0,0.0,773.0,,,,,,,,,,,,,,,,,,,,,,,,,,,,,,,,,,,,,,,,,,,,,,,,,,,,,,2026-01-07 20:03:53.860000+00:00,
2026-01-07T20:03:53.860Z,DIAL_ATTEMPT_START,16Uiu2HAmKJzuPRRKhQbK27Gxo7xPAFKQ6egLL8YimW4RYj86diVp,,,,,,,,,,,,,,,,,,,773.0,,,,1767816233860.0,,,,,,,,,,,,,,,,,,,,,,,,,,,,,,,,,,,,,,,,,,,,,,,,,,,,,,,,,2026-01-07 20:03:53.860000+00:00,
2026-01-07T20:03:53.860Z,DISCOVERY_DIAL_DECISION,16Uiu2HAmKJzuPRRKhQbK27Gxo7xPAFKQ6egLL8YimW4RYj86diVp,,,,,,,,,,,,,,,,,,,,,,,,2.0,0.0,,attempt_dial,,,,,,,,,,,,,,,,,,,,,,,,,,,,,,,,,,,,,,,,,,,,,,,,,,,,,2026-01-07 20:03:53.860000+00:00,
2026-01-07T20:03:54.295Z,DIAL_SUCCESS,16Uiu2HAmKJzuPRRKhQbK27Gxo7xPAFKQ6egLL8YimW4RYj86diVp,,,,,,,,,,,,,,,,,,,,,,,,,,,,,435.0,,,,,,,,,,,,,,,,,,,,,,,,,,,,,,,,,,,,,,,,,,,,,,,,,,,2026-01-07 20:03:54.295000+00:00,
2026-01-07T20:03:54.303Z,DIAL_CHECK_START,16Uiu2HAm3LmNtEZETq98CLFBGdTZwMsG8veSK8FSmdFiXrdbAYiV,,,,,,,,,,,,,,,,,,,,,,,,2.0,0.0,772.0,,,,,,,,,,,,,,,,,,,,,,,,,,,,,,,,,,,,,,,,,,,,,,,,,,,,,,2026-01-07 20:03:54.303000+00:00,
2026-01-07T20:03:54.303Z,DIAL_ATTEMPT_START,16Uiu2HAm3LmNtEZETq98CLFBGdTZwMsG8veSK8FSmdFiXrdbAYiV,,,,,,,,,,,,,,,,,,,772.0,,,,1767816234303.0,,,,,,,,,,,,,,,,,,,,,,,,,,,,,,,,,,,,,,,,,,,,,,,,,,,,,,,,,2026-01-07 20:03:54.303000+00:00,
2026-01-07T20:03:54.303Z,DISCOVERY_DIAL_DECISION,16Uiu2HAm3LmNtEZETq98CLFBGdTZwMsG8veSK8FSmdFiXrdbAYiV,,,,,,,,,,,,,,,,,,,,,,,,2.0,0.0,,attempt_dial,,,,,,,,,,,,,,,,,,,,,,,,,,,,,,,,,,,,,,,,,,,,,,,,,,,,,2026-01-07 20:03:54.303000+00:00,
2026-01-07T20:03:54.304Z,DIAL_CHECK_START,16Uiu2HAm3LmNtEZETq98CLFBGdTZwMsG8veSK8FSmdFiXrdbAYiV,,,,,,,,,,,,,,,,,,,,,,,,0.0,0.0,771.0,,,,,,,,,,,,,,,,,,,,,,,,,,,,,,,,,,,,,,,,,,,,,,,,,,,,,,2026-01-07 20:03:54.304000+00:00,
2026-01-07T20:03:54.304Z,DIAL_ATTEMPT_START,16Uiu2HAm3LmNtEZETq98CLFBGdTZwMsG8veSK8FSmdFiXrdbAYiV,,,,,,,,,,,,,,,,,,,771.0,,,,1767816234304.0,,,,,,,,,,,,,,,,,,,,,,,,,,,,,,,,,,,,,,,,,,,,,,,,,,,,,,,,,2026-01-07 20:03:54.304000+00:00,
2026-01-07T20:03:54.304Z,DISCOVERY_DIAL_DECISION,16Uiu2HAm3LmNtEZETq98CLFBGdTZwMsG8veSK8FSmdFiXrdbAYiV,,,,,,,,,,,,,,,,,,,,,,,,0.0,0.0,,attempt_dial,,,,,,,,,,,,,,,,,,,,,,,,,,,,,,,,,,,,,,,,,,,,,,,,,,,,,2026-01-07 20:03:54.304000+00:00,
2026-01-07T20:03:54.373Z,DIAL_FAILURE,16Uiu2HAm3LmNtEZETq98CLFBGdTZwMsG8veSK8FSmdFiXrdbAYiV,,,,,,,,,,,,,,,,,,,,,,,,,,,,connection error 95.216.4.180:54870: connect ECONNREFUSED 95.216.4.180:54870,69.0,,,,,,,,,,,,,,,,,,,,,,,,,,,,,,,,,,,,,,,,,,,,,,,,,,,2026-01-07 20:03:54.373000+00:00,
2026-01-07T20:03:54.373Z,DIAL_FAILURE,16Uiu2HAm3LmNtEZETq98CLFBGdTZwMsG8veSK8FSmdFiXrdbAYiV,,,,,,,,,,,,,,,,,,,,,,,,,,,,connection error 95.216.4.180:54870: connect ECONNREFUSED 95.216.4.180:54870,70.0,,,,,,,,,,,,,,,,,,,,,,,,,,,,,,,,,,,,,,,,,,,,,,,,,,,2026-01-07 20:03:54.373000+00:00,
2026-01-07T20:03:56.071Z,HEARTBEAT_DISCOVERY_NEEDED,unknown,,,,,,,,199.0,0.0,none,2.0,0.0,0.0,NO,0.0,0.0,9340219.0,9340219.0,,,,,,,,,,,,,,,,,,,,,,,,,,,,,,,,,,,,,,,,,,,,,,,,,,,,,,,,,,,,,,2026-01-07 20:03:56.071000+00:00,
2026-01-07T20:03:56.071Z,DISCOVERY_START,discovery,,,,,,,,,,,,,,,,,,,199.0,,2.0,,,,,,,,,,,,,,,,,,,,,,,,,,,,,,,,,,,,,,,,,,,,,,,,,,,,,,,,,,,2026-01-07 20:03:56.071000+00:00,
2026-01-07T20:03:56.744Z,DIAL_CHECK_START,16Uiu2HAm9GV9CWMsFS87cRXRPVvDf7RherssJA2EmduoEJHdTv1Z,,,,,,,,,,,,,,,,,,,,,,,,2.0,0.0,969.0,,,,,,,,,,,,,,,,,,,,,,,,,,,,,,,,,,,,,,,,,,,,,,,,,,,,,,2026-01-07 20:03:56.744000+00:00,
2026-01-07T20:03:56.744Z,DIAL_ATTEMPT_START,16Uiu2HAm9GV9CWMsFS87cRXRPVvDf7RherssJA2EmduoEJHdTv1Z,,,,,,,,,,,,,,,,,,,969.0,,,,1767816236744.0,,,,,,,,,,,,,,,,,,,,,,,,,,,,,,,,,,,,,,,,,,,,,,,,,,,,,,,,,2026-01-07 20:03:56.744000+00:00,
2026-01-07T20:03:56.744Z,DISCOVERY_DIAL_DECISION,16Uiu2HAm9GV9CWMsFS87cRXRPVvDf7RherssJA2EmduoEJHdTv1Z,,,,,,,,,,,,,,,,,,,,,,,,2.0,0.0,,attempt_dial,,,,,,,,,,,,,,,,,,,,,,,,,,,,,,,,,,,,,,,,,,,,,,,,,,,,,2026-01-07 20:03:56.744000+00:00,
2026-01-07T20:03:56.745Z,DIAL_CHECK_START,16Uiu2HAm9GV9CWMsFS87cRXRPVvDf7RherssJA2EmduoEJHdTv1Z,,,,,,,,,,,,,,,,,,,,,,,,0.0,0.0,968.0,,,,,,,,,,,,,,,,,,,,,,,,,,,,,,,,,,,,,,,,,,,,,,,,,,,,,,2026-01-07 20:03:56.745000+00:00,
2026-01-07T20:03:56.745Z,DIAL_ATTEMPT_START,16Uiu2HAm9GV9CWMsFS87cRXRPVvDf7RherssJA2EmduoEJHdTv1Z,,,,,,,,,,,,,,,,,,,968.0,,,,1767816236745.0,,,,,,,,,,,,,,,,,,,,,,,,,,,,,,,,,,,,,,,,,,,,,,,,,,,,,,,,,2026-01-07 20:03:56.745000+00:00,
2026-01-07T20:03:56.745Z,DISCOVERY_DIAL_DECISION,16Uiu2HAm9GV9CWMsFS87cRXRPVvDf7RherssJA2EmduoEJHdTv1Z,,,,,,,,,,,,,,,,,,,,,,,,0.0,0.0,,attempt_dial,,,,,,,,,,,,,,,,,,,,,,,,,,,,,,,,,,,,,,,,,,,,,,,,,,,,,2026-01-07 20:03:56.745000+00:00,
2026-01-07T20:03:57.854Z,DIAL_CHECK_START,16Uiu2HAmD3hCySGXKiSEfQB6ebs1GEZoPdWi33oGWjCc9Vzh8Xfg,,,,,,,,,,,,,,,,,,,,,,,,2.0,0.0,967.0,,,,,,,,,,,,,,,,,,,,,,,,,,,,,,,,,,,,,,,,,,,,,,,,,,,,,,2026-01-07 20:03:57.854000+00:00,
2026-01-07T20:03:57.854Z,DIAL_ATTEMPT_START,16Uiu2HAmD3hCySGXKiSEfQB6ebs1GEZoPdWi33oGWjCc9Vzh8Xfg,,,,,,,,,,,,,,,,,,,967.0,,,,1767816237854.0,,,,,,,,,,,,,,,,,,,,,,,,,,,,,,,,,,,,,,,,,,,,,,,,,,,,,,,,,2026-01-07 20:03:57.854000+00:00,
2026-01-07T20:03:57.854Z,DISCOVERY_DIAL_DECISION,16Uiu2HAmD3hCySGXKiSEfQB6ebs1GEZoPdWi33oGWjCc9Vzh8Xfg,,,,,,,,,,,,,,,,,,,,,,,,2.0,0.0,,attempt_dial,,,,,,,,,,,,,,,,,,,,,,,,,,,,,,,,,,,,,,,,,,,,,,,,,,,,,2026-01-07 20:03:57.854000+00:00,
2026-01-07T20:03:58.021Z,DIAL_SUCCESS,16Uiu2HAmD3hCySGXKiSEfQB6ebs1GEZoPdWi33oGWjCc9Vzh8Xfg,,,,,,,,,,,,,,,,,,,,,,,,,,,,,167.0,,,,,,,,,,,,,,,,,,,,,,,,,,,,,,,,,,,,,,,,,,,,,,,,,,,2026-01-07 20:03:58.021000+00:00,
2026-01-07T20:03:59.554Z,DIAL_CHECK_START,16Uiu2HAky9yf165iuGh7ZTGFhjVNJZFjvQmYDkHYsr2aKGyXPwGB,,,,,,,,,,,,,,,,,,,,,,,,2.0,0.0,966.0,,,,,,,,,,,,,,,,,,,,,,,,,,,,,,,,,,,,,,,,,,,,,,,,,,,,,,2026-01-07 20:03:59.554000+00:00,
2026-01-07T20:03:59.554Z,DIAL_ATTEMPT_START,16Uiu2HAky9yf165iuGh7ZTGFhjVNJZFjvQmYDkHYsr2aKGyXPwGB,,,,,,,,,,,,,,,,,,,966.0,,,,1767816239554.0,,,,,,,,,,,,,,,,,,,,,,,,,,,,,,,,,,,,,,,,,,,,,,,,,,,,,,,,,2026-01-07 20:03:59.554000+00:00,
2026-01-07T20:03:59.554Z,DISCOVERY_DIAL_DECISION,16Uiu2HAky9yf165iuGh7ZTGFhjVNJZFjvQmYDkHYsr2aKGyXPwGB,,,,,,,,,,,,,,,,,,,,,,,,2.0,0.0,,attempt_dial,,,,,,,,,,,,,,,,,,,,,,,,,,,,,,,,,,,,,,,,,,,,,,,,,,,,,2026-01-07 20:03:59.554000+00:00,
2026-01-07T20:03:59.555Z,DIAL_CHECK_START,16Uiu2HAky9yf165iuGh7ZTGFhjVNJZFjvQmYDkHYsr2aKGyXPwGB,,,,,,,,,,,,,,,,,,,,,,,,0.0,0.0,965.0,,,,,,,,,,,,,,,,,,,,,,,,,,,,,,,,,,,,,,,,,,,,,,,,,,,,,,2026-01-07 20:03:59.555000+00:00,
2026-01-07T20:03:59.555Z,DIAL_ATTEMPT_START,16Uiu2HAky9yf165iuGh7ZTGFhjVNJZFjvQmYDkHYsr2aKGyXPwGB,,,,,,,,,,,,,,,,,,,965.0,,,,1767816239555.0,,,,,,,,,,,,,,,,,,,,,,,,,,,,,,,,,,,,,,,,,,,,,,,,,,,,,,,,,2026-01-07 20:03:59.555000+00:00,
2026-01-07T20:03:59.555Z,DISCOVERY_DIAL_DECISION,16Uiu2HAky9yf165iuGh7ZTGFhjVNJZFjvQmYDkHYsr2aKGyXPwGB,,,,,,,,,,,,,,,,,,,,,,,,0.0,0.0,,attempt_dial,,,,,,,,,,,,,,,,,,,,,,,,,,,,,,,,,,,,,,,,,,,,,,,,,,,,,2026-01-07 20:03:59.555000+00:00,
2026-01-07T20:03:59.642Z,DIAL_FAILURE,16Uiu2HAky9yf165iuGh7ZTGFhjVNJZFjvQmYDkHYsr2aKGyXPwGB,,,,,,,,,,,,,,,,,,,,,,,,,,,,read ECONNRESET,87.0,,,,,,,,,,,,,,,,,,,,,,,,,,,,,,,,,,,,,,,,,,,,,,,,,,,2026-01-07 20:03:59.642000+00:00,
2026-01-07T20:03:59.642Z,DIAL_FAILURE,16Uiu2HAky9yf165iuGh7ZTGFhjVNJZFjvQmYDkHYsr2aKGyXPwGB,,,,,,,,,,,,,,,,,,,,,,,,,,,,read ECONNRESET,88.0,,,,,,,,,,,,,,,,,,,,,,,,,,,,,,,,,,,,,,,,,,,,,,,,,,,2026-01-07 20:03:59.642000+00:00,
2026-01-07T20:04:00.107Z,DIAL_CHECK_START,16Uiu2HAmSgi3DMRS4oJPzRPeSYmtww43arTi6e9ipHBuzG738WEq,,,,,,,,,,,,,,,,,,,,,,,,2.0,0.0,964.0,,,,,,,,,,,,,,,,,,,,,,,,,,,,,,,,,,,,,,,,,,,,,,,,,,,,,,2026-01-07 20:04:00.107000+00:00,
2026-01-07T20:04:00.107Z,DIAL_ATTEMPT_START,16Uiu2HAmSgi3DMRS4oJPzRPeSYmtww43arTi6e9ipHBuzG738WEq,,,,,,,,,,,,,,,,,,,964.0,,,,1767816240107.0,,,,,,,,,,,,,,,,,,,,,,,,,,,,,,,,,,,,,,,,,,,,,,,,,,,,,,,,,2026-01-07 20:04:00.107000+00:00,
2026-01-07T20:04:00.107Z,DISCOVERY_DIAL_DECISION,16Uiu2HAmSgi3DMRS4oJPzRPeSYmtww43arTi6e9ipHBuzG738WEq,,,,,,,,,,,,,,,,,,,,,,,,2.0,0.0,,attempt_dial,,,,,,,,,,,,,,,,,,,,,,,,,,,,,,,,,,,,,,,,,,,,,,,,,,,,,2026-01-07 20:04:00.107000+00:00,
2026-01-07T20:04:00.942Z,DIAL_CHECK_START,16Uiu2HAkzaW3kJbZMU4e4sT6xc8V4obni31GCqMdhghcX9XqDpNy,,,,,,,,,,,,,,,,,,,,,,,,2.0,0.0,963.0,,,,,,,,,,,,,,,,,,,,,,,,,,,,,,,,,,,,,,,,,,,,,,,,,,,,,,2026-01-07 20:04:00.942000+00:00,
2026-01-07T20:04:00.942Z,DIAL_ATTEMPT_START,16Uiu2HAkzaW3kJbZMU4e4sT6xc8V4obni31GCqMdhghcX9XqDpNy,,,,,,,,,,,,,,,,,,,963.0,,,,1767816240942.0,,,,,,,,,,,,,,,,,,,,,,,,,,,,,,,,,,,,,,,,,,,,,,,,,,,,,,,,,2026-01-07 20:04:00.942000+00:00,
2026-01-07T20:04:00.942Z,DISCOVERY_DIAL_DECISION,16Uiu2HAkzaW3kJbZMU4e4sT6xc8V4obni31GCqMdhghcX9XqDpNy,,,,,,,,,,,,,,,,,,,,,,,,2.0,0.0,,attempt_dial,,,,,,,,,,,,,,,,,,,,,,,,,,,,,,,,,,,,,,,,,,,,,,,,,,,,,2026-01-07 20:04:00.942000+00:00,
2026-01-07T20:04:00.944Z,DIAL_CHECK_START,16Uiu2HAkzaW3kJbZMU4e4sT6xc8V4obni31GCqMdhghcX9XqDpNy,,,,,,,,,,,,,,,,,,,,,,,,0.0,0.0,962.0,,,,,,,,,,,,,,,,,,,,,,,,,,,,,,,,,,,,,,,,,,,,,,,,,,,,,,2026-01-07 20:04:00.944000+00:00,
2026-01-07T20:04:00.944Z,DIAL_ATTEMPT_START,16Uiu2HAkzaW3kJbZMU4e4sT6xc8V4obni31GCqMdhghcX9XqDpNy,,,,,,,,,,,,,,,,,,,962.0,,,,1767816240944.0,,,,,,,,,,,,,,,,,,,,,,,,,,,,,,,,,,,,,,,,,,,,,,,,,,,,,,,,,2026-01-07 20:04:00.944000+00:00,
2026-01-07T20:04:00.944Z,DISCOVERY_DIAL_DECISION,16Uiu2HAkzaW3kJbZMU4e4sT6xc8V4obni31GCqMdhghcX9XqDpNy,,,,,,,,,,,,,,,,,,,,,,,,0.0,0.0,,attempt_dial,,,,,,,,,,,,,,,,,,,,,,,,,,,,,,,,,,,,,,,,,,,,,,,,,,,,,2026-01-07 20:04:00.944000+00:00,
2026-01-07T20:04:01.121Z,DIAL_CHECK_START,16Uiu2HAky9yf165iuGh7ZTGFhjVNJZFjvQmYDkHYsr2aKGyXPwGB,,,,,,,,,,,,,,,,,,,,,,,,2.0,0.0,961.0,,,,,,,,,,,,,,,,,,,,,,,,,,,,,,,,,,,,,,,,,,,,,,,,,,,,,,2026-01-07 20:04:01.121000+00:00,
2026-01-07T20:04:01.121Z,DIAL_ATTEMPT_START,16Uiu2HAky9yf165iuGh7ZTGFhjVNJZFjvQmYDkHYsr2aKGyXPwGB,,,,,,,,,,,,,,,,,,,961.0,,,,1767816241121.0,,,,,,,,,,,,,,,,,,,,,,,,,,,,,,,,,,,,,,,,,,,,,,,,,,,,,,,,,2026-01-07 20:04:01.121000+00:00,
2026-01-07T20:04:01.122Z,DISCOVERY_DIAL_DECISION,16Uiu2HAky9yf165iuGh7ZTGFhjVNJZFjvQmYDkHYsr2aKGyXPwGB,,,,,,,,,,,,,,,,,,,,,,,,2.0,0.0,,attempt_dial,,,,,,,,,,,,,,,,,,,,,,,,,,,,,,,,,,,,,,,,,,,,,,,,,,,,,2026-01-07 20:04:01.122000+00:00,
2026-01-07T20:04:01.209Z,DIAL_FAILURE,16Uiu2HAky9yf165iuGh7ZTGFhjVNJZFjvQmYDkHYsr2aKGyXPwGB,,,,,,,,,,,,,,,,,,,,,,,,,,,,read ECONNRESET,88.0,,,,,,,,,,,,,,,,,,,,,,,,,,,,,,,,,,,,,,,,,,,,,,,,,,,2026-01-07 20:04:01.209000+00:00,
2026-01-07T20:04:01.277Z,DIAL_FAILURE,16Uiu2HAkzaW3kJbZMU4e4sT6xc8V4obni31GCqMdhghcX9XqDpNy,,,,,,,,,,,,,,,,,,,,,,,,,,,,unexpected end of input,333.0,,,,,,,,,,,,,,,,,,,,,,,,,,,,,,,,,,,,,,,,,,,,,,,,,,,2026-01-07 20:04:01.277000+00:00,
2026-01-07T20:04:01.277Z,DIAL_FAILURE,16Uiu2HAkzaW3kJbZMU4e4sT6xc8V4obni31GCqMdhghcX9XqDpNy,,,,,,,,,,,,,,,,,,,,,,,,,,,,unexpected end of input,335.0,,,,,,,,,,,,,,,,,,,,,,,,,,,,,,,,,,,,,,,,,,,,,,,,,,,2026-01-07 20:04:01.277000+00:00,
2026-01-07T20:04:05.009Z,DIAL_CHECK_START,16Uiu2HAmKyJq4bJFdFxxNiMVXmtCz1fzU9D2EW8w4F9yBKvp1bSQ,,,,,,,,,,,,,,,,,,,,,,,,2.0,0.0,960.0,,,,,,,,,,,,,,,,,,,,,,,,,,,,,,,,,,,,,,,,,,,,,,,,,,,,,,2026-01-07 20:04:05.009000+00:00,
2026-01-07T20:04:05.009Z,DIAL_ATTEMPT_START,16Uiu2HAmKyJq4bJFdFxxNiMVXmtCz1fzU9D2EW8w4F9yBKvp1bSQ,,,,,,,,,,,,,,,,,,,960.0,,,,1767816245009.0,,,,,,,,,,,,,,,,,,,,,,,,,,,,,,,,,,,,,,,,,,,,,,,,,,,,,,,,,2026-01-07 20:04:05.009000+00:00,
2026-01-07T20:04:05.010Z,DISCOVERY_DIAL_DECISION,16Uiu2HAmKyJq4bJFdFxxNiMVXmtCz1fzU9D2EW8w4F9yBKvp1bSQ,,,,,,,,,,,,,,,,,,,,,,,,2.0,0.0,,attempt_dial,,,,,,,,,,,,,,,,,,,,,,,,,,,,,,,,,,,,,,,,,,,,,,,,,,,,,2026-01-07 20:04:05.010000+00:00,
2026-01-07T20:04:05.244Z,DIAL_FAILURE,16Uiu2HAmKyJq4bJFdFxxNiMVXmtCz1fzU9D2EW8w4F9yBKvp1bSQ,,,,,,,,,,,,,,,,,,,,,,,,,,,,read ECONNRESET,235.0,,,,,,,,,,,,,,,,,,,,,,,,,,,,,,,,,,,,,,,,,,,,,,,,,,,2026-01-07 20:04:05.244000+00:00,
2026-01-07T20:04:15.686Z,DIAL_CHECK_START,16Uiu2HAmKyJq4bJFdFxxNiMVXmtCz1fzU9D2EW8w4F9yBKvp1bSQ,,,,,,,,,,,,,,,,,,,,,,,,2.0,0.0,959.0,,,,,,,,,,,,,,,,,,,,,,,,,,,,,,,,,,,,,,,,,,,,,,,,,,,,,,2026-01-07 20:04:15.686000+00:00,
2026-01-07T20:04:15.686Z,DIAL_ATTEMPT_START,16Uiu2HAmKyJq4bJFdFxxNiMVXmtCz1fzU9D2EW8w4F9yBKvp1bSQ,,,,,,,,,,,,,,,,,,,959.0,,,,1767816255686.0,,,,,,,,,,,,,,,,,,,,,,,,,,,,,,,,,,,,,,,,,,,,,,,,,,,,,,,,,2026-01-07 20:04:15.686000+00:00,
2026-01-07T20:04:15.686Z,DISCOVERY_DIAL_DECISION,16Uiu2HAmKyJq4bJFdFxxNiMVXmtCz1fzU9D2EW8w4F9yBKvp1bSQ,,,,,,,,,,,,,,,,,,,,,,,,2.0,0.0,,attempt_dial,,,,,,,,,,,,,,,,,,,,,,,,,,,,,,,,,,,,,,,,,,,,,,,,,,,,,2026-01-07 20:04:15.686000+00:00,
2026-01-07T20:04:15.927Z,DIAL_FAILURE,16Uiu2HAmKyJq4bJFdFxxNiMVXmtCz1fzU9D2EW8w4F9yBKvp1bSQ,,,,,,,,,,,,,,,,,,,,,,,,,,,,read ECONNRESET,241.0,,,,,,,,,,,,,,,,,,,,,,,,,,,,,,,,,,,,,,,,,,,,,,,,,,,2026-01-07 20:04:15.927000+00:00,
2026-01-07T20:04:16.108Z,DIAL_CHECK_START,16Uiu2HAm6d4GxsjmmTBF5WURwKDfFTm2CpdHZHqgMeCZkaDzQPDf,,,,,,,,,,,,,,,,,,,,,,,,2.0,0.0,958.0,,,,,,,,,,,,,,,,,,,,,,,,,,,,,,,,,,,,,,,,,,,,,,,,,,,,,,2026-01-07 20:04:16.108000+00:00,
2026-01-07T20:04:16.108Z,DIAL_ATTEMPT_START,16Uiu2HAm6d4GxsjmmTBF5WURwKDfFTm2CpdHZHqgMeCZkaDzQPDf,,,,,,,,,,,,,,,,,,,958.0,,,,1767816256108.0,,,,,,,,,,,,,,,,,,,,,,,,,,,,,,,,,,,,,,,,,,,,,,,,,,,,,,,,,2026-01-07 20:04:16.108000+00:00,
2026-01-07T20:04:16.109Z,DISCOVERY_DIAL_DECISION,16Uiu2HAm6d4GxsjmmTBF5WURwKDfFTm2CpdHZHqgMeCZkaDzQPDf,,,,,,,,,,,,,,,,,,,,,,,,2.0,0.0,,attempt_dial,,,,,,,,,,,,,,,,,,,,,,,,,,,,,,,,,,,,,,,,,,,,,,,,,,,,,2026-01-07 20:04:16.109000+00:00,
2026-01-07T20:04:16.111Z,DIAL_CHECK_START,16Uiu2HAm6d4GxsjmmTBF5WURwKDfFTm2CpdHZHqgMeCZkaDzQPDf,,,,,,,,,,,,,,,,,,,,,,,,0.0,0.0,957.0,,,,,,,,,,,,,,,,,,,,,,,,,,,,,,,,,,,,,,,,,,,,,,,,,,,,,,2026-01-07 20:04:16.111000+00:00,
2026-01-07T20:04:16.111Z,DIAL_ATTEMPT_START,16Uiu2HAm6d4GxsjmmTBF5WURwKDfFTm2CpdHZHqgMeCZkaDzQPDf,,,,,,,,,,,,,,,,,,,957.0,,,,1767816256111.0,,,,,,,,,,,,,,,,,,,,,,,,,,,,,,,,,,,,,,,,,,,,,,,,,,,,,,,,,2026-01-07 20:04:16.111000+00:00,
2026-01-07T20:04:16.111Z,DISCOVERY_DIAL_DECISION,16Uiu2HAm6d4GxsjmmTBF5WURwKDfFTm2CpdHZHqgMeCZkaDzQPDf,,,,,,,,,,,,,,,,,,,,,,,,0.0,0.0,,attempt_dial,,,,,,,,,,,,,,,,,,,,,,,,,,,,,,,,,,,,,,,,,,,,,,,,,,,,,2026-01-07 20:04:16.111000+00:00,
2026-01-07T20:04:18.194Z,DIAL_CHECK_START,16Uiu2HAmKJzuPRRKhQbK27Gxo7xPAFKQ6egLL8YimW4RYj86diVp,,,,,,,,,,,,,,,,,,,,,,,,2.0,0.0,956.0,,,,,,,,,,,,,,,,,,,,,,,,,,,,,,,,,,,,,,,,,,,,,,,,,,,,,,2026-01-07 20:04:18.194000+00:00,
2026-01-07T20:04:18.194Z,DIAL_ATTEMPT_START,16Uiu2HAmKJzuPRRKhQbK27Gxo7xPAFKQ6egLL8YimW4RYj86diVp,,,,,,,,,,,,,,,,,,,956.0,,,,1767816258194.0,,,,,,,,,,,,,,,,,,,,,,,,,,,,,,,,,,,,,,,,,,,,,,,,,,,,,,,,,2026-01-07 20:04:18.194000+00:00,
2026-01-07T20:04:18.195Z,DISCOVERY_DIAL_DECISION,16Uiu2HAmKJzuPRRKhQbK27Gxo7xPAFKQ6egLL8YimW4RYj86diVp,,,,,,,,,,,,,,,,,,,,,,,,2.0,0.0,,attempt_dial,,,,,,,,,,,,,,,,,,,,,,,,,,,,,,,,,,,,,,,,,,,,,,,,,,,,,2026-01-07 20:04:18.195000+00:00,
2026-01-07T20:04:18.306Z,DIAL_CHECK_START,16Uiu2HAmKyJq4bJFdFxxNiMVXmtCz1fzU9D2EW8w4F9yBKvp1bSQ,,,,,,,,,,,,,,,,,,,,,,,,2.0,0.0,955.0,,,,,,,,,,,,,,,,,,,,,,,,,,,,,,,,,,,,,,,,,,,,,,,,,,,,,,2026-01-07 20:04:18.306000+00:00,
2026-01-07T20:04:18.306Z,DIAL_ATTEMPT_START,16Uiu2HAmKyJq4bJFdFxxNiMVXmtCz1fzU9D2EW8w4F9yBKvp1bSQ,,,,,,,,,,,,,,,,,,,955.0,,,,1767816258306.0,,,,,,,,,,,,,,,,,,,,,,,,,,,,,,,,,,,,,,,,,,,,,,,,,,,,,,,,,2026-01-07 20:04:18.306000+00:00,
2026-01-07T20:04:18.307Z,DISCOVERY_DIAL_DECISION,16Uiu2HAmKyJq4bJFdFxxNiMVXmtCz1fzU9D2EW8w4F9yBKvp1bSQ,,,,,,,,,,,,,,,,,,,,,,,,2.0,0.0,,attempt_dial,,,,,,,,,,,,,,,,,,,,,,,,,,,,,,,,,,,,,,,,,,,,,,,,,,,,,2026-01-07 20:04:18.307000+00:00,
2026-01-07T20:04:18.440Z,DIAL_CHECK_START,16Uiu2HAm4psoT32oB87JAbYH9og16czxRHs2ZPN3n63m2x8xGcMs,,,,,,,,,,,,,,,,,,,,,,,,64.0,4.0,954.0,,,,,,,,,,,,,,,,,,,,,,,,,,,,,,,,,,,,,,,,,,,,,,,,,,,,,,2026-01-07 20:04:18.440000+00:00,
2026-01-07T20:04:18.440Z,DIAL_ATTEMPT_START,16Uiu2HAm4psoT32oB87JAbYH9og16czxRHs2ZPN3n63m2x8xGcMs,,,,,,,,,,,,,,,,,,,954.0,,,,1767816258440.0,,,,,,,,,,,,,,,,,,,,,,,,,,,,,,,,,,,,,,,,,,,,,,,,,,,,,,,,,2026-01-07 20:04:18.440000+00:00,
2026-01-07T20:04:18.440Z,DISCOVERY_DIAL_DECISION,16Uiu2HAm4psoT32oB87JAbYH9og16czxRHs2ZPN3n63m2x8xGcMs,,,,,,,,,,,,,,,,,,,,,,,,64.0,4.0,,attempt_dial,,,,,,,,,,,,,,,,,,,,,,,,,,,,,,,,,,,,,,,,,,,,,,,,,,,,,2026-01-07 20:04:18.440000+00:00,
2026-01-07T20:04:18.440Z,DIAL_CHECK_START,16Uiu2HAm4psoT32oB87JAbYH9og16czxRHs2ZPN3n63m2x8xGcMs,,,,,,,,,,,,,,,,,,,,,,,,0.0,0.0,953.0,,,,,,,,,,,,,,,,,,,,,,,,,,,,,,,,,,,,,,,,,,,,,,,,,,,,,,2026-01-07 20:04:18.440000+00:00,
2026-01-07T20:04:18.440Z,DIAL_ATTEMPT_START,16Uiu2HAm4psoT32oB87JAbYH9og16czxRHs2ZPN3n63m2x8xGcMs,,,,,,,,,,,,,,,,,,,953.0,,,,1767816258440.0,,,,,,,,,,,,,,,,,,,,,,,,,,,,,,,,,,,,,,,,,,,,,,,,,,,,,,,,,2026-01-07 20:04:18.440000+00:00,
2026-01-07T20:04:18.440Z,DISCOVERY_DIAL_DECISION,16Uiu2HAm4psoT32oB87JAbYH9og16czxRHs2ZPN3n63m2x8xGcMs,,,,,,,,,,,,,,,,,,,,,,,,0.0,0.0,,attempt_dial,,,,,,,,,,,,,,,,,,,,,,,,,,,,,,,,,,,,,,,,,,,,,,,,,,,,,2026-01-07 20:04:18.440000+00:00,
2026-01-07T20:04:18.548Z,DIAL_FAILURE,16Uiu2HAmKyJq4bJFdFxxNiMVXmtCz1fzU9D2EW8w4F9yBKvp1bSQ,,,,,,,,,,,,,,,,,,,,,,,,,,,,read ECONNRESET,242.0,,,,,,,,,,,,,,,,,,,,,,,,,,,,,,,,,,,,,,,,,,,,,,,,,,,2026-01-07 20:04:18.548000+00:00,
2026-01-07T20:04:18.599Z,DIAL_SUCCESS,16Uiu2HAm4psoT32oB87JAbYH9og16czxRHs2ZPN3n63m2x8xGcMs,,,,,,,,,,,,,,,,,,,,,,,,,,,,,159.0,,,,,,,,,,,,,,,,,,,,,,,,,,,,,,,,,,,,,,,,,,,,,,,,,,,2026-01-07 20:04:18.599000+00:00,
2026-01-07T20:04:18.600Z,DIAL_SUCCESS,16Uiu2HAm4psoT32oB87JAbYH9og16czxRHs2ZPN3n63m2x8xGcMs,,,,,,,,,,,,,,,,,,,,,,,,,,,,,160.0,,,,,,,,,,,,,,,,,,,,,,,,,,,,,,,,,,,,,,,,,,,,,,,,,,,2026-01-07 20:04:18.600000+00:00,
2026-01-07T20:04:18.618Z,DIAL_SUCCESS,16Uiu2HAmKJzuPRRKhQbK27Gxo7xPAFKQ6egLL8YimW4RYj86diVp,,,,,,,,,,,,,,,,,,,,,,,,,,,,,424.0,,,,,,,,,,,,,,,,,,,,,,,,,,,,,,,,,,,,,,,,,,,,,,,,,,,2026-01-07 20:04:18.618000+00:00,
2026-01-07T20:04:19.557Z,DIAL_CHECK_START,16Uiu2HAmKyJq4bJFdFxxNiMVXmtCz1fzU9D2EW8w4F9yBKvp1bSQ,,,,,,,,,,,,,,,,,,,,,,,,2.0,0.0,952.0,,,,,,,,,,,,,,,,,,,,,,,,,,,,,,,,,,,,,,,,,,,,,,,,,,,,,,2026-01-07 20:04:19.557000+00:00,
2026-01-07T20:04:19.557Z,DIAL_ATTEMPT_START,16Uiu2HAmKyJq4bJFdFxxNiMVXmtCz1fzU9D2EW8w4F9yBKvp1bSQ,,,,,,,,,,,,,,,,,,,952.0,,,,1767816259557.0,,,,,,,,,,,,,,,,,,,,,,,,,,,,,,,,,,,,,,,,,,,,,,,,,,,,,,,,,2026-01-07 20:04:19.557000+00:00,
2026-01-07T20:04:19.558Z,DISCOVERY_DIAL_DECISION,16Uiu2HAmKyJq4bJFdFxxNiMVXmtCz1fzU9D2EW8w4F9yBKvp1bSQ,,,,,,,,,,,,,,,,,,,,,,,,2.0,0.0,,attempt_dial,,,,,,,,,,,,,,,,,,,,,,,,,,,,,,,,,,,,,,,,,,,,,,,,,,,,,2026-01-07 20:04:19.558000+00:00,
2026-01-07T20:04:19.800Z,DIAL_FAILURE,16Uiu2HAmKyJq4bJFdFxxNiMVXmtCz1fzU9D2EW8w4F9yBKvp1bSQ,,,,,,,,,,,,,,,,,,,,,,,,,,,,read ECONNRESET,243.0,,,,,,,,,,,,,,,,,,,,,,,,,,,,,,,,,,,,,,,,,,,,,,,,,,,2026-01-07 20:04:19.800000+00:00,
2026-01-07T20:04:20.481Z,DIAL_CHECK_START,16Uiu2HAmKyJq4bJFdFxxNiMVXmtCz1fzU9D2EW8w4F9yBKvp1bSQ,,,,,,,,,,,,,,,,,,,,,,,,2.0,0.0,951.0,,,,,,,,,,,,,,,,,,,,,,,,,,,,,,,,,,,,,,,,,,,,,,,,,,,,,,2026-01-07 20:04:20.481000+00:00,
2026-01-07T20:04:20.481Z,DIAL_ATTEMPT_START,16Uiu2HAmKyJq4bJFdFxxNiMVXmtCz1fzU9D2EW8w4F9yBKvp1bSQ,,,,,,,,,,,,,,,,,,,951.0,,,,1767816260481.0,,,,,,,,,,,,,,,,,,,,,,,,,,,,,,,,,,,,,,,,,,,,,,,,,,,,,,,,,2026-01-07 20:04:20.481000+00:00,
2026-01-07T20:04:20.481Z,DISCOVERY_DIAL_DECISION,16Uiu2HAmKyJq4bJFdFxxNiMVXmtCz1fzU9D2EW8w4F9yBKvp1bSQ,,,,,,,,,,,,,,,,,,,,,,,,2.0,0.0,,attempt_dial,,,,,,,,,,,,,,,,,,,,,,,,,,,,,,,,,,,,,,,,,,,,,,,,,,,,,2026-01-07 20:04:20.481000+00:00,
2026-01-07T20:04:20.723Z,DIAL_FAILURE,16Uiu2HAmKyJq4bJFdFxxNiMVXmtCz1fzU9D2EW8w4F9yBKvp1bSQ,,,,,,,,,,,,,,,,,,,,,,,,,,,,read ECONNRESET,242.0,,,,,,,,,,,,,,,,,,,,,,,,,,,,,,,,,,,,,,,,,,,,,,,,,,,2026-01-07 20:04:20.723000+00:00,
2026-01-07T20:04:20.777Z,DIAL_CHECK_START,16Uiu2HAmKyJq4bJFdFxxNiMVXmtCz1fzU9D2EW8w4F9yBKvp1bSQ,,,,,,,,,,,,,,,,,,,,,,,,2.0,0.0,950.0,,,,,,,,,,,,,,,,,,,,,,,,,,,,,,,,,,,,,,,,,,,,,,,,,,,,,,2026-01-07 20:04:20.777000+00:00,
2026-01-07T20:04:20.778Z,DIAL_ATTEMPT_START,16Uiu2HAmKyJq4bJFdFxxNiMVXmtCz1fzU9D2EW8w4F9yBKvp1bSQ,,,,,,,,,,,,,,,,,,,950.0,,,,1767816260778.0,,,,,,,,,,,,,,,,,,,,,,,,,,,,,,,,,,,,,,,,,,,,,,,,,,,,,,,,,2026-01-07 20:04:20.778000+00:00,
2026-01-07T20:04:20.778Z,DISCOVERY_DIAL_DECISION,16Uiu2HAmKyJq4bJFdFxxNiMVXmtCz1fzU9D2EW8w4F9yBKvp1bSQ,,,,,,,,,,,,,,,,,,,,,,,,2.0,0.0,,attempt_dial,,,,,,,,,,,,,,,,,,,,,,,,,,,,,,,,,,,,,,,,,,,,,,,,,,,,,2026-01-07 20:04:20.778000+00:00,
2026-01-07T20:04:21.019Z,DIAL_FAILURE,16Uiu2HAmKyJq4bJFdFxxNiMVXmtCz1fzU9D2EW8w4F9yBKvp1bSQ,,,,,,,,,,,,,,,,,,,,,,,,,,,,read ECONNRESET,241.0,,,,,,,,,,,,,,,,,,,,,,,,,,,,,,,,,,,,,,,,,,,,,,,,,,,2026-01-07 20:04:21.019000+00:00,
2026-01-07T20:04:21.278Z,DIAL_CHECK_START,16Uiu2HAkzaW3kJbZMU4e4sT6xc8V4obni31GCqMdhghcX9XqDpNy,,,,,,,,,,,,,,,,,,,,,,,,2.0,0.0,949.0,,,,,,,,,,,,,,,,,,,,,,,,,,,,,,,,,,,,,,,,,,,,,,,,,,,,,,2026-01-07 20:04:21.278000+00:00,
2026-01-07T20:04:21.278Z,DIAL_ATTEMPT_START,16Uiu2HAkzaW3kJbZMU4e4sT6xc8V4obni31GCqMdhghcX9XqDpNy,,,,,,,,,,,,,,,,,,,949.0,,,,1767816261278.0,,,,,,,,,,,,,,,,,,,,,,,,,,,,,,,,,,,,,,,,,,,,,,,,,,,,,,,,,2026-01-07 20:04:21.278000+00:00,
2026-01-07T20:04:21.278Z,DISCOVERY_DIAL_DECISION,16Uiu2HAkzaW3kJbZMU4e4sT6xc8V4obni31GCqMdhghcX9XqDpNy,,,,,,,,,,,,,,,,,,,,,,,,2.0,0.0,,attempt_dial,,,,,,,,,,,,,,,,,,,,,,,,,,,,,,,,,,,,,,,,,,,,,,,,,,,,,2026-01-07 20:04:21.278000+00:00,
2026-01-07T20:04:21.561Z,DIAL_CHECK_START,16Uiu2HAmKyJq4bJFdFxxNiMVXmtCz1fzU9D2EW8w4F9yBKvp1bSQ,,,,,,,,,,,,,,,,,,,,,,,,2.0,0.0,948.0,,,,,,,,,,,,,,,,,,,,,,,,,,,,,,,,,,,,,,,,,,,,,,,,,,,,,,2026-01-07 20:04:21.561000+00:00,
2026-01-07T20:04:21.561Z,DIAL_ATTEMPT_START,16Uiu2HAmKyJq4bJFdFxxNiMVXmtCz1fzU9D2EW8w4F9yBKvp1bSQ,,,,,,,,,,,,,,,,,,,948.0,,,,1767816261561.0,,,,,,,,,,,,,,,,,,,,,,,,,,,,,,,,,,,,,,,,,,,,,,,,,,,,,,,,,2026-01-07 20:04:21.561000+00:00,
2026-01-07T20:04:21.562Z,DISCOVERY_DIAL_DECISION,16Uiu2HAmKyJq4bJFdFxxNiMVXmtCz1fzU9D2EW8w4F9yBKvp1bSQ,,,,,,,,,,,,,,,,,,,,,,,,2.0,0.0,,attempt_dial,,,,,,,,,,,,,,,,,,,,,,,,,,,,,,,,,,,,,,,,,,,,,,,,,,,,,2026-01-07 20:04:21.562000+00:00,
2026-01-07T20:04:21.612Z,DIAL_FAILURE,16Uiu2HAkzaW3kJbZMU4e4sT6xc8V4obni31GCqMdhghcX9XqDpNy,,,,,,,,,,,,,,,,,,,,,,,,,,,,read ECONNRESET,334.0,,,,,,,,,,,,,,,,,,,,,,,,,,,,,,,,,,,,,,,,,,,,,,,,,,,2026-01-07 20:04:21.612000+00:00,
2026-01-07T20:04:21.795Z,DIAL_FAILURE,16Uiu2HAmKyJq4bJFdFxxNiMVXmtCz1fzU9D2EW8w4F9yBKvp1bSQ,,,,,,,,,,,,,,,,,,,,,,,,,,,,read ECONNRESET,234.0,,,,,,,,,,,,,,,,,,,,,,,,,,,,,,,,,,,,,,,,,,,,,,,,,,,2026-01-07 20:04:21.795000+00:00,
2026-01-07T20:04:22.375Z,DIAL_CHECK_START,16Uiu2HAmJTv938HzaeBqXmWHbc8AtwBKEqM2JevnJ8f7MrDRE4Jo,,,,,,,,,,,,,,,,,,,,,,,,2.0,0.0,947.0,,,,,,,,,,,,,,,,,,,,,,,,,,,,,,,,,,,,,,,,,,,,,,,,,,,,,,2026-01-07 20:04:22.375000+00:00,
2026-01-07T20:04:22.375Z,DIAL_ATTEMPT_START,16Uiu2HAmJTv938HzaeBqXmWHbc8AtwBKEqM2JevnJ8f7MrDRE4Jo,,,,,,,,,,,,,,,,,,,947.0,,,,1767816262375.0,,,,,,,,,,,,,,,,,,,,,,,,,,,,,,,,,,,,,,,,,,,,,,,,,,,,,,,,,2026-01-07 20:04:22.375000+00:00,
2026-01-07T20:04:22.375Z,DISCOVERY_DIAL_DECISION,16Uiu2HAmJTv938HzaeBqXmWHbc8AtwBKEqM2JevnJ8f7MrDRE4Jo,,,,,,,,,,,,,,,,,,,,,,,,2.0,0.0,,attempt_dial,,,,,,,,,,,,,,,,,,,,,,,,,,,,,,,,,,,,,,,,,,,,,,,,,,,,,2026-01-07 20:04:22.375000+00:00,
2026-01-07T20:04:22.376Z,DIAL_CHECK_START,16Uiu2HAm4ZpFJRHNpgS7ZQYH74fMmw41sqxoKQogntKW7hZmAxGd,,,,,,,,,,,,,,,,,,,,,,,,2.0,0.0,946.0,,,,,,,,,,,,,,,,,,,,,,,,,,,,,,,,,,,,,,,,,,,,,,,,,,,,,,2026-01-07 20:04:22.376000+00:00,
2026-01-07T20:04:22.376Z,DIAL_ATTEMPT_START,16Uiu2HAm4ZpFJRHNpgS7ZQYH74fMmw41sqxoKQogntKW7hZmAxGd,,,,,,,,,,,,,,,,,,,946.0,,,,1767816262376.0,,,,,,,,,,,,,,,,,,,,,,,,,,,,,,,,,,,,,,,,,,,,,,,,,,,,,,,,,2026-01-07 20:04:22.376000+00:00,
2026-01-07T20:04:22.376Z,DISCOVERY_DIAL_DECISION,16Uiu2HAm4ZpFJRHNpgS7ZQYH74fMmw41sqxoKQogntKW7hZmAxGd,,,,,,,,,,,,,,,,,,,,,,,,2.0,0.0,,attempt_dial,,,,,,,,,,,,,,,,,,,,,,,,,,,,,,,,,,,,,,,,,,,,,,,,,,,,,2026-01-07 20:04:22.376000+00:00,
2026-01-07T20:04:22.377Z,DIAL_CHECK_START,16Uiu2HAmJTv938HzaeBqXmWHbc8AtwBKEqM2JevnJ8f7MrDRE4Jo,,,,,,,,,,,,,,,,,,,,,,,,0.0,0.0,945.0,,,,,,,,,,,,,,,,,,,,,,,,,,,,,,,,,,,,,,,,,,,,,,,,,,,,,,2026-01-07 20:04:22.377000+00:00,
2026-01-07T20:04:22.377Z,DIAL_ATTEMPT_START,16Uiu2HAmJTv938HzaeBqXmWHbc8AtwBKEqM2JevnJ8f7MrDRE4Jo,,,,,,,,,,,,,,,,,,,945.0,,,,1767816262377.0,,,,,,,,,,,,,,,,,,,,,,,,,,,,,,,,,,,,,,,,,,,,,,,,,,,,,,,,,2026-01-07 20:04:22.377000+00:00,
2026-01-07T20:04:22.377Z,DISCOVERY_DIAL_DECISION,16Uiu2HAmJTv938HzaeBqXmWHbc8AtwBKEqM2JevnJ8f7MrDRE4Jo,,,,,,,,,,,,,,,,,,,,,,,,0.0,0.0,,attempt_dial,,,,,,,,,,,,,,,,,,,,,,,,,,,,,,,,,,,,,,,,,,,,,,,,,,,,,2026-01-07 20:04:22.377000+00:00,
2026-01-07T20:04:22.378Z,DIAL_CHECK_START,16Uiu2HAm4ZpFJRHNpgS7ZQYH74fMmw41sqxoKQogntKW7hZmAxGd,,,,,,,,,,,,,,,,,,,,,,,,0.0,0.0,944.0,,,,,,,,,,,,,,,,,,,,,,,,,,,,,,,,,,,,,,,,,,,,,,,,,,,,,,2026-01-07 20:04:22.378000+00:00,
2026-01-07T20:04:22.378Z,DIAL_ATTEMPT_START,16Uiu2HAm4ZpFJRHNpgS7ZQYH74fMmw41sqxoKQogntKW7hZmAxGd,,,,,,,,,,,,,,,,,,,944.0,,,,1767816262378.0,,,,,,,,,,,,,,,,,,,,,,,,,,,,,,,,,,,,,,,,,,,,,,,,,,,,,,,,,2026-01-07 20:04:22.378000+00:00,
2026-01-07T20:04:22.378Z,DISCOVERY_DIAL_DECISION,16Uiu2HAm4ZpFJRHNpgS7ZQYH74fMmw41sqxoKQogntKW7hZmAxGd,,,,,,,,,,,,,,,,,,,,,,,,0.0,0.0,,attempt_dial,,,,,,,,,,,,,,,,,,,,,,,,,,,,,,,,,,,,,,,,,,,,,,,,,,,,,2026-01-07 20:04:22.378000+00:00,
2026-01-07T20:04:22.419Z,DIAL_FAILURE,16Uiu2HAmJTv938HzaeBqXmWHbc8AtwBKEqM2JevnJ8f7MrDRE4Jo,,,,,,,,,,,,,,,,,,,,,,,,,,,,connection error 207.180.219.201:9000: connect ECONNREFUSED 207.180.219.201:9000,42.0,,,,,,,,,,,,,,,,,,,,,,,,,,,,,,,,,,,,,,,,,,,,,,,,,,,2026-01-07 20:04:22.419000+00:00,
2026-01-07T20:04:22.419Z,DIAL_FAILURE,16Uiu2HAmJTv938HzaeBqXmWHbc8AtwBKEqM2JevnJ8f7MrDRE4Jo,,,,,,,,,,,,,,,,,,,,,,,,,,,,connection error 207.180.219.201:9000: connect ECONNREFUSED 207.180.219.201:9000,44.0,,,,,,,,,,,,,,,,,,,,,,,,,,,,,,,,,,,,,,,,,,,,,,,,,,,2026-01-07 20:04:22.419000+00:00,
2026-01-07T20:04:23.285Z,DIAL_CHECK_START,16Uiu2HAky9yf165iuGh7ZTGFhjVNJZFjvQmYDkHYsr2aKGyXPwGB,,,,,,,,,,,,,,,,,,,,,,,,2.0,0.0,943.0,,,,,,,,,,,,,,,,,,,,,,,,,,,,,,,,,,,,,,,,,,,,,,,,,,,,,,2026-01-07 20:04:23.285000+00:00,
2026-01-07T20:04:23.285Z,DIAL_ATTEMPT_START,16Uiu2HAky9yf165iuGh7ZTGFhjVNJZFjvQmYDkHYsr2aKGyXPwGB,,,,,,,,,,,,,,,,,,,943.0,,,,1767816263285.0,,,,,,,,,,,,,,,,,,,,,,,,,,,,,,,,,,,,,,,,,,,,,,,,,,,,,,,,,2026-01-07 20:04:23.285000+00:00,
2026-01-07T20:04:23.285Z,DISCOVERY_DIAL_DECISION,16Uiu2HAky9yf165iuGh7ZTGFhjVNJZFjvQmYDkHYsr2aKGyXPwGB,,,,,,,,,,,,,,,,,,,,,,,,2.0,0.0,,attempt_dial,,,,,,,,,,,,,,,,,,,,,,,,,,,,,,,,,,,,,,,,,,,,,,,,,,,,,2026-01-07 20:04:23.285000+00:00,
2026-01-07T20:04:23.370Z,DIAL_FAILURE,16Uiu2HAky9yf165iuGh7ZTGFhjVNJZFjvQmYDkHYsr2aKGyXPwGB,,,,,,,,,,,,,,,,,,,,,,,,,,,,read ECONNRESET,85.0,,,,,,,,,,,,,,,,,,,,,,,,,,,,,,,,,,,,,,,,,,,,,,,,,,,2026-01-07 20:04:23.370000+00:00,
2026-01-07T20:04:24.502Z,DIAL_CHECK_START,16Uiu2HAmSnKfzQkUp431BjT1DMYMFDzZr4cgTVfMrF7RV46iJVa7,,,,,,,,,,,,,,,,,,,,,,,,2.0,2.0,942.0,,,,,,,,,,,,,,,,,,,,,,,,,,,,,,,,,,,,,,,,,,,,,,,,,,,,,,2026-01-07 20:04:24.502000+00:00,
2026-01-07T20:04:24.502Z,DIAL_ATTEMPT_START,16Uiu2HAmSnKfzQkUp431BjT1DMYMFDzZr4cgTVfMrF7RV46iJVa7,,,,,,,,,,,,,,,,,,,942.0,,,,1767816264502.0,,,,,,,,,,,,,,,,,,,,,,,,,,,,,,,,,,,,,,,,,,,,,,,,,,,,,,,,,2026-01-07 20:04:24.502000+00:00,
2026-01-07T20:04:24.502Z,DISCOVERY_DIAL_DECISION,16Uiu2HAmSnKfzQkUp431BjT1DMYMFDzZr4cgTVfMrF7RV46iJVa7,,,,,,,,,,,,,,,,,,,,,,,,2.0,2.0,,attempt_dial,,,,,,,,,,,,,,,,,,,,,,,,,,,,,,,,,,,,,,,,,,,,,,,,,,,,,2026-01-07 20:04:24.502000+00:00,
2026-01-07T20:04:24.503Z,DIAL_CHECK_START,16Uiu2HAmSnKfzQkUp431BjT1DMYMFDzZr4cgTVfMrF7RV46iJVa7,,,,,,,,,,,,,,,,,,,,,,,,0.0,0.0,941.0,,,,,,,,,,,,,,,,,,,,,,,,,,,,,,,,,,,,,,,,,,,,,,,,,,,,,,2026-01-07 20:04:24.503000+00:00,
2026-01-07T20:04:24.503Z,DIAL_ATTEMPT_START,16Uiu2HAmSnKfzQkUp431BjT1DMYMFDzZr4cgTVfMrF7RV46iJVa7,,,,,,,,,,,,,,,,,,,941.0,,,,1767816264503.0,,,,,,,,,,,,,,,,,,,,,,,,,,,,,,,,,,,,,,,,,,,,,,,,,,,,,,,,,2026-01-07 20:04:24.503000+00:00,
2026-01-07T20:04:24.503Z,DISCOVERY_DIAL_DECISION,16Uiu2HAmSnKfzQkUp431BjT1DMYMFDzZr4cgTVfMrF7RV46iJVa7,,,,,,,,,,,,,,,,,,,,,,,,0.0,0.0,,attempt_dial,,,,,,,,,,,,,,,,,,,,,,,,,,,,,,,,,,,,,,,,,,,,,,,,,,,,,2026-01-07 20:04:24.503000+00:00,
2026-01-07T20:04:24.655Z,DIAL_CHECK_START,16Uiu2HAm6d97fzvQRmJgDW2rRs4aMrygkrU4xsmtjZLvi4Zc8buK,,,,,,,,,,,,,,,,,,,,,,,,2.0,0.0,940.0,,,,,,,,,,,,,,,,,,,,,,,,,,,,,,,,,,,,,,,,,,,,,,,,,,,,,,2026-01-07 20:04:24.655000+00:00,
2026-01-07T20:04:24.655Z,DIAL_ATTEMPT_START,16Uiu2HAm6d97fzvQRmJgDW2rRs4aMrygkrU4xsmtjZLvi4Zc8buK,,,,,,,,,,,,,,,,,,,940.0,,,,1767816264655.0,,,,,,,,,,,,,,,,,,,,,,,,,,,,,,,,,,,,,,,,,,,,,,,,,,,,,,,,,2026-01-07 20:04:24.655000+00:00,
2026-01-07T20:04:24.655Z,DISCOVERY_DIAL_DECISION,16Uiu2HAm6d97fzvQRmJgDW2rRs4aMrygkrU4xsmtjZLvi4Zc8buK,,,,,,,,,,,,,,,,,,,,,,,,2.0,0.0,,attempt_dial,,,,,,,,,,,,,,,,,,,,,,,,,,,,,,,,,,,,,,,,,,,,,,,,,,,,,2026-01-07 20:04:24.655000+00:00,
2026-01-07T20:04:24.656Z,DIAL_CHECK_START,16Uiu2HAm6d97fzvQRmJgDW2rRs4aMrygkrU4xsmtjZLvi4Zc8buK,,,,,,,,,,,,,,,,,,,,,,,,0.0,0.0,939.0,,,,,,,,,,,,,,,,,,,,,,,,,,,,,,,,,,,,,,,,,,,,,,,,,,,,,,2026-01-07 20:04:24.656000+00:00,
2026-01-07T20:04:24.656Z,DIAL_ATTEMPT_START,16Uiu2HAm6d97fzvQRmJgDW2rRs4aMrygkrU4xsmtjZLvi4Zc8buK,,,,,,,,,,,,,,,,,,,939.0,,,,1767816264656.0,,,,,,,,,,,,,,,,,,,,,,,,,,,,,,,,,,,,,,,,,,,,,,,,,,,,,,,,,2026-01-07 20:04:24.656000+00:00,
2026-01-07T20:04:24.657Z,DISCOVERY_DIAL_DECISION,16Uiu2HAm6d97fzvQRmJgDW2rRs4aMrygkrU4xsmtjZLvi4Zc8buK,,,,,,,,,,,,,,,,,,,,,,,,0.0,0.0,,attempt_dial,,,,,,,,,,,,,,,,,,,,,,,,,,,,,,,,,,,,,,,,,,,,,,,,,,,,,2026-01-07 20:04:24.657000+00:00,
2026-01-07T20:04:24.671Z,DIAL_SUCCESS,16Uiu2HAmSnKfzQkUp431BjT1DMYMFDzZr4cgTVfMrF7RV46iJVa7,,,,,,,,,,,,,,,,,,,,,,,,,,,,,168.0,,,,,,,,,,,,,,,,,,,,,,,,,,,,,,,,,,,,,,,,,,,,,,,,,,,2026-01-07 20:04:24.671000+00:00,
2026-01-07T20:04:24.671Z,DIAL_SUCCESS,16Uiu2HAmSnKfzQkUp431BjT1DMYMFDzZr4cgTVfMrF7RV46iJVa7,,,,,,,,,,,,,,,,,,,,,,,,,,,,,169.0,,,,,,,,,,,,,,,,,,,,,,,,,,,,,,,,,,,,,,,,,,,,,,,,,,,2026-01-07 20:04:24.671000+00:00,
2026-01-07T20:04:26.073Z,DISCOVERY_FINDNODE_RESULT,unknown,,,,,,,,,,,,,,,,,,,,,,,,,,,,,,,,,,,,,,,,,,,,,,,,,,,,,,,,,,,,,,,,,,,16.0,60005.0,,,,,,,,,,,,2026-01-07 20:04:26.073000+00:00,
2026-01-07T20:04:26.073Z,HEARTBEAT_DISCOVERY_NEEDED,unknown,,,,,,,,198.0,0.0,none,2.0,0.0,0.0,NO,0.0,0.0,9340222.0,9340222.0,,,,,,,,,,,,,,,,,,,,,,,,,,,,,,,,,,,,,,,,,,,,,,,,,,,,,,,,,,,,,,2026-01-07 20:04:26.073000+00:00,
2026-01-07T20:04:26.073Z,DISCOVERY_START,discovery,,,,,,,,,,,,,,,,,,,198.0,,2.0,,,,,,,,,,,,,,,,,,,,,,,,,,,,,,,,,,,,,,,,,,,,,,,,,,,,,,,,,,,2026-01-07 20:04:26.073000+00:00,
2026-01-07T20:04:26.073Z,DISCOVERY_FINDNODE_START,unknown,,,,,,,,,,,,,,,,,,,1136.0,,,0.0,1767816266073.0,,,,,,,,,,,,,,,,,,,,,,,,,,,,,,,,,,,,,,,,,,,,,,,,,,,,,,,,,2026-01-07 20:04:26.073000+00:00,
2026-01-07T20:04:26.414Z,DIAL_CHECK_START,16Uiu2HAmFd357dZvUckfPFDmxaFzHRH5HPGpcwG9rvi23U3e8piL,,,,,,,,,,,,,,,,,,,,,,,,2.0,0.0,1136.0,,,,,,,,,,,,,,,,,,,,,,,,,,,,,,,,,,,,,,,,,,,,,,,,,,,,,,2026-01-07 20:04:26.414000+00:00,
2026-01-07T20:04:26.414Z,DIAL_ATTEMPT_START,16Uiu2HAmFd357dZvUckfPFDmxaFzHRH5HPGpcwG9rvi23U3e8piL,,,,,,,,,,,,,,,,,,,1136.0,,,,1767816266414.0,,,,,,,,,,,,,,,,,,,,,,,,,,,,,,,,,,,,,,,,,,,,,,,,,,,,,,,,,2026-01-07 20:04:26.414000+00:00,
2026-01-07T20:04:26.415Z,DISCOVERY_DIAL_DECISION,16Uiu2HAmFd357dZvUckfPFDmxaFzHRH5HPGpcwG9rvi23U3e8piL,,,,,,,,,,,,,,,,,,,,,,,,2.0,0.0,,attempt_dial,,,,,,,,,,,,,,,,,,,,,,,,,,,,,,,,,,,,,,,,,,,,,,,,,,,,,2026-01-07 20:04:26.415000+00:00,
2026-01-07T20:04:32.664Z,DIAL_FAILURE,16Uiu2HAmSiTdL3anbmHSTkStNusahPRVxEukm5sBtH4qRpuoQZ9C,,,,,,,,,,,,,,,,,,,,,,,,,,,,connection error 118.189.60.142:9000: connect ETIMEDOUT 118.189.60.142:9000,135589.0,,,,,,,,,,,,,,,,,,,,,,,,,,,,,,,,,,,,,,,,,,,,,,,,,,,2026-01-07 20:04:32.664000+00:00,
2026-01-07T20:04:35.212Z,DIAL_CHECK_START,16Uiu2HAmPt7ihNAGF3642nEv2nis1q7opMxP8N5P9vCbySn8D4k8,,,,,,,,,,,,,,,,,,,,,,,,2.0,0.0,1135.0,,,,,,,,,,,,,,,,,,,,,,,,,,,,,,,,,,,,,,,,,,,,,,,,,,,,,,2026-01-07 20:04:35.212000+00:00,
2026-01-07T20:04:35.212Z,DIAL_ATTEMPT_START,16Uiu2HAmPt7ihNAGF3642nEv2nis1q7opMxP8N5P9vCbySn8D4k8,,,,,,,,,,,,,,,,,,,1135.0,,,,1767816275212.0,,,,,,,,,,,,,,,,,,,,,,,,,,,,,,,,,,,,,,,,,,,,,,,,,,,,,,,,,2026-01-07 20:04:35.212000+00:00,
2026-01-07T20:04:35.213Z,DISCOVERY_DIAL_DECISION,16Uiu2HAmPt7ihNAGF3642nEv2nis1q7opMxP8N5P9vCbySn8D4k8,,,,,,,,,,,,,,,,,,,,,,,,2.0,0.0,,attempt_dial,,,,,,,,,,,,,,,,,,,,,,,,,,,,,,,,,,,,,,,,,,,,,,,,,,,,,2026-01-07 20:04:35.213000+00:00,
2026-01-07T20:04:35.686Z,DIAL_SUCCESS,16Uiu2HAmPt7ihNAGF3642nEv2nis1q7opMxP8N5P9vCbySn8D4k8,,,,,,,,,,,,,,,,,,,,,,,,,,,,,474.0,,,,,,,,,,,,,,,,,,,,,,,,,,,,,,,,,,,,,,,,,,,,,,,,,,,2026-01-07 20:04:35.686000+00:00,
2026-01-07T20:04:49.046Z,DIAL_FAILURE,16Uiu2HAmGQ1CCCjofcimrdkvyqfQQbnbBxdHmw9HuJXWrLydKygs,,,,,,,,,,,,,,,,,,,,,,,,,,,,connection error 95.217.111.111:53703: connect ETIMEDOUT 95.217.111.111:53703,134666.0,,,,,,,,,,,,,,,,,,,,,,,,,,,,,,,,,,,,,,,,,,,,,,,,,,,2026-01-07 20:04:49.046000+00:00,
2026-01-07T20:04:56.076Z,HEARTBEAT_DISCOVERY_NEEDED,unknown,,,,,,,,198.0,0.0,none,2.0,0.0,0.0,NO,0.0,0.0,9340224.0,9340224.0,,,,,,,,,,,,,,,,,,,,,,,,,,,,,,,,,,,,,,,,,,,,,,,,,,,,,,,,,,,,,,2026-01-07 20:04:56.076000+00:00,
2026-01-07T20:04:56.076Z,DISCOVERY_START,discovery,,,,,,,,,,,,,,,,,,,198.0,,2.0,,,,,,,,,,,,,,,,,,,,,,,,,,,,,,,,,,,,,,,,,,,,,,,,,,,,,,,,,,,2026-01-07 20:04:56.076000+00:00,
2026-01-07T20:04:56.542Z,DIAL_CHECK_START,16Uiu2HAkz9TuzqgwEYBV8oeFc7oHpgXo7A9f9vzCKrFjJ2GtCK21,,,,,,,,,,,,,,,,,,,,,,,,2.0,0.0,1332.0,,,,,,,,,,,,,,,,,,,,,,,,,,,,,,,,,,,,,,,,,,,,,,,,,,,,,,2026-01-07 20:04:56.542000+00:00,
2026-01-07T20:04:56.542Z,DIAL_ATTEMPT_START,16Uiu2HAkz9TuzqgwEYBV8oeFc7oHpgXo7A9f9vzCKrFjJ2GtCK21,,,,,,,,,,,,,,,,,,,1332.0,,,,1767816296542.0,,,,,,,,,,,,,,,,,,,,,,,,,,,,,,,,,,,,,,,,,,,,,,,,,,,,,,,,,2026-01-07 20:04:56.542000+00:00,
2026-01-07T20:04:56.543Z,DISCOVERY_DIAL_DECISION,16Uiu2HAkz9TuzqgwEYBV8oeFc7oHpgXo7A9f9vzCKrFjJ2GtCK21,,,,,,,,,,,,,,,,,,,,,,,,2.0,0.0,,attempt_dial,,,,,,,,,,,,,,,,,,,,,,,,,,,,,,,,,,,,,,,,,,,,,,,,,,,,,2026-01-07 20:04:56.543000+00:00,
2026-01-07T20:04:56.806Z,DIAL_FAILURE,16Uiu2HAkz9TuzqgwEYBV8oeFc7oHpgXo7A9f9vzCKrFjJ2GtCK21,,,,,,,,,,,,,,,,,,,,,,,,,,,,read ECONNRESET,264.0,,,,,,,,,,,,,,,,,,,,,,,,,,,,,,,,,,,,,,,,,,,,,,,,,,,2026-01-07 20:04:56.806000+00:00,
2026-01-07T20:05:00.386Z,DIAL_CHECK_START,16Uiu2HAmPt7ihNAGF3642nEv2nis1q7opMxP8N5P9vCbySn8D4k8,,,,,,,,,,,,,,,,,,,,,,,,2.0,0.0,1331.0,,,,,,,,,,,,,,,,,,,,,,,,,,,,,,,,,,,,,,,,,,,,,,,,,,,,,,2026-01-07 20:05:00.386000+00:00,
2026-01-07T20:05:00.386Z,DIAL_ATTEMPT_START,16Uiu2HAmPt7ihNAGF3642nEv2nis1q7opMxP8N5P9vCbySn8D4k8,,,,,,,,,,,,,,,,,,,1331.0,,,,1767816300386.0,,,,,,,,,,,,,,,,,,,,,,,,,,,,,,,,,,,,,,,,,,,,,,,,,,,,,,,,,2026-01-07 20:05:00.386000+00:00,
2026-01-07T20:05:00.386Z,DISCOVERY_DIAL_DECISION,16Uiu2HAmPt7ihNAGF3642nEv2nis1q7opMxP8N5P9vCbySn8D4k8,,,,,,,,,,,,,,,,,,,,,,,,2.0,0.0,,attempt_dial,,,,,,,,,,,,,,,,,,,,,,,,,,,,,,,,,,,,,,,,,,,,,,,,,,,,,2026-01-07 20:05:00.386000+00:00,
2026-01-07T20:05:00.508Z,DIAL_CHECK_START,16Uiu2HAmSiTdL3anbmHSTkStNusahPRVxEukm5sBtH4qRpuoQZ9C,,,,,,,,,,,,,,,,,,,,,,,,2.0,0.0,1330.0,,,,,,,,,,,,,,,,,,,,,,,,,,,,,,,,,,,,,,,,,,,,,,,,,,,,,,2026-01-07 20:05:00.508000+00:00,
2026-01-07T20:05:00.508Z,DIAL_ATTEMPT_START,16Uiu2HAmSiTdL3anbmHSTkStNusahPRVxEukm5sBtH4qRpuoQZ9C,,,,,,,,,,,,,,,,,,,1330.0,,,,1767816300508.0,,,,,,,,,,,,,,,,,,,,,,,,,,,,,,,,,,,,,,,,,,,,,,,,,,,,,,,,,2026-01-07 20:05:00.508000+00:00,
2026-01-07T20:05:00.508Z,DISCOVERY_DIAL_DECISION,16Uiu2HAmSiTdL3anbmHSTkStNusahPRVxEukm5sBtH4qRpuoQZ9C,,,,,,,,,,,,,,,,,,,,,,,,2.0,0.0,,attempt_dial,,,,,,,,,,,,,,,,,,,,,,,,,,,,,,,,,,,,,,,,,,,,,,,,,,,,,2026-01-07 20:05:00.508000+00:00,
2026-01-07T20:05:00.857Z,DIAL_SUCCESS,16Uiu2HAmPt7ihNAGF3642nEv2nis1q7opMxP8N5P9vCbySn8D4k8,,,,,,,,,,,,,,,,,,,,,,,,,,,,,471.0,,,,,,,,,,,,,,,,,,,,,,,,,,,,,,,,,,,,,,,,,,,,,,,,,,,2026-01-07 20:05:00.857000+00:00,
2026-01-07T20:05:01.226Z,DIAL_CHECK_START,16Uiu2HAkz9TuzqgwEYBV8oeFc7oHpgXo7A9f9vzCKrFjJ2GtCK21,,,,,,,,,,,,,,,,,,,,,,,,2.0,0.0,1329.0,,,,,,,,,,,,,,,,,,,,,,,,,,,,,,,,,,,,,,,,,,,,,,,,,,,,,,2026-01-07 20:05:01.226000+00:00,
2026-01-07T20:05:01.226Z,DIAL_ATTEMPT_START,16Uiu2HAkz9TuzqgwEYBV8oeFc7oHpgXo7A9f9vzCKrFjJ2GtCK21,,,,,,,,,,,,,,,,,,,1329.0,,,,1767816301226.0,,,,,,,,,,,,,,,,,,,,,,,,,,,,,,,,,,,,,,,,,,,,,,,,,,,,,,,,,2026-01-07 20:05:01.226000+00:00,
2026-01-07T20:05:01.226Z,DISCOVERY_DIAL_DECISION,16Uiu2HAkz9TuzqgwEYBV8oeFc7oHpgXo7A9f9vzCKrFjJ2GtCK21,,,,,,,,,,,,,,,,,,,,,,,,2.0,0.0,,attempt_dial,,,,,,,,,,,,,,,,,,,,,,,,,,,,,,,,,,,,,,,,,,,,,,,,,,,,,2026-01-07 20:05:01.226000+00:00,
2026-01-07T20:05:01.343Z,DIAL_FAILURE,16Uiu2HAmP1UY3gNtrxSe6ZD9ghtspzPd8PVC6nYd8u18jmWwMXJc,,,,,,,,,,,,,,,,,,,,,,,,,,,,connection error 52.210.151.88:13000: connect ETIMEDOUT 52.210.151.88:13000,135052.0,,,,,,,,,,,,,,,,,,,,,,,,,,,,,,,,,,,,,,,,,,,,,,,,,,,2026-01-07 20:05:01.343000+00:00,
2026-01-07T20:05:01.484Z,DIAL_FAILURE,16Uiu2HAkz9TuzqgwEYBV8oeFc7oHpgXo7A9f9vzCKrFjJ2GtCK21,,,,,,,,,,,,,,,,,,,,,,,,,,,,read ECONNRESET,258.0,,,,,,,,,,,,,,,,,,,,,,,,,,,,,,,,,,,,,,,,,,,,,,,,,,,2026-01-07 20:05:01.484000+00:00,
2026-01-07T20:05:01.530Z,DIAL_CHECK_START,16Uiu2HAmR74oJYLFE5fbSp38mA3wmBo4MzTvQ7fbPxn7Shb86T3W,,,,,,,,,,,,,,,,,,,,,,,,2.0,0.0,1328.0,,,,,,,,,,,,,,,,,,,,,,,,,,,,,,,,,,,,,,,,,,,,,,,,,,,,,,2026-01-07 20:05:01.530000+00:00,
2026-01-07T20:05:01.530Z,DIAL_ATTEMPT_START,16Uiu2HAmR74oJYLFE5fbSp38mA3wmBo4MzTvQ7fbPxn7Shb86T3W,,,,,,,,,,,,,,,,,,,1328.0,,,,1767816301530.0,,,,,,,,,,,,,,,,,,,,,,,,,,,,,,,,,,,,,,,,,,,,,,,,,,,,,,,,,2026-01-07 20:05:01.530000+00:00,
2026-01-07T20:05:01.530Z,DISCOVERY_DIAL_DECISION,16Uiu2HAmR74oJYLFE5fbSp38mA3wmBo4MzTvQ7fbPxn7Shb86T3W,,,,,,,,,,,,,,,,,,,,,,,,2.0,0.0,,attempt_dial,,,,,,,,,,,,,,,,,,,,,,,,,,,,,,,,,,,,,,,,,,,,,,,,,,,,,2026-01-07 20:05:01.530000+00:00,
2026-01-07T20:05:01.694Z,DIAL_SUCCESS,16Uiu2HAmR74oJYLFE5fbSp38mA3wmBo4MzTvQ7fbPxn7Shb86T3W,,,,,,,,,,,,,,,,,,,,,,,,,,,,,164.0,,,,,,,,,,,,,,,,,,,,,,,,,,,,,,,,,,,,,,,,,,,,,,,,,,,2026-01-07 20:05:01.694000+00:00,
2026-01-07T20:05:03.072Z,DIAL_CHECK_START,16Uiu2HAmGQ1CCCjofcimrdkvyqfQQbnbBxdHmw9HuJXWrLydKygs,,,,,,,,,,,,,,,,,,,,,,,,2.0,0.0,1327.0,,,,,,,,,,,,,,,,,,,,,,,,,,,,,,,,,,,,,,,,,,,,,,,,,,,,,,2026-01-07 20:05:03.072000+00:00,
2026-01-07T20:05:03.072Z,DIAL_ATTEMPT_START,16Uiu2HAmGQ1CCCjofcimrdkvyqfQQbnbBxdHmw9HuJXWrLydKygs,,,,,,,,,,,,,,,,,,,1327.0,,,,1767816303072.0,,,,,,,,,,,,,,,,,,,,,,,,,,,,,,,,,,,,,,,,,,,,,,,,,,,,,,,,,2026-01-07 20:05:03.072000+00:00,
2026-01-07T20:05:03.073Z,DISCOVERY_DIAL_DECISION,16Uiu2HAmGQ1CCCjofcimrdkvyqfQQbnbBxdHmw9HuJXWrLydKygs,,,,,,,,,,,,,,,,,,,,,,,,2.0,0.0,,attempt_dial,,,,,,,,,,,,,,,,,,,,,,,,,,,,,,,,,,,,,,,,,,,,,,,,,,,,,2026-01-07 20:05:03.073000+00:00,
2026-01-07T20:05:05.872Z,DIAL_CHECK_START,16Uiu2HAkz9TuzqgwEYBV8oeFc7oHpgXo7A9f9vzCKrFjJ2GtCK21,,,,,,,,,,,,,,,,,,,,,,,,2.0,0.0,1326.0,,,,,,,,,,,,,,,,,,,,,,,,,,,,,,,,,,,,,,,,,,,,,,,,,,,,,,2026-01-07 20:05:05.872000+00:00,
2026-01-07T20:05:05.872Z,DIAL_ATTEMPT_START,16Uiu2HAkz9TuzqgwEYBV8oeFc7oHpgXo7A9f9vzCKrFjJ2GtCK21,,,,,,,,,,,,,,,,,,,1326.0,,,,1767816305872.0,,,,,,,,,,,,,,,,,,,,,,,,,,,,,,,,,,,,,,,,,,,,,,,,,,,,,,,,,2026-01-07 20:05:05.872000+00:00,
2026-01-07T20:05:05.872Z,DISCOVERY_DIAL_DECISION,16Uiu2HAkz9TuzqgwEYBV8oeFc7oHpgXo7A9f9vzCKrFjJ2GtCK21,,,,,,,,,,,,,,,,,,,,,,,,2.0,0.0,,attempt_dial,,,,,,,,,,,,,,,,,,,,,,,,,,,,,,,,,,,,,,,,,,,,,,,,,,,,,2026-01-07 20:05:05.872000+00:00,
2026-01-07T20:05:06.123Z,DIAL_FAILURE,16Uiu2HAkz9TuzqgwEYBV8oeFc7oHpgXo7A9f9vzCKrFjJ2GtCK21,,,,,,,,,,,,,,,,,,,,,,,,,,,,read ECONNRESET,251.0,,,,,,,,,,,,,,,,,,,,,,,,,,,,,,,,,,,,,,,,,,,,,,,,,,,2026-01-07 20:05:06.123000+00:00,
2026-01-07T20:05:06.128Z,DIAL_CHECK_START,16Uiu2HAmRkhtqtqwnztxKQdxAjiz9t8naLgLqhSEGVsjeki9e83Z,,,,,,,,,,,,,,,,,,,,,,,,2.0,0.0,1325.0,,,,,,,,,,,,,,,,,,,,,,,,,,,,,,,,,,,,,,,,,,,,,,,,,,,,,,2026-01-07 20:05:06.128000+00:00,
2026-01-07T20:05:06.128Z,DIAL_ATTEMPT_START,16Uiu2HAmRkhtqtqwnztxKQdxAjiz9t8naLgLqhSEGVsjeki9e83Z,,,,,,,,,,,,,,,,,,,1325.0,,,,1767816306128.0,,,,,,,,,,,,,,,,,,,,,,,,,,,,,,,,,,,,,,,,,,,,,,,,,,,,,,,,,2026-01-07 20:05:06.128000+00:00,
2026-01-07T20:05:06.128Z,DISCOVERY_DIAL_DECISION,16Uiu2HAmRkhtqtqwnztxKQdxAjiz9t8naLgLqhSEGVsjeki9e83Z,,,,,,,,,,,,,,,,,,,,,,,,2.0,0.0,,attempt_dial,,,,,,,,,,,,,,,,,,,,,,,,,,,,,,,,,,,,,,,,,,,,,,,,,,,,,2026-01-07 20:05:06.128000+00:00,
2026-01-07T20:05:06.228Z,DIAL_FAILURE,16Uiu2HAmRkhtqtqwnztxKQdxAjiz9t8naLgLqhSEGVsjeki9e83Z,,,,,,,,,,,,,,,,,,,,,,,,,,,,read ECONNRESET,100.0,,,,,,,,,,,,,,,,,,,,,,,,,,,,,,,,,,,,,,,,,,,,,,,,,,,2026-01-07 20:05:06.228000+00:00,
2026-01-07T20:05:07.573Z,DIAL_CHECK_START,16Uiu2HAkz9TuzqgwEYBV8oeFc7oHpgXo7A9f9vzCKrFjJ2GtCK21,,,,,,,,,,,,,,,,,,,,,,,,2.0,0.0,1324.0,,,,,,,,,,,,,,,,,,,,,,,,,,,,,,,,,,,,,,,,,,,,,,,,,,,,,,2026-01-07 20:05:07.573000+00:00,
2026-01-07T20:05:07.573Z,DIAL_ATTEMPT_START,16Uiu2HAkz9TuzqgwEYBV8oeFc7oHpgXo7A9f9vzCKrFjJ2GtCK21,,,,,,,,,,,,,,,,,,,1324.0,,,,1767816307573.0,,,,,,,,,,,,,,,,,,,,,,,,,,,,,,,,,,,,,,,,,,,,,,,,,,,,,,,,,2026-01-07 20:05:07.573000+00:00,
2026-01-07T20:05:07.574Z,DISCOVERY_DIAL_DECISION,16Uiu2HAkz9TuzqgwEYBV8oeFc7oHpgXo7A9f9vzCKrFjJ2GtCK21,,,,,,,,,,,,,,,,,,,,,,,,2.0,0.0,,attempt_dial,,,,,,,,,,,,,,,,,,,,,,,,,,,,,,,,,,,,,,,,,,,,,,,,,,,,,2026-01-07 20:05:07.574000+00:00,
2026-01-07T20:05:07.832Z,DIAL_FAILURE,16Uiu2HAkz9TuzqgwEYBV8oeFc7oHpgXo7A9f9vzCKrFjJ2GtCK21,,,,,,,,,,,,,,,,,,,,,,,,,,,,read ECONNRESET,259.0,,,,,,,,,,,,,,,,,,,,,,,,,,,,,,,,,,,,,,,,,,,,,,,,,,,2026-01-07 20:05:07.832000+00:00,
2026-01-07T20:05:08.849Z,DIAL_CHECK_START,16Uiu2HAkz9TuzqgwEYBV8oeFc7oHpgXo7A9f9vzCKrFjJ2GtCK21,,,,,,,,,,,,,,,,,,,,,,,,2.0,0.0,1323.0,,,,,,,,,,,,,,,,,,,,,,,,,,,,,,,,,,,,,,,,,,,,,,,,,,,,,,2026-01-07 20:05:08.849000+00:00,
2026-01-07T20:05:08.849Z,DIAL_ATTEMPT_START,16Uiu2HAkz9TuzqgwEYBV8oeFc7oHpgXo7A9f9vzCKrFjJ2GtCK21,,,,,,,,,,,,,,,,,,,1323.0,,,,1767816308849.0,,,,,,,,,,,,,,,,,,,,,,,,,,,,,,,,,,,,,,,,,,,,,,,,,,,,,,,,,2026-01-07 20:05:08.849000+00:00,
2026-01-07T20:05:08.849Z,DISCOVERY_DIAL_DECISION,16Uiu2HAkz9TuzqgwEYBV8oeFc7oHpgXo7A9f9vzCKrFjJ2GtCK21,,,,,,,,,,,,,,,,,,,,,,,,2.0,0.0,,attempt_dial,,,,,,,,,,,,,,,,,,,,,,,,,,,,,,,,,,,,,,,,,,,,,,,,,,,,,2026-01-07 20:05:08.849000+00:00,
2026-01-07T20:05:09.110Z,DIAL_FAILURE,16Uiu2HAkz9TuzqgwEYBV8oeFc7oHpgXo7A9f9vzCKrFjJ2GtCK21,,,,,,,,,,,,,,,,,,,,,,,,,,,,read ECONNRESET,261.0,,,,,,,,,,,,,,,,,,,,,,,,,,,,,,,,,,,,,,,,,,,,,,,,,,,2026-01-07 20:05:09.110000+00:00,
2026-01-07T20:05:09.400Z,DIAL_CHECK_START,16Uiu2HAkz9TuzqgwEYBV8oeFc7oHpgXo7A9f9vzCKrFjJ2GtCK21,,,,,,,,,,,,,,,,,,,,,,,,2.0,0.0,1322.0,,,,,,,,,,,,,,,,,,,,,,,,,,,,,,,,,,,,,,,,,,,,,,,,,,,,,,2026-01-07 20:05:09.400000+00:00,
2026-01-07T20:05:09.400Z,DIAL_ATTEMPT_START,16Uiu2HAkz9TuzqgwEYBV8oeFc7oHpgXo7A9f9vzCKrFjJ2GtCK21,,,,,,,,,,,,,,,,,,,1322.0,,,,1767816309400.0,,,,,,,,,,,,,,,,,,,,,,,,,,,,,,,,,,,,,,,,,,,,,,,,,,,,,,,,,2026-01-07 20:05:09.400000+00:00,
2026-01-07T20:05:09.400Z,DISCOVERY_DIAL_DECISION,16Uiu2HAkz9TuzqgwEYBV8oeFc7oHpgXo7A9f9vzCKrFjJ2GtCK21,,,,,,,,,,,,,,,,,,,,,,,,2.0,0.0,,attempt_dial,,,,,,,,,,,,,,,,,,,,,,,,,,,,,,,,,,,,,,,,,,,,,,,,,,,,,2026-01-07 20:05:09.400000+00:00,
2026-01-07T20:05:09.527Z,DIAL_FAILURE,16Uiu2HAmVawXbYdtfRJPLZStFpFErrDRfeLjtUXMsWKo6zULHNYo,,,,,,,,,,,,,,,,,,,,,,,,,,,,connection error 134.65.194.66:5194: connect ETIMEDOUT 134.65.194.66:5194,136169.0,,,,,,,,,,,,,,,,,,,,,,,,,,,,,,,,,,,,,,,,,,,,,,,,,,,2026-01-07 20:05:09.527000+00:00,
2026-01-07T20:05:09.650Z,DIAL_FAILURE,16Uiu2HAkz9TuzqgwEYBV8oeFc7oHpgXo7A9f9vzCKrFjJ2GtCK21,,,,,,,,,,,,,,,,,,,,,,,,,,,,read ECONNRESET,250.0,,,,,,,,,,,,,,,,,,,,,,,,,,,,,,,,,,,,,,,,,,,,,,,,,,,2026-01-07 20:05:09.650000+00:00,
2026-01-07T20:05:10.290Z,DIAL_CHECK_START,16Uiu2HAmP1UY3gNtrxSe6ZD9ghtspzPd8PVC6nYd8u18jmWwMXJc,,,,,,,,,,,,,,,,,,,,,,,,2.0,0.0,1321.0,,,,,,,,,,,,,,,,,,,,,,,,,,,,,,,,,,,,,,,,,,,,,,,,,,,,,,2026-01-07 20:05:10.290000+00:00,
2026-01-07T20:05:10.290Z,DIAL_ATTEMPT_START,16Uiu2HAmP1UY3gNtrxSe6ZD9ghtspzPd8PVC6nYd8u18jmWwMXJc,,,,,,,,,,,,,,,,,,,1321.0,,,,1767816310290.0,,,,,,,,,,,,,,,,,,,,,,,,,,,,,,,,,,,,,,,,,,,,,,,,,,,,,,,,,2026-01-07 20:05:10.290000+00:00,
2026-01-07T20:05:10.290Z,DISCOVERY_DIAL_DECISION,16Uiu2HAmP1UY3gNtrxSe6ZD9ghtspzPd8PVC6nYd8u18jmWwMXJc,,,,,,,,,,,,,,,,,,,,,,,,2.0,0.0,,attempt_dial,,,,,,,,,,,,,,,,,,,,,,,,,,,,,,,,,,,,,,,,,,,,,,,,,,,,,2026-01-07 20:05:10.290000+00:00,
2026-01-07T20:05:10.962Z,DIAL_CHECK_START,16Uiu2HAkz9TuzqgwEYBV8oeFc7oHpgXo7A9f9vzCKrFjJ2GtCK21,,,,,,,,,,,,,,,,,,,,,,,,2.0,0.0,1320.0,,,,,,,,,,,,,,,,,,,,,,,,,,,,,,,,,,,,,,,,,,,,,,,,,,,,,,2026-01-07 20:05:10.962000+00:00,
2026-01-07T20:05:10.962Z,DIAL_ATTEMPT_START,16Uiu2HAkz9TuzqgwEYBV8oeFc7oHpgXo7A9f9vzCKrFjJ2GtCK21,,,,,,,,,,,,,,,,,,,1320.0,,,,1767816310962.0,,,,,,,,,,,,,,,,,,,,,,,,,,,,,,,,,,,,,,,,,,,,,,,,,,,,,,,,,2026-01-07 20:05:10.962000+00:00,
2026-01-07T20:05:10.962Z,DISCOVERY_DIAL_DECISION,16Uiu2HAkz9TuzqgwEYBV8oeFc7oHpgXo7A9f9vzCKrFjJ2GtCK21,,,,,,,,,,,,,,,,,,,,,,,,2.0,0.0,,attempt_dial,,,,,,,,,,,,,,,,,,,,,,,,,,,,,,,,,,,,,,,,,,,,,,,,,,,,,2026-01-07 20:05:10.962000+00:00,
2026-01-07T20:05:11.218Z,DIAL_FAILURE,16Uiu2HAkz9TuzqgwEYBV8oeFc7oHpgXo7A9f9vzCKrFjJ2GtCK21,,,,,,,,,,,,,,,,,,,,,,,,,,,,read ECONNRESET,256.0,,,,,,,,,,,,,,,,,,,,,,,,,,,,,,,,,,,,,,,,,,,,,,,,,,,2026-01-07 20:05:11.218000+00:00,
2026-01-07T20:05:13.668Z,DIAL_CHECK_START,16Uiu2HAmR74oJYLFE5fbSp38mA3wmBo4MzTvQ7fbPxn7Shb86T3W,,,,,,,,,,,,,,,,,,,,,,,,2.0,0.0,1319.0,,,,,,,,,,,,,,,,,,,,,,,,,,,,,,,,,,,,,,,,,,,,,,,,,,,,,,2026-01-07 20:05:13.668000+00:00,
2026-01-07T20:05:13.668Z,DIAL_ATTEMPT_START,16Uiu2HAmR74oJYLFE5fbSp38mA3wmBo4MzTvQ7fbPxn7Shb86T3W,,,,,,,,,,,,,,,,,,,1319.0,,,,1767816313668.0,,,,,,,,,,,,,,,,,,,,,,,,,,,,,,,,,,,,,,,,,,,,,,,,,,,,,,,,,2026-01-07 20:05:13.668000+00:00,
2026-01-07T20:05:13.668Z,DISCOVERY_DIAL_DECISION,16Uiu2HAmR74oJYLFE5fbSp38mA3wmBo4MzTvQ7fbPxn7Shb86T3W,,,,,,,,,,,,,,,,,,,,,,,,2.0,0.0,,attempt_dial,,,,,,,,,,,,,,,,,,,,,,,,,,,,,,,,,,,,,,,,,,,,,,,,,,,,,2026-01-07 20:05:13.668000+00:00,
2026-01-07T20:05:13.834Z,DIAL_SUCCESS,16Uiu2HAmR74oJYLFE5fbSp38mA3wmBo4MzTvQ7fbPxn7Shb86T3W,,,,,,,,,,,,,,,,,,,,,,,,,,,,,166.0,,,,,,,,,,,,,,,,,,,,,,,,,,,,,,,,,,,,,,,,,,,,,,,,,,,2026-01-07 20:05:13.834000+00:00,
2026-01-07T20:05:15.705Z,DIAL_CHECK_START,16Uiu2HAkz9TuzqgwEYBV8oeFc7oHpgXo7A9f9vzCKrFjJ2GtCK21,,,,,,,,,,,,,,,,,,,,,,,,2.0,0.0,1318.0,,,,,,,,,,,,,,,,,,,,,,,,,,,,,,,,,,,,,,,,,,,,,,,,,,,,,,2026-01-07 20:05:15.705000+00:00,
2026-01-07T20:05:15.705Z,DIAL_ATTEMPT_START,16Uiu2HAkz9TuzqgwEYBV8oeFc7oHpgXo7A9f9vzCKrFjJ2GtCK21,,,,,,,,,,,,,,,,,,,1318.0,,,,1767816315705.0,,,,,,,,,,,,,,,,,,,,,,,,,,,,,,,,,,,,,,,,,,,,,,,,,,,,,,,,,2026-01-07 20:05:15.705000+00:00,
2026-01-07T20:05:15.705Z,DISCOVERY_DIAL_DECISION,16Uiu2HAkz9TuzqgwEYBV8oeFc7oHpgXo7A9f9vzCKrFjJ2GtCK21,,,,,,,,,,,,,,,,,,,,,,,,2.0,0.0,,attempt_dial,,,,,,,,,,,,,,,,,,,,,,,,,,,,,,,,,,,,,,,,,,,,,,,,,,,,,2026-01-07 20:05:15.705000+00:00,
2026-01-07T20:05:15.964Z,DIAL_FAILURE,16Uiu2HAkz9TuzqgwEYBV8oeFc7oHpgXo7A9f9vzCKrFjJ2GtCK21,,,,,,,,,,,,,,,,,,,,,,,,,,,,read ECONNRESET,259.0,,,,,,,,,,,,,,,,,,,,,,,,,,,,,,,,,,,,,,,,,,,,,,,,,,,2026-01-07 20:05:15.964000+00:00,
2026-01-07T20:05:17.878Z,DIAL_CHECK_START,16Uiu2HAkz9TuzqgwEYBV8oeFc7oHpgXo7A9f9vzCKrFjJ2GtCK21,,,,,,,,,,,,,,,,,,,,,,,,2.0,0.0,1317.0,,,,,,,,,,,,,,,,,,,,,,,,,,,,,,,,,,,,,,,,,,,,,,,,,,,,,,2026-01-07 20:05:17.878000+00:00,
2026-01-07T20:05:17.878Z,DIAL_ATTEMPT_START,16Uiu2HAkz9TuzqgwEYBV8oeFc7oHpgXo7A9f9vzCKrFjJ2GtCK21,,,,,,,,,,,,,,,,,,,1317.0,,,,1767816317878.0,,,,,,,,,,,,,,,,,,,,,,,,,,,,,,,,,,,,,,,,,,,,,,,,,,,,,,,,,2026-01-07 20:05:17.878000+00:00,
2026-01-07T20:05:17.878Z,DISCOVERY_DIAL_DECISION,16Uiu2HAkz9TuzqgwEYBV8oeFc7oHpgXo7A9f9vzCKrFjJ2GtCK21,,,,,,,,,,,,,,,,,,,,,,,,2.0,0.0,,attempt_dial,,,,,,,,,,,,,,,,,,,,,,,,,,,,,,,,,,,,,,,,,,,,,,,,,,,,,2026-01-07 20:05:17.878000+00:00,
2026-01-07T20:05:18.142Z,DIAL_FAILURE,16Uiu2HAkz9TuzqgwEYBV8oeFc7oHpgXo7A9f9vzCKrFjJ2GtCK21,,,,,,,,,,,,,,,,,,,,,,,,,,,,read ECONNRESET,264.0,,,,,,,,,,,,,,,,,,,,,,,,,,,,,,,,,,,,,,,,,,,,,,,,,,,2026-01-07 20:05:18.142000+00:00,
2026-01-07T20:05:22.141Z,DIAL_CHECK_START,16Uiu2HAkuUozoV7Jz41XXC3LXwVxXfNVbWbKigaW3pBzM6AvnNF8,,,,,,,,,,,,,,,,,,,,,,,,2.0,0.0,1316.0,,,,,,,,,,,,,,,,,,,,,,,,,,,,,,,,,,,,,,,,,,,,,,,,,,,,,,2026-01-07 20:05:22.141000+00:00,
2026-01-07T20:05:22.141Z,DIAL_ATTEMPT_START,16Uiu2HAkuUozoV7Jz41XXC3LXwVxXfNVbWbKigaW3pBzM6AvnNF8,,,,,,,,,,,,,,,,,,,1316.0,,,,1767816322141.0,,,,,,,,,,,,,,,,,,,,,,,,,,,,,,,,,,,,,,,,,,,,,,,,,,,,,,,,,2026-01-07 20:05:22.141000+00:00,
2026-01-07T20:05:22.141Z,DISCOVERY_DIAL_DECISION,16Uiu2HAkuUozoV7Jz41XXC3LXwVxXfNVbWbKigaW3pBzM6AvnNF8,,,,,,,,,,,,,,,,,,,,,,,,2.0,0.0,,attempt_dial,,,,,,,,,,,,,,,,,,,,,,,,,,,,,,,,,,,,,,,,,,,,,,,,,,,,,2026-01-07 20:05:22.141000+00:00,
2026-01-07T20:05:22.408Z,DIAL_CHECK_START,16Uiu2HAmRkhtqtqwnztxKQdxAjiz9t8naLgLqhSEGVsjeki9e83Z,,,,,,,,,,,,,,,,,,,,,,,,2.0,0.0,1315.0,,,,,,,,,,,,,,,,,,,,,,,,,,,,,,,,,,,,,,,,,,,,,,,,,,,,,,2026-01-07 20:05:22.408000+00:00,
2026-01-07T20:05:22.408Z,DIAL_ATTEMPT_START,16Uiu2HAmRkhtqtqwnztxKQdxAjiz9t8naLgLqhSEGVsjeki9e83Z,,,,,,,,,,,,,,,,,,,1315.0,,,,1767816322408.0,,,,,,,,,,,,,,,,,,,,,,,,,,,,,,,,,,,,,,,,,,,,,,,,,,,,,,,,,2026-01-07 20:05:22.408000+00:00,
2026-01-07T20:05:22.409Z,DISCOVERY_DIAL_DECISION,16Uiu2HAmRkhtqtqwnztxKQdxAjiz9t8naLgLqhSEGVsjeki9e83Z,,,,,,,,,,,,,,,,,,,,,,,,2.0,0.0,,attempt_dial,,,,,,,,,,,,,,,,,,,,,,,,,,,,,,,,,,,,,,,,,,,,,,,,,,,,,2026-01-07 20:05:22.409000+00:00,
2026-01-07T20:05:22.517Z,DIAL_FAILURE,16Uiu2HAmRkhtqtqwnztxKQdxAjiz9t8naLgLqhSEGVsjeki9e83Z,,,,,,,,,,,,,,,,,,,,,,,,,,,,read ECONNRESET,109.0,,,,,,,,,,,,,,,,,,,,,,,,,,,,,,,,,,,,,,,,,,,,,,,,,,,2026-01-07 20:05:22.517000+00:00,
2026-01-07T20:05:24.764Z,DIAL_CHECK_START,16Uiu2HAmRkhtqtqwnztxKQdxAjiz9t8naLgLqhSEGVsjeki9e83Z,,,,,,,,,,,,,,,,,,,,,,,,2.0,0.0,1314.0,,,,,,,,,,,,,,,,,,,,,,,,,,,,,,,,,,,,,,,,,,,,,,,,,,,,,,2026-01-07 20:05:24.764000+00:00,
2026-01-07T20:05:24.764Z,DIAL_ATTEMPT_START,16Uiu2HAmRkhtqtqwnztxKQdxAjiz9t8naLgLqhSEGVsjeki9e83Z,,,,,,,,,,,,,,,,,,,1314.0,,,,1767816324764.0,,,,,,,,,,,,,,,,,,,,,,,,,,,,,,,,,,,,,,,,,,,,,,,,,,,,,,,,,2026-01-07 20:05:24.764000+00:00,
2026-01-07T20:05:24.764Z,DISCOVERY_DIAL_DECISION,16Uiu2HAmRkhtqtqwnztxKQdxAjiz9t8naLgLqhSEGVsjeki9e83Z,,,,,,,,,,,,,,,,,,,,,,,,2.0,0.0,,attempt_dial,,,,,,,,,,,,,,,,,,,,,,,,,,,,,,,,,,,,,,,,,,,,,,,,,,,,,2026-01-07 20:05:24.764000+00:00,
2026-01-07T20:05:24.865Z,DIAL_FAILURE,16Uiu2HAmRkhtqtqwnztxKQdxAjiz9t8naLgLqhSEGVsjeki9e83Z,,,,,,,,,,,,,,,,,,,,,,,,,,,,read ECONNRESET,101.0,,,,,,,,,,,,,,,,,,,,,,,,,,,,,,,,,,,,,,,,,,,,,,,,,,,2026-01-07 20:05:24.865000+00:00,
2026-01-07T20:05:25.000Z,DIAL_CHECK_START,16Uiu2HAkz9TuzqgwEYBV8oeFc7oHpgXo7A9f9vzCKrFjJ2GtCK21,,,,,,,,,,,,,,,,,,,,,,,,2.0,0.0,1313.0,,,,,,,,,,,,,,,,,,,,,,,,,,,,,,,,,,,,,,,,,,,,,,,,,,,,,,2026-01-07 20:05:25+00:00,
2026-01-07T20:05:25.000Z,DIAL_ATTEMPT_START,16Uiu2HAkz9TuzqgwEYBV8oeFc7oHpgXo7A9f9vzCKrFjJ2GtCK21,,,,,,,,,,,,,,,,,,,1313.0,,,,1767816325000.0,,,,,,,,,,,,,,,,,,,,,,,,,,,,,,,,,,,,,,,,,,,,,,,,,,,,,,,,,2026-01-07 20:05:25+00:00,
2026-01-07T20:05:25.000Z,DISCOVERY_DIAL_DECISION,16Uiu2HAkz9TuzqgwEYBV8oeFc7oHpgXo7A9f9vzCKrFjJ2GtCK21,,,,,,,,,,,,,,,,,,,,,,,,2.0,0.0,,attempt_dial,,,,,,,,,,,,,,,,,,,,,,,,,,,,,,,,,,,,,,,,,,,,,,,,,,,,,2026-01-07 20:05:25+00:00,
2026-01-07T20:05:25.265Z,DIAL_FAILURE,16Uiu2HAkz9TuzqgwEYBV8oeFc7oHpgXo7A9f9vzCKrFjJ2GtCK21,,,,,,,,,,,,,,,,,,,,,,,,,,,,read ECONNRESET,265.0,,,,,,,,,,,,,,,,,,,,,,,,,,,,,,,,,,,,,,,,,,,,,,,,,,,2026-01-07 20:05:25.265000+00:00,
2026-01-07T20:05:25.872Z,DIAL_CHECK_START,16Uiu2HAmQTYS2ww7z5b56X3zpevJAEG2CMV8DjmFJFgmDoEHCadQ,,,,,,,,,,,,,,,,,,,,,,,,2.0,0.0,1312.0,,,,,,,,,,,,,,,,,,,,,,,,,,,,,,,,,,,,,,,,,,,,,,,,,,,,,,2026-01-07 20:05:25.872000+00:00,
2026-01-07T20:05:25.873Z,DIAL_ATTEMPT_START,16Uiu2HAmQTYS2ww7z5b56X3zpevJAEG2CMV8DjmFJFgmDoEHCadQ,,,,,,,,,,,,,,,,,,,1312.0,,,,1767816325873.0,,,,,,,,,,,,,,,,,,,,,,,,,,,,,,,,,,,,,,,,,,,,,,,,,,,,,,,,,2026-01-07 20:05:25.873000+00:00,
2026-01-07T20:05:25.873Z,DISCOVERY_DIAL_DECISION,16Uiu2HAmQTYS2ww7z5b56X3zpevJAEG2CMV8DjmFJFgmDoEHCadQ,,,,,,,,,,,,,,,,,,,,,,,,2.0,0.0,,attempt_dial,,,,,,,,,,,,,,,,,,,,,,,,,,,,,,,,,,,,,,,,,,,,,,,,,,,,,2026-01-07 20:05:25.873000+00:00,
2026-01-07T20:05:25.874Z,DIAL_CHECK_START,16Uiu2HAmQTYS2ww7z5b56X3zpevJAEG2CMV8DjmFJFgmDoEHCadQ,,,,,,,,,,,,,,,,,,,,,,,,0.0,0.0,1311.0,,,,,,,,,,,,,,,,,,,,,,,,,,,,,,,,,,,,,,,,,,,,,,,,,,,,,,2026-01-07 20:05:25.874000+00:00,
2026-01-07T20:05:25.874Z,DIAL_ATTEMPT_START,16Uiu2HAmQTYS2ww7z5b56X3zpevJAEG2CMV8DjmFJFgmDoEHCadQ,,,,,,,,,,,,,,,,,,,1311.0,,,,1767816325874.0,,,,,,,,,,,,,,,,,,,,,,,,,,,,,,,,,,,,,,,,,,,,,,,,,,,,,,,,,2026-01-07 20:05:25.874000+00:00,
2026-01-07T20:05:25.874Z,DISCOVERY_DIAL_DECISION,16Uiu2HAmQTYS2ww7z5b56X3zpevJAEG2CMV8DjmFJFgmDoEHCadQ,,,,,,,,,,,,,,,,,,,,,,,,0.0,0.0,,attempt_dial,,,,,,,,,,,,,,,,,,,,,,,,,,,,,,,,,,,,,,,,,,,,,,,,,,,,,2026-01-07 20:05:25.874000+00:00,
2026-01-07T20:05:26.078Z,DISCOVERY_FINDNODE_RESULT,unknown,,,,,,,,,,,,,,,,,,,,,,,,,,,,,,,,,,,,,,,,,,,,,,,,,,,,,,,,,,,,,,,,,,,16.0,60005.0,,,,,,,,,,,,2026-01-07 20:05:26.078000+00:00,
2026-01-07T20:05:26.079Z,HEARTBEAT_DISCOVERY_NEEDED,unknown,,,,,,,,197.0,0.0,none,2.0,0.0,0.0,NO,0.0,0.0,9340227.0,9340227.0,,,,,,,,,,,,,,,,,,,,,,,,,,,,,,,,,,,,,,,,,,,,,,,,,,,,,,,,,,,,,,2026-01-07 20:05:26.079000+00:00,
2026-01-07T20:05:26.079Z,DISCOVERY_START,discovery,,,,,,,,,,,,,,,,,,,197.0,,2.0,,,,,,,,,,,,,,,,,,,,,,,,,,,,,,,,,,,,,,,,,,,,,,,,,,,,,,,,,,,2026-01-07 20:05:26.079000+00:00,
2026-01-07T20:05:26.079Z,DISCOVERY_FINDNODE_START,unknown,,,,,,,,,,,,,,,,,,,1507.0,,,0.0,1767816326079.0,,,,,,,,,,,,,,,,,,,,,,,,,,,,,,,,,,,,,,,,,,,,,,,,,,,,,,,,,2026-01-07 20:05:26.079000+00:00,
2026-01-07T20:05:26.939Z,DIAL_CHECK_START,16Uiu2HAm6roUJb3gVWyXj8bCtQLJ6397pge22A333984mwCaNRFj,,,,,,,,,,,,,,,,,,,,,,,,2.0,0.0,1507.0,,,,,,,,,,,,,,,,,,,,,,,,,,,,,,,,,,,,,,,,,,,,,,,,,,,,,,2026-01-07 20:05:26.939000+00:00,
2026-01-07T20:05:26.939Z,DIAL_ATTEMPT_START,16Uiu2HAm6roUJb3gVWyXj8bCtQLJ6397pge22A333984mwCaNRFj,,,,,,,,,,,,,,,,,,,1507.0,,,,1767816326939.0,,,,,,,,,,,,,,,,,,,,,,,,,,,,,,,,,,,,,,,,,,,,,,,,,,,,,,,,,2026-01-07 20:05:26.939000+00:00,
2026-01-07T20:05:26.939Z,DISCOVERY_DIAL_DECISION,16Uiu2HAm6roUJb3gVWyXj8bCtQLJ6397pge22A333984mwCaNRFj,,,,,,,,,,,,,,,,,,,,,,,,2.0,0.0,,attempt_dial,,,,,,,,,,,,,,,,,,,,,,,,,,,,,,,,,,,,,,,,,,,,,,,,,,,,,2026-01-07 20:05:26.939000+00:00,
2026-01-07T20:05:26.991Z,DIAL_CHECK_START,16Uiu2HAmFr65JAVPDUYQbZBxDhy5f2UrSVC3hKhkLcxprpKp6ESq,,,,,,,,,,,,,,,,,,,,,,,,2.0,0.0,1506.0,,,,,,,,,,,,,,,,,,,,,,,,,,,,,,,,,,,,,,,,,,,,,,,,,,,,,,2026-01-07 20:05:26.991000+00:00,
2026-01-07T20:05:26.991Z,DIAL_ATTEMPT_START,16Uiu2HAmFr65JAVPDUYQbZBxDhy5f2UrSVC3hKhkLcxprpKp6ESq,,,,,,,,,,,,,,,,,,,1506.0,,,,1767816326991.0,,,,,,,,,,,,,,,,,,,,,,,,,,,,,,,,,,,,,,,,,,,,,,,,,,,,,,,,,2026-01-07 20:05:26.991000+00:00,
2026-01-07T20:05:26.992Z,DISCOVERY_DIAL_DECISION,16Uiu2HAmFr65JAVPDUYQbZBxDhy5f2UrSVC3hKhkLcxprpKp6ESq,,,,,,,,,,,,,,,,,,,,,,,,2.0,0.0,,attempt_dial,,,,,,,,,,,,,,,,,,,,,,,,,,,,,,,,,,,,,,,,,,,,,,,,,,,,,2026-01-07 20:05:26.992000+00:00,
2026-01-07T20:05:27.107Z,DIAL_CHECK_START,16Uiu2HAmRiuEYNcaQiBxjoMcgv2bjSfPGb4xu7UmokyHnsQHNzQX,,,,,,,,,,,,,,,,,,,,,,,,2.0,0.0,1505.0,,,,,,,,,,,,,,,,,,,,,,,,,,,,,,,,,,,,,,,,,,,,,,,,,,,,,,2026-01-07 20:05:27.107000+00:00,
2026-01-07T20:05:27.107Z,DIAL_ATTEMPT_START,16Uiu2HAmRiuEYNcaQiBxjoMcgv2bjSfPGb4xu7UmokyHnsQHNzQX,,,,,,,,,,,,,,,,,,,1505.0,,,,1767816327107.0,,,,,,,,,,,,,,,,,,,,,,,,,,,,,,,,,,,,,,,,,,,,,,,,,,,,,,,,,2026-01-07 20:05:27.107000+00:00,
2026-01-07T20:05:27.107Z,DISCOVERY_DIAL_DECISION,16Uiu2HAmRiuEYNcaQiBxjoMcgv2bjSfPGb4xu7UmokyHnsQHNzQX,,,,,,,,,,,,,,,,,,,,,,,,2.0,0.0,,attempt_dial,,,,,,,,,,,,,,,,,,,,,,,,,,,,,,,,,,,,,,,,,,,,,,,,,,,,,2026-01-07 20:05:27.107000+00:00,
2026-01-07T20:05:27.108Z,DIAL_CHECK_START,16Uiu2HAmRiuEYNcaQiBxjoMcgv2bjSfPGb4xu7UmokyHnsQHNzQX,,,,,,,,,,,,,,,,,,,,,,,,0.0,0.0,1504.0,,,,,,,,,,,,,,,,,,,,,,,,,,,,,,,,,,,,,,,,,,,,,,,,,,,,,,2026-01-07 20:05:27.108000+00:00,
2026-01-07T20:05:27.108Z,DIAL_ATTEMPT_START,16Uiu2HAmRiuEYNcaQiBxjoMcgv2bjSfPGb4xu7UmokyHnsQHNzQX,,,,,,,,,,,,,,,,,,,1504.0,,,,1767816327108.0,,,,,,,,,,,,,,,,,,,,,,,,,,,,,,,,,,,,,,,,,,,,,,,,,,,,,,,,,2026-01-07 20:05:27.108000+00:00,
2026-01-07T20:05:27.108Z,DISCOVERY_DIAL_DECISION,16Uiu2HAmRiuEYNcaQiBxjoMcgv2bjSfPGb4xu7UmokyHnsQHNzQX,,,,,,,,,,,,,,,,,,,,,,,,0.0,0.0,,attempt_dial,,,,,,,,,,,,,,,,,,,,,,,,,,,,,,,,,,,,,,,,,,,,,,,,,,,,,2026-01-07 20:05:27.108000+00:00,
2026-01-07T20:05:27.155Z,DIAL_FAILURE,16Uiu2HAmRiuEYNcaQiBxjoMcgv2bjSfPGb4xu7UmokyHnsQHNzQX,,,,,,,,,,,,,,,,,,,,,,,,,,,,unexpected end of input,47.0,,,,,,,,,,,,,,,,,,,,,,,,,,,,,,,,,,,,,,,,,,,,,,,,,,,2026-01-07 20:05:27.155000+00:00,
2026-01-07T20:05:27.155Z,DIAL_FAILURE,16Uiu2HAmRiuEYNcaQiBxjoMcgv2bjSfPGb4xu7UmokyHnsQHNzQX,,,,,,,,,,,,,,,,,,,,,,,,,,,,unexpected end of input,48.0,,,,,,,,,,,,,,,,,,,,,,,,,,,,,,,,,,,,,,,,,,,,,,,,,,,2026-01-07 20:05:27.155000+00:00,
2026-01-07T20:05:27.163Z,DIAL_SUCCESS,16Uiu2HAmFr65JAVPDUYQbZBxDhy5f2UrSVC3hKhkLcxprpKp6ESq,,,,,,,,,,,,,,,,,,,,,,,,,,,,,172.0,,,,,,,,,,,,,,,,,,,,,,,,,,,,,,,,,,,,,,,,,,,,,,,,,,,2026-01-07 20:05:27.163000+00:00,
2026-01-07T20:05:27.362Z,DIAL_CHECK_START,16Uiu2HAmSoQnws9jzyvVxYxVDLDLkPJnaw4AhtiXxLVrWFdYNGM3,,,,,,,,,,,,,,,,,,,,,,,,2.0,0.0,1503.0,,,,,,,,,,,,,,,,,,,,,,,,,,,,,,,,,,,,,,,,,,,,,,,,,,,,,,2026-01-07 20:05:27.362000+00:00,
2026-01-07T20:05:27.362Z,DIAL_ATTEMPT_START,16Uiu2HAmSoQnws9jzyvVxYxVDLDLkPJnaw4AhtiXxLVrWFdYNGM3,,,,,,,,,,,,,,,,,,,1503.0,,,,1767816327362.0,,,,,,,,,,,,,,,,,,,,,,,,,,,,,,,,,,,,,,,,,,,,,,,,,,,,,,,,,2026-01-07 20:05:27.362000+00:00,
2026-01-07T20:05:27.362Z,DISCOVERY_DIAL_DECISION,16Uiu2HAmSoQnws9jzyvVxYxVDLDLkPJnaw4AhtiXxLVrWFdYNGM3,,,,,,,,,,,,,,,,,,,,,,,,2.0,0.0,,attempt_dial,,,,,,,,,,,,,,,,,,,,,,,,,,,,,,,,,,,,,,,,,,,,,,,,,,,,,2026-01-07 20:05:27.362000+00:00,
2026-01-07T20:05:27.364Z,DIAL_CHECK_START,16Uiu2HAmSoQnws9jzyvVxYxVDLDLkPJnaw4AhtiXxLVrWFdYNGM3,,,,,,,,,,,,,,,,,,,,,,,,0.0,0.0,1502.0,,,,,,,,,,,,,,,,,,,,,,,,,,,,,,,,,,,,,,,,,,,,,,,,,,,,,,2026-01-07 20:05:27.364000+00:00,
2026-01-07T20:05:27.364Z,DIAL_ATTEMPT_START,16Uiu2HAmSoQnws9jzyvVxYxVDLDLkPJnaw4AhtiXxLVrWFdYNGM3,,,,,,,,,,,,,,,,,,,1502.0,,,,1767816327364.0,,,,,,,,,,,,,,,,,,,,,,,,,,,,,,,,,,,,,,,,,,,,,,,,,,,,,,,,,2026-01-07 20:05:27.364000+00:00,
2026-01-07T20:05:27.364Z,DISCOVERY_DIAL_DECISION,16Uiu2HAmSoQnws9jzyvVxYxVDLDLkPJnaw4AhtiXxLVrWFdYNGM3,,,,,,,,,,,,,,,,,,,,,,,,0.0,0.0,,attempt_dial,,,,,,,,,,,,,,,,,,,,,,,,,,,,,,,,,,,,,,,,,,,,,,,,,,,,,2026-01-07 20:05:27.364000+00:00,
2026-01-07T20:05:27.628Z,DIAL_CHECK_START,16Uiu2HAmLddvWJwr3JzsDieEKXcvdYsczWnhNHSyEAcNEeY1nfrn,,,,,,,,,,,,,,,,,,,,,,,,2.0,0.0,1501.0,,,,,,,,,,,,,,,,,,,,,,,,,,,,,,,,,,,,,,,,,,,,,,,,,,,,,,2026-01-07 20:05:27.628000+00:00,
2026-01-07T20:05:27.628Z,DIAL_ATTEMPT_START,16Uiu2HAmLddvWJwr3JzsDieEKXcvdYsczWnhNHSyEAcNEeY1nfrn,,,,,,,,,,,,,,,,,,,1501.0,,,,1767816327628.0,,,,,,,,,,,,,,,,,,,,,,,,,,,,,,,,,,,,,,,,,,,,,,,,,,,,,,,,,2026-01-07 20:05:27.628000+00:00,
2026-01-07T20:05:27.628Z,DISCOVERY_DIAL_DECISION,16Uiu2HAmLddvWJwr3JzsDieEKXcvdYsczWnhNHSyEAcNEeY1nfrn,,,,,,,,,,,,,,,,,,,,,,,,2.0,0.0,,attempt_dial,,,,,,,,,,,,,,,,,,,,,,,,,,,,,,,,,,,,,,,,,,,,,,,,,,,,,2026-01-07 20:05:27.628000+00:00,
2026-01-07T20:05:27.971Z,DIAL_FAILURE,16Uiu2HAmLddvWJwr3JzsDieEKXcvdYsczWnhNHSyEAcNEeY1nfrn,,,,,,,,,,,,,,,,,,,,,,,,,,,,unexpected end of input,343.0,,,,,,,,,,,,,,,,,,,,,,,,,,,,,,,,,,,,,,,,,,,,,,,,,,,2026-01-07 20:05:27.971000+00:00,
2026-01-07T20:05:28.008Z,DIAL_SUCCESS,16Uiu2HAmSoQnws9jzyvVxYxVDLDLkPJnaw4AhtiXxLVrWFdYNGM3,,,,,,,,,,,,,,,,,,,,,,,,,,,,,644.0,,,,,,,,,,,,,,,,,,,,,,,,,,,,,,,,,,,,,,,,,,,,,,,,,,,2026-01-07 20:05:28.008000+00:00,
2026-01-07T20:05:28.008Z,DIAL_SUCCESS,16Uiu2HAmSoQnws9jzyvVxYxVDLDLkPJnaw4AhtiXxLVrWFdYNGM3,,,,,,,,,,,,,,,,,,,,,,,,,,,,,646.0,,,,,,,,,,,,,,,,,,,,,,,,,,,,,,,,,,,,,,,,,,,,,,,,,,,2026-01-07 20:05:28.008000+00:00,
2026-01-07T20:05:30.805Z,DIAL_CHECK_START,16Uiu2HAmRiuEYNcaQiBxjoMcgv2bjSfPGb4xu7UmokyHnsQHNzQX,,,,,,,,,,,,,,,,,,,,,,,,2.0,0.0,1500.0,,,,,,,,,,,,,,,,,,,,,,,,,,,,,,,,,,,,,,,,,,,,,,,,,,,,,,2026-01-07 20:05:30.805000+00:00,
2026-01-07T20:05:30.805Z,DIAL_ATTEMPT_START,16Uiu2HAmRiuEYNcaQiBxjoMcgv2bjSfPGb4xu7UmokyHnsQHNzQX,,,,,,,,,,,,,,,,,,,1500.0,,,,1767816330805.0,,,,,,,,,,,,,,,,,,,,,,,,,,,,,,,,,,,,,,,,,,,,,,,,,,,,,,,,,2026-01-07 20:05:30.805000+00:00,
2026-01-07T20:05:30.805Z,DISCOVERY_DIAL_DECISION,16Uiu2HAmRiuEYNcaQiBxjoMcgv2bjSfPGb4xu7UmokyHnsQHNzQX,,,,,,,,,,,,,,,,,,,,,,,,2.0,0.0,,attempt_dial,,,,,,,,,,,,,,,,,,,,,,,,,,,,,,,,,,,,,,,,,,,,,,,,,,,,,2026-01-07 20:05:30.805000+00:00,
2026-01-07T20:05:30.876Z,DIAL_FAILURE,16Uiu2HAmRiuEYNcaQiBxjoMcgv2bjSfPGb4xu7UmokyHnsQHNzQX,,,,,,,,,,,,,,,,,,,,,,,,,,,,unexpected end of input,71.0,,,,,,,,,,,,,,,,,,,,,,,,,,,,,,,,,,,,,,,,,,,,,,,,,,,2026-01-07 20:05:30.876000+00:00,
2026-01-07T20:05:37.079Z,DIAL_CHECK_START,16Uiu2HAmLddvWJwr3JzsDieEKXcvdYsczWnhNHSyEAcNEeY1nfrn,,,,,,,,,,,,,,,,,,,,,,,,2.0,0.0,1499.0,,,,,,,,,,,,,,,,,,,,,,,,,,,,,,,,,,,,,,,,,,,,,,,,,,,,,,2026-01-07 20:05:37.079000+00:00,
2026-01-07T20:05:37.079Z,DIAL_ATTEMPT_START,16Uiu2HAmLddvWJwr3JzsDieEKXcvdYsczWnhNHSyEAcNEeY1nfrn,,,,,,,,,,,,,,,,,,,1499.0,,,,1767816337079.0,,,,,,,,,,,,,,,,,,,,,,,,,,,,,,,,,,,,,,,,,,,,,,,,,,,,,,,,,2026-01-07 20:05:37.079000+00:00,
2026-01-07T20:05:37.079Z,DISCOVERY_DIAL_DECISION,16Uiu2HAmLddvWJwr3JzsDieEKXcvdYsczWnhNHSyEAcNEeY1nfrn,,,,,,,,,,,,,,,,,,,,,,,,2.0,0.0,,attempt_dial,,,,,,,,,,,,,,,,,,,,,,,,,,,,,,,,,,,,,,,,,,,,,,,,,,,,,2026-01-07 20:05:37.079000+00:00,
2026-01-07T20:05:37.412Z,DIAL_FAILURE,16Uiu2HAmLddvWJwr3JzsDieEKXcvdYsczWnhNHSyEAcNEeY1nfrn,,,,,,,,,,,,,,,,,,,,,,,,,,,,unexpected end of input,333.0,,,,,,,,,,,,,,,,,,,,,,,,,,,,,,,,,,,,,,,,,,,,,,,,,,,2026-01-07 20:05:37.412000+00:00,
2026-01-07T20:05:38.328Z,DIAL_CHECK_START,16Uiu2HAmRiuEYNcaQiBxjoMcgv2bjSfPGb4xu7UmokyHnsQHNzQX,,,,,,,,,,,,,,,,,,,,,,,,2.0,0.0,1498.0,,,,,,,,,,,,,,,,,,,,,,,,,,,,,,,,,,,,,,,,,,,,,,,,,,,,,,2026-01-07 20:05:38.328000+00:00,
2026-01-07T20:05:38.329Z,DIAL_ATTEMPT_START,16Uiu2HAmRiuEYNcaQiBxjoMcgv2bjSfPGb4xu7UmokyHnsQHNzQX,,,,,,,,,,,,,,,,,,,1498.0,,,,1767816338329.0,,,,,,,,,,,,,,,,,,,,,,,,,,,,,,,,,,,,,,,,,,,,,,,,,,,,,,,,,2026-01-07 20:05:38.329000+00:00,
2026-01-07T20:05:38.329Z,DISCOVERY_DIAL_DECISION,16Uiu2HAmRiuEYNcaQiBxjoMcgv2bjSfPGb4xu7UmokyHnsQHNzQX,,,,,,,,,,,,,,,,,,,,,,,,2.0,0.0,,attempt_dial,,,,,,,,,,,,,,,,,,,,,,,,,,,,,,,,,,,,,,,,,,,,,,,,,,,,,2026-01-07 20:05:38.329000+00:00,
2026-01-07T20:05:38.373Z,DIAL_FAILURE,16Uiu2HAmRiuEYNcaQiBxjoMcgv2bjSfPGb4xu7UmokyHnsQHNzQX,,,,,,,,,,,,,,,,,,,,,,,,,,,,unexpected end of input,44.0,,,,,,,,,,,,,,,,,,,,,,,,,,,,,,,,,,,,,,,,,,,,,,,,,,,2026-01-07 20:05:38.373000+00:00,
2026-01-07T20:05:39.265Z,DIAL_CHECK_START,16Uiu2HAmHfcEcsBQPQuNey6aVzo1Q6JkGNTGYSBrZUQxyztX9gsG,,,,,,,,,,,,,,,,,,,,,,,,2.0,0.0,1497.0,,,,,,,,,,,,,,,,,,,,,,,,,,,,,,,,,,,,,,,,,,,,,,,,,,,,,,2026-01-07 20:05:39.265000+00:00,
2026-01-07T20:05:39.265Z,DIAL_ATTEMPT_START,16Uiu2HAmHfcEcsBQPQuNey6aVzo1Q6JkGNTGYSBrZUQxyztX9gsG,,,,,,,,,,,,,,,,,,,1497.0,,,,1767816339265.0,,,,,,,,,,,,,,,,,,,,,,,,,,,,,,,,,,,,,,,,,,,,,,,,,,,,,,,,,2026-01-07 20:05:39.265000+00:00,
2026-01-07T20:05:39.265Z,DISCOVERY_DIAL_DECISION,16Uiu2HAmHfcEcsBQPQuNey6aVzo1Q6JkGNTGYSBrZUQxyztX9gsG,,,,,,,,,,,,,,,,,,,,,,,,2.0,0.0,,attempt_dial,,,,,,,,,,,,,,,,,,,,,,,,,,,,,,,,,,,,,,,,,,,,,,,,,,,,,2026-01-07 20:05:39.265000+00:00,
2026-01-07T20:05:39.267Z,DIAL_CHECK_START,16Uiu2HAmHfcEcsBQPQuNey6aVzo1Q6JkGNTGYSBrZUQxyztX9gsG,,,,,,,,,,,,,,,,,,,,,,,,0.0,0.0,1496.0,,,,,,,,,,,,,,,,,,,,,,,,,,,,,,,,,,,,,,,,,,,,,,,,,,,,,,2026-01-07 20:05:39.267000+00:00,
2026-01-07T20:05:39.267Z,DIAL_ATTEMPT_START,16Uiu2HAmHfcEcsBQPQuNey6aVzo1Q6JkGNTGYSBrZUQxyztX9gsG,,,,,,,,,,,,,,,,,,,1496.0,,,,1767816339267.0,,,,,,,,,,,,,,,,,,,,,,,,,,,,,,,,,,,,,,,,,,,,,,,,,,,,,,,,,2026-01-07 20:05:39.267000+00:00,
2026-01-07T20:05:39.267Z,DISCOVERY_DIAL_DECISION,16Uiu2HAmHfcEcsBQPQuNey6aVzo1Q6JkGNTGYSBrZUQxyztX9gsG,,,,,,,,,,,,,,,,,,,,,,,,0.0,0.0,,attempt_dial,,,,,,,,,,,,,,,,,,,,,,,,,,,,,,,,,,,,,,,,,,,,,,,,,,,,,2026-01-07 20:05:39.267000+00:00,
2026-01-07T20:05:41.096Z,DIAL_CHECK_START,16Uiu2HAmRiuEYNcaQiBxjoMcgv2bjSfPGb4xu7UmokyHnsQHNzQX,,,,,,,,,,,,,,,,,,,,,,,,2.0,0.0,1495.0,,,,,,,,,,,,,,,,,,,,,,,,,,,,,,,,,,,,,,,,,,,,,,,,,,,,,,2026-01-07 20:05:41.096000+00:00,
2026-01-07T20:05:41.096Z,DIAL_ATTEMPT_START,16Uiu2HAmRiuEYNcaQiBxjoMcgv2bjSfPGb4xu7UmokyHnsQHNzQX,,,,,,,,,,,,,,,,,,,1495.0,,,,1767816341096.0,,,,,,,,,,,,,,,,,,,,,,,,,,,,,,,,,,,,,,,,,,,,,,,,,,,,,,,,,2026-01-07 20:05:41.096000+00:00,
2026-01-07T20:05:41.096Z,DISCOVERY_DIAL_DECISION,16Uiu2HAmRiuEYNcaQiBxjoMcgv2bjSfPGb4xu7UmokyHnsQHNzQX,,,,,,,,,,,,,,,,,,,,,,,,2.0,0.0,,attempt_dial,,,,,,,,,,,,,,,,,,,,,,,,,,,,,,,,,,,,,,,,,,,,,,,,,,,,,2026-01-07 20:05:41.096000+00:00,
2026-01-07T20:05:41.142Z,DIAL_FAILURE,16Uiu2HAmRiuEYNcaQiBxjoMcgv2bjSfPGb4xu7UmokyHnsQHNzQX,,,,,,,,,,,,,,,,,,,,,,,,,,,,unexpected end of input,46.0,,,,,,,,,,,,,,,,,,,,,,,,,,,,,,,,,,,,,,,,,,,,,,,,,,,2026-01-07 20:05:41.142000+00:00,
2026-01-07T20:05:41.830Z,DIAL_CHECK_START,16Uiu2HAmLddvWJwr3JzsDieEKXcvdYsczWnhNHSyEAcNEeY1nfrn,,,,,,,,,,,,,,,,,,,,,,,,2.0,0.0,1494.0,,,,,,,,,,,,,,,,,,,,,,,,,,,,,,,,,,,,,,,,,,,,,,,,,,,,,,2026-01-07 20:05:41.830000+00:00,
2026-01-07T20:05:41.830Z,DIAL_ATTEMPT_START,16Uiu2HAmLddvWJwr3JzsDieEKXcvdYsczWnhNHSyEAcNEeY1nfrn,,,,,,,,,,,,,,,,,,,1494.0,,,,1767816341830.0,,,,,,,,,,,,,,,,,,,,,,,,,,,,,,,,,,,,,,,,,,,,,,,,,,,,,,,,,2026-01-07 20:05:41.830000+00:00,
2026-01-07T20:05:41.830Z,DISCOVERY_DIAL_DECISION,16Uiu2HAmLddvWJwr3JzsDieEKXcvdYsczWnhNHSyEAcNEeY1nfrn,,,,,,,,,,,,,,,,,,,,,,,,2.0,0.0,,attempt_dial,,,,,,,,,,,,,,,,,,,,,,,,,,,,,,,,,,,,,,,,,,,,,,,,,,,,,2026-01-07 20:05:41.830000+00:00,
2026-01-07T20:05:42.173Z,DIAL_FAILURE,16Uiu2HAmLddvWJwr3JzsDieEKXcvdYsczWnhNHSyEAcNEeY1nfrn,,,,,,,,,,,,,,,,,,,,,,,,,,,,unexpected end of input,343.0,,,,,,,,,,,,,,,,,,,,,,,,,,,,,,,,,,,,,,,,,,,,,,,,,,,2026-01-07 20:05:42.173000+00:00,
2026-01-07T20:05:42.295Z,DIAL_FAILURE,16Uiu2HAm3VHF69iB5YJLxxbbtSbYEc2tL4emjVYfxtg5pSSjmYgk,,,,,,,,,,,,,,,,,,,,,,,,,,,,connection error 34.81.232.101:9000: connect ETIMEDOUT 34.81.232.101:9000,132876.0,,,,,,,,,,,,,,,,,,,,,,,,,,,,,,,,,,,,,,,,,,,,,,,,,,,2026-01-07 20:05:42.295000+00:00,
2026-01-07T20:05:47.577Z,DIAL_CHECK_START,16Uiu2HAmAQfASDn3bu3MVDqMSDgBrVnjpNnj35k7w5U9wkA6QsP3,,,,,,,,,,,,,,,,,,,,,,,,2.0,0.0,1493.0,,,,,,,,,,,,,,,,,,,,,,,,,,,,,,,,,,,,,,,,,,,,,,,,,,,,,,2026-01-07 20:05:47.577000+00:00,
2026-01-07T20:05:47.577Z,DIAL_ATTEMPT_START,16Uiu2HAmAQfASDn3bu3MVDqMSDgBrVnjpNnj35k7w5U9wkA6QsP3,,,,,,,,,,,,,,,,,,,1493.0,,,,1767816347577.0,,,,,,,,,,,,,,,,,,,,,,,,,,,,,,,,,,,,,,,,,,,,,,,,,,,,,,,,,2026-01-07 20:05:47.577000+00:00,
2026-01-07T20:05:47.577Z,DISCOVERY_DIAL_DECISION,16Uiu2HAmAQfASDn3bu3MVDqMSDgBrVnjpNnj35k7w5U9wkA6QsP3,,,,,,,,,,,,,,,,,,,,,,,,2.0,0.0,,attempt_dial,,,,,,,,,,,,,,,,,,,,,,,,,,,,,,,,,,,,,,,,,,,,,,,,,,,,,2026-01-07 20:05:47.577000+00:00,
2026-01-07T20:05:47.579Z,DIAL_CHECK_START,16Uiu2HAmAQfASDn3bu3MVDqMSDgBrVnjpNnj35k7w5U9wkA6QsP3,,,,,,,,,,,,,,,,,,,,,,,,0.0,0.0,1492.0,,,,,,,,,,,,,,,,,,,,,,,,,,,,,,,,,,,,,,,,,,,,,,,,,,,,,,2026-01-07 20:05:47.579000+00:00,
2026-01-07T20:05:47.579Z,DIAL_ATTEMPT_START,16Uiu2HAmAQfASDn3bu3MVDqMSDgBrVnjpNnj35k7w5U9wkA6QsP3,,,,,,,,,,,,,,,,,,,1492.0,,,,1767816347579.0,,,,,,,,,,,,,,,,,,,,,,,,,,,,,,,,,,,,,,,,,,,,,,,,,,,,,,,,,2026-01-07 20:05:47.579000+00:00,
2026-01-07T20:05:47.579Z,DISCOVERY_DIAL_DECISION,16Uiu2HAmAQfASDn3bu3MVDqMSDgBrVnjpNnj35k7w5U9wkA6QsP3,,,,,,,,,,,,,,,,,,,,,,,,0.0,0.0,,attempt_dial,,,,,,,,,,,,,,,,,,,,,,,,,,,,,,,,,,,,,,,,,,,,,,,,,,,,,2026-01-07 20:05:47.579000+00:00,
2026-01-07T20:05:47.673Z,DIAL_FAILURE,16Uiu2HAmAQfASDn3bu3MVDqMSDgBrVnjpNnj35k7w5U9wkA6QsP3,,,,,,,,,,,,,,,,,,,,,,,,,,,,read ECONNRESET,94.0,,,,,,,,,,,,,,,,,,,,,,,,,,,,,,,,,,,,,,,,,,,,,,,,,,,2026-01-07 20:05:47.673000+00:00,
2026-01-07T20:05:47.673Z,DIAL_FAILURE,16Uiu2HAmAQfASDn3bu3MVDqMSDgBrVnjpNnj35k7w5U9wkA6QsP3,,,,,,,,,,,,,,,,,,,,,,,,,,,,read ECONNRESET,96.0,,,,,,,,,,,,,,,,,,,,,,,,,,,,,,,,,,,,,,,,,,,,,,,,,,,2026-01-07 20:05:47.673000+00:00,
2026-01-07T20:05:47.747Z,DIAL_CHECK_START,16Uiu2HAmRiuEYNcaQiBxjoMcgv2bjSfPGb4xu7UmokyHnsQHNzQX,,,,,,,,,,,,,,,,,,,,,,,,2.0,0.0,1491.0,,,,,,,,,,,,,,,,,,,,,,,,,,,,,,,,,,,,,,,,,,,,,,,,,,,,,,2026-01-07 20:05:47.747000+00:00,
2026-01-07T20:05:47.747Z,DIAL_ATTEMPT_START,16Uiu2HAmRiuEYNcaQiBxjoMcgv2bjSfPGb4xu7UmokyHnsQHNzQX,,,,,,,,,,,,,,,,,,,1491.0,,,,1767816347747.0,,,,,,,,,,,,,,,,,,,,,,,,,,,,,,,,,,,,,,,,,,,,,,,,,,,,,,,,,2026-01-07 20:05:47.747000+00:00,
2026-01-07T20:05:47.747Z,DISCOVERY_DIAL_DECISION,16Uiu2HAmRiuEYNcaQiBxjoMcgv2bjSfPGb4xu7UmokyHnsQHNzQX,,,,,,,,,,,,,,,,,,,,,,,,2.0,0.0,,attempt_dial,,,,,,,,,,,,,,,,,,,,,,,,,,,,,,,,,,,,,,,,,,,,,,,,,,,,,2026-01-07 20:05:47.747000+00:00,
2026-01-07T20:05:47.792Z,DIAL_FAILURE,16Uiu2HAmRiuEYNcaQiBxjoMcgv2bjSfPGb4xu7UmokyHnsQHNzQX,,,,,,,,,,,,,,,,,,,,,,,,,,,,unexpected end of input,45.0,,,,,,,,,,,,,,,,,,,,,,,,,,,,,,,,,,,,,,,,,,,,,,,,,,,2026-01-07 20:05:47.792000+00:00,
2026-01-07T20:05:48.172Z,DIAL_CHECK_START,16Uiu2HAmLddvWJwr3JzsDieEKXcvdYsczWnhNHSyEAcNEeY1nfrn,,,,,,,,,,,,,,,,,,,,,,,,2.0,0.0,1490.0,,,,,,,,,,,,,,,,,,,,,,,,,,,,,,,,,,,,,,,,,,,,,,,,,,,,,,2026-01-07 20:05:48.172000+00:00,
2026-01-07T20:05:48.172Z,DIAL_ATTEMPT_START,16Uiu2HAmLddvWJwr3JzsDieEKXcvdYsczWnhNHSyEAcNEeY1nfrn,,,,,,,,,,,,,,,,,,,1490.0,,,,1767816348172.0,,,,,,,,,,,,,,,,,,,,,,,,,,,,,,,,,,,,,,,,,,,,,,,,,,,,,,,,,2026-01-07 20:05:48.172000+00:00,
2026-01-07T20:05:48.172Z,DISCOVERY_DIAL_DECISION,16Uiu2HAmLddvWJwr3JzsDieEKXcvdYsczWnhNHSyEAcNEeY1nfrn,,,,,,,,,,,,,,,,,,,,,,,,2.0,0.0,,attempt_dial,,,,,,,,,,,,,,,,,,,,,,,,,,,,,,,,,,,,,,,,,,,,,,,,,,,,,2026-01-07 20:05:48.172000+00:00,
2026-01-07T20:05:48.173Z,DIAL_CHECK_START,16Uiu2HAmRiuEYNcaQiBxjoMcgv2bjSfPGb4xu7UmokyHnsQHNzQX,,,,,,,,,,,,,,,,,,,,,,,,2.0,0.0,1489.0,,,,,,,,,,,,,,,,,,,,,,,,,,,,,,,,,,,,,,,,,,,,,,,,,,,,,,2026-01-07 20:05:48.173000+00:00,
2026-01-07T20:05:48.173Z,DIAL_ATTEMPT_START,16Uiu2HAmRiuEYNcaQiBxjoMcgv2bjSfPGb4xu7UmokyHnsQHNzQX,,,,,,,,,,,,,,,,,,,1489.0,,,,1767816348173.0,,,,,,,,,,,,,,,,,,,,,,,,,,,,,,,,,,,,,,,,,,,,,,,,,,,,,,,,,2026-01-07 20:05:48.173000+00:00,
2026-01-07T20:05:48.173Z,DISCOVERY_DIAL_DECISION,16Uiu2HAmRiuEYNcaQiBxjoMcgv2bjSfPGb4xu7UmokyHnsQHNzQX,,,,,,,,,,,,,,,,,,,,,,,,2.0,0.0,,attempt_dial,,,,,,,,,,,,,,,,,,,,,,,,,,,,,,,,,,,,,,,,,,,,,,,,,,,,,2026-01-07 20:05:48.173000+00:00,
2026-01-07T20:05:48.218Z,DIAL_FAILURE,16Uiu2HAmRiuEYNcaQiBxjoMcgv2bjSfPGb4xu7UmokyHnsQHNzQX,,,,,,,,,,,,,,,,,,,,,,,,,,,,unexpected end of input,45.0,,,,,,,,,,,,,,,,,,,,,,,,,,,,,,,,,,,,,,,,,,,,,,,,,,,2026-01-07 20:05:48.218000+00:00,
2026-01-07T20:05:48.321Z,DIAL_CHECK_START,16Uiu2HAmRiuEYNcaQiBxjoMcgv2bjSfPGb4xu7UmokyHnsQHNzQX,,,,,,,,,,,,,,,,,,,,,,,,2.0,0.0,1488.0,,,,,,,,,,,,,,,,,,,,,,,,,,,,,,,,,,,,,,,,,,,,,,,,,,,,,,2026-01-07 20:05:48.321000+00:00,
2026-01-07T20:05:48.321Z,DIAL_ATTEMPT_START,16Uiu2HAmRiuEYNcaQiBxjoMcgv2bjSfPGb4xu7UmokyHnsQHNzQX,,,,,,,,,,,,,,,,,,,1488.0,,,,1767816348321.0,,,,,,,,,,,,,,,,,,,,,,,,,,,,,,,,,,,,,,,,,,,,,,,,,,,,,,,,,2026-01-07 20:05:48.321000+00:00,
2026-01-07T20:05:48.321Z,DISCOVERY_DIAL_DECISION,16Uiu2HAmRiuEYNcaQiBxjoMcgv2bjSfPGb4xu7UmokyHnsQHNzQX,,,,,,,,,,,,,,,,,,,,,,,,2.0,0.0,,attempt_dial,,,,,,,,,,,,,,,,,,,,,,,,,,,,,,,,,,,,,,,,,,,,,,,,,,,,,2026-01-07 20:05:48.321000+00:00,
2026-01-07T20:05:48.390Z,DIAL_FAILURE,16Uiu2HAmRiuEYNcaQiBxjoMcgv2bjSfPGb4xu7UmokyHnsQHNzQX,,,,,,,,,,,,,,,,,,,,,,,,,,,,unexpected end of input,69.0,,,,,,,,,,,,,,,,,,,,,,,,,,,,,,,,,,,,,,,,,,,,,,,,,,,2026-01-07 20:05:48.390000+00:00,
2026-01-07T20:05:48.515Z,DIAL_FAILURE,16Uiu2HAmLddvWJwr3JzsDieEKXcvdYsczWnhNHSyEAcNEeY1nfrn,,,,,,,,,,,,,,,,,,,,,,,,,,,,unexpected end of input,343.0,,,,,,,,,,,,,,,,,,,,,,,,,,,,,,,,,,,,,,,,,,,,,,,,,,,2026-01-07 20:05:48.515000+00:00,
2026-01-07T20:05:51.487Z,DIAL_CHECK_START,16Uiu2HAmLddvWJwr3JzsDieEKXcvdYsczWnhNHSyEAcNEeY1nfrn,,,,,,,,,,,,,,,,,,,,,,,,2.0,0.0,1487.0,,,,,,,,,,,,,,,,,,,,,,,,,,,,,,,,,,,,,,,,,,,,,,,,,,,,,,2026-01-07 20:05:51.487000+00:00,
2026-01-07T20:05:51.487Z,DIAL_ATTEMPT_START,16Uiu2HAmLddvWJwr3JzsDieEKXcvdYsczWnhNHSyEAcNEeY1nfrn,,,,,,,,,,,,,,,,,,,1487.0,,,,1767816351487.0,,,,,,,,,,,,,,,,,,,,,,,,,,,,,,,,,,,,,,,,,,,,,,,,,,,,,,,,,2026-01-07 20:05:51.487000+00:00,
2026-01-07T20:05:51.487Z,DISCOVERY_DIAL_DECISION,16Uiu2HAmLddvWJwr3JzsDieEKXcvdYsczWnhNHSyEAcNEeY1nfrn,,,,,,,,,,,,,,,,,,,,,,,,2.0,0.0,,attempt_dial,,,,,,,,,,,,,,,,,,,,,,,,,,,,,,,,,,,,,,,,,,,,,,,,,,,,,2026-01-07 20:05:51.487000+00:00,
2026-01-07T20:05:51.822Z,DIAL_FAILURE,16Uiu2HAmLddvWJwr3JzsDieEKXcvdYsczWnhNHSyEAcNEeY1nfrn,,,,,,,,,,,,,,,,,,,,,,,,,,,,unexpected end of input,335.0,,,,,,,,,,,,,,,,,,,,,,,,,,,,,,,,,,,,,,,,,,,,,,,,,,,2026-01-07 20:05:51.822000+00:00,
2026-01-07T20:05:56.077Z,HEARTBEAT_DISCOVERY_NEEDED,unknown,,,,,,,,196.0,0.0,none,2.0,0.0,0.0,NO,0.0,1.0,9340229.0,9340228.0,,,,,,,,,,,,,,,,,,,,,,,,,,,,,,,,,,,,,,,,,,,,,,,,,,,,,,,,,,,,,,2026-01-07 20:05:56.077000+00:00,
2026-01-07T20:05:56.077Z,DISCOVERY_START,discovery,,,,,,,,,,,,,,,,,,,196.0,,2.0,,,,,,,,,,,,,,,,,,,,,,,,,,,,,,,,,,,,,,,,,,,,,,,,,,,,,,,,,,,2026-01-07 20:05:56.077000+00:00,
2026-01-07T20:05:56.641Z,DIAL_CHECK_START,16Uiu2HAmRiuEYNcaQiBxjoMcgv2bjSfPGb4xu7UmokyHnsQHNzQX,,,,,,,,,,,,,,,,,,,,,,,,2.0,0.0,1682.0,,,,,,,,,,,,,,,,,,,,,,,,,,,,,,,,,,,,,,,,,,,,,,,,,,,,,,2026-01-07 20:05:56.641000+00:00,
2026-01-07T20:05:56.641Z,DIAL_ATTEMPT_START,16Uiu2HAmRiuEYNcaQiBxjoMcgv2bjSfPGb4xu7UmokyHnsQHNzQX,,,,,,,,,,,,,,,,,,,1682.0,,,,1767816356641.0,,,,,,,,,,,,,,,,,,,,,,,,,,,,,,,,,,,,,,,,,,,,,,,,,,,,,,,,,2026-01-07 20:05:56.641000+00:00,
2026-01-07T20:05:56.641Z,DISCOVERY_DIAL_DECISION,16Uiu2HAmRiuEYNcaQiBxjoMcgv2bjSfPGb4xu7UmokyHnsQHNzQX,,,,,,,,,,,,,,,,,,,,,,,,2.0,0.0,,attempt_dial,,,,,,,,,,,,,,,,,,,,,,,,,,,,,,,,,,,,,,,,,,,,,,,,,,,,,2026-01-07 20:05:56.641000+00:00,
2026-01-07T20:05:56.712Z,DIAL_FAILURE,16Uiu2HAmRiuEYNcaQiBxjoMcgv2bjSfPGb4xu7UmokyHnsQHNzQX,,,,,,,,,,,,,,,,,,,,,,,,,,,,unexpected end of input,71.0,,,,,,,,,,,,,,,,,,,,,,,,,,,,,,,,,,,,,,,,,,,,,,,,,,,2026-01-07 20:05:56.712000+00:00,
2026-01-07T20:06:01.238Z,DIAL_CHECK_START,16Uiu2HAmRiuEYNcaQiBxjoMcgv2bjSfPGb4xu7UmokyHnsQHNzQX,,,,,,,,,,,,,,,,,,,,,,,,2.0,0.0,1681.0,,,,,,,,,,,,,,,,,,,,,,,,,,,,,,,,,,,,,,,,,,,,,,,,,,,,,,2026-01-07 20:06:01.238000+00:00,
2026-01-07T20:06:01.238Z,DIAL_ATTEMPT_START,16Uiu2HAmRiuEYNcaQiBxjoMcgv2bjSfPGb4xu7UmokyHnsQHNzQX,,,,,,,,,,,,,,,,,,,1681.0,,,,1767816361238.0,,,,,,,,,,,,,,,,,,,,,,,,,,,,,,,,,,,,,,,,,,,,,,,,,,,,,,,,,2026-01-07 20:06:01.238000+00:00,
2026-01-07T20:06:01.238Z,DISCOVERY_DIAL_DECISION,16Uiu2HAmRiuEYNcaQiBxjoMcgv2bjSfPGb4xu7UmokyHnsQHNzQX,,,,,,,,,,,,,,,,,,,,,,,,2.0,0.0,,attempt_dial,,,,,,,,,,,,,,,,,,,,,,,,,,,,,,,,,,,,,,,,,,,,,,,,,,,,,2026-01-07 20:06:01.238000+00:00,
2026-01-07T20:06:01.306Z,DIAL_FAILURE,16Uiu2HAmRiuEYNcaQiBxjoMcgv2bjSfPGb4xu7UmokyHnsQHNzQX,,,,,,,,,,,,,,,,,,,,,,,,,,,,unexpected end of input,68.0,,,,,,,,,,,,,,,,,,,,,,,,,,,,,,,,,,,,,,,,,,,,,,,,,,,2026-01-07 20:06:01.306000+00:00,
2026-01-07T20:06:01.518Z,DIAL_CHECK_START,16Uiu2HAmLddvWJwr3JzsDieEKXcvdYsczWnhNHSyEAcNEeY1nfrn,,,,,,,,,,,,,,,,,,,,,,,,2.0,0.0,1680.0,,,,,,,,,,,,,,,,,,,,,,,,,,,,,,,,,,,,,,,,,,,,,,,,,,,,,,2026-01-07 20:06:01.518000+00:00,
2026-01-07T20:06:01.518Z,DIAL_ATTEMPT_START,16Uiu2HAmLddvWJwr3JzsDieEKXcvdYsczWnhNHSyEAcNEeY1nfrn,,,,,,,,,,,,,,,,,,,1680.0,,,,1767816361518.0,,,,,,,,,,,,,,,,,,,,,,,,,,,,,,,,,,,,,,,,,,,,,,,,,,,,,,,,,2026-01-07 20:06:01.518000+00:00,
2026-01-07T20:06:01.518Z,DISCOVERY_DIAL_DECISION,16Uiu2HAmLddvWJwr3JzsDieEKXcvdYsczWnhNHSyEAcNEeY1nfrn,,,,,,,,,,,,,,,,,,,,,,,,2.0,0.0,,attempt_dial,,,,,,,,,,,,,,,,,,,,,,,,,,,,,,,,,,,,,,,,,,,,,,,,,,,,,2026-01-07 20:06:01.518000+00:00,
2026-01-07T20:06:01.861Z,DIAL_FAILURE,16Uiu2HAmLddvWJwr3JzsDieEKXcvdYsczWnhNHSyEAcNEeY1nfrn,,,,,,,,,,,,,,,,,,,,,,,,,,,,unexpected end of input,343.0,,,,,,,,,,,,,,,,,,,,,,,,,,,,,,,,,,,,,,,,,,,,,,,,,,,2026-01-07 20:06:01.861000+00:00,
2026-01-07T20:06:04.087Z,DIAL_CHECK_START,16Uiu2HAmLddvWJwr3JzsDieEKXcvdYsczWnhNHSyEAcNEeY1nfrn,,,,,,,,,,,,,,,,,,,,,,,,2.0,0.0,1679.0,,,,,,,,,,,,,,,,,,,,,,,,,,,,,,,,,,,,,,,,,,,,,,,,,,,,,,2026-01-07 20:06:04.087000+00:00,
2026-01-07T20:06:04.087Z,DIAL_ATTEMPT_START,16Uiu2HAmLddvWJwr3JzsDieEKXcvdYsczWnhNHSyEAcNEeY1nfrn,,,,,,,,,,,,,,,,,,,1679.0,,,,1767816364087.0,,,,,,,,,,,,,,,,,,,,,,,,,,,,,,,,,,,,,,,,,,,,,,,,,,,,,,,,,2026-01-07 20:06:04.087000+00:00,
2026-01-07T20:06:04.088Z,DISCOVERY_DIAL_DECISION,16Uiu2HAmLddvWJwr3JzsDieEKXcvdYsczWnhNHSyEAcNEeY1nfrn,,,,,,,,,,,,,,,,,,,,,,,,2.0,0.0,,attempt_dial,,,,,,,,,,,,,,,,,,,,,,,,,,,,,,,,,,,,,,,,,,,,,,,,,,,,,2026-01-07 20:06:04.088000+00:00,
2026-01-07T20:06:04.204Z,DIAL_CHECK_START,16Uiu2HAm11FHh6JwGXwtjjmSav2DqaNjgyBRgMoQhn9HuWx5NKRs,,,,,,,,,,,,,,,,,,,,,,,,2.0,0.0,1678.0,,,,,,,,,,,,,,,,,,,,,,,,,,,,,,,,,,,,,,,,,,,,,,,,,,,,,,2026-01-07 20:06:04.204000+00:00,
2026-01-07T20:06:04.204Z,DIAL_ATTEMPT_START,16Uiu2HAm11FHh6JwGXwtjjmSav2DqaNjgyBRgMoQhn9HuWx5NKRs,,,,,,,,,,,,,,,,,,,1678.0,,,,1767816364204.0,,,,,,,,,,,,,,,,,,,,,,,,,,,,,,,,,,,,,,,,,,,,,,,,,,,,,,,,,2026-01-07 20:06:04.204000+00:00,
2026-01-07T20:06:04.204Z,DISCOVERY_DIAL_DECISION,16Uiu2HAm11FHh6JwGXwtjjmSav2DqaNjgyBRgMoQhn9HuWx5NKRs,,,,,,,,,,,,,,,,,,,,,,,,2.0,0.0,,attempt_dial,,,,,,,,,,,,,,,,,,,,,,,,,,,,,,,,,,,,,,,,,,,,,,,,,,,,,2026-01-07 20:06:04.204000+00:00,
2026-01-07T20:06:04.327Z,DIAL_FAILURE,16Uiu2HAm11FHh6JwGXwtjjmSav2DqaNjgyBRgMoQhn9HuWx5NKRs,,,,,,,,,,,,,,,,,,,,,,,,,,,,connection error 38.80.81.19:9000: connect ECONNREFUSED 38.80.81.19:9000,123.0,,,,,,,,,,,,,,,,,,,,,,,,,,,,,,,,,,,,,,,,,,,,,,,,,,,2026-01-07 20:06:04.327000+00:00,
2026-01-07T20:06:04.423Z,DIAL_FAILURE,16Uiu2HAmLddvWJwr3JzsDieEKXcvdYsczWnhNHSyEAcNEeY1nfrn,,,,,,,,,,,,,,,,,,,,,,,,,,,,unexpected end of input,336.0,,,,,,,,,,,,,,,,,,,,,,,,,,,,,,,,,,,,,,,,,,,,,,,,,,,2026-01-07 20:06:04.423000+00:00,
2026-01-07T20:06:04.550Z,DIAL_CHECK_START,16Uiu2HAmRiuEYNcaQiBxjoMcgv2bjSfPGb4xu7UmokyHnsQHNzQX,,,,,,,,,,,,,,,,,,,,,,,,2.0,0.0,1677.0,,,,,,,,,,,,,,,,,,,,,,,,,,,,,,,,,,,,,,,,,,,,,,,,,,,,,,2026-01-07 20:06:04.550000+00:00,
2026-01-07T20:06:04.550Z,DIAL_ATTEMPT_START,16Uiu2HAmRiuEYNcaQiBxjoMcgv2bjSfPGb4xu7UmokyHnsQHNzQX,,,,,,,,,,,,,,,,,,,1677.0,,,,1767816364550.0,,,,,,,,,,,,,,,,,,,,,,,,,,,,,,,,,,,,,,,,,,,,,,,,,,,,,,,,,2026-01-07 20:06:04.550000+00:00,
2026-01-07T20:06:04.550Z,DISCOVERY_DIAL_DECISION,16Uiu2HAmRiuEYNcaQiBxjoMcgv2bjSfPGb4xu7UmokyHnsQHNzQX,,,,,,,,,,,,,,,,,,,,,,,,2.0,0.0,,attempt_dial,,,,,,,,,,,,,,,,,,,,,,,,,,,,,,,,,,,,,,,,,,,,,,,,,,,,,2026-01-07 20:06:04.550000+00:00,
2026-01-07T20:06:04.593Z,DIAL_FAILURE,16Uiu2HAmRiuEYNcaQiBxjoMcgv2bjSfPGb4xu7UmokyHnsQHNzQX,,,,,,,,,,,,,,,,,,,,,,,,,,,,unexpected end of input,43.0,,,,,,,,,,,,,,,,,,,,,,,,,,,,,,,,,,,,,,,,,,,,,,,,,,,2026-01-07 20:06:04.593000+00:00,
2026-01-07T20:06:05.050Z,DIAL_CHECK_START,16Uiu2HAmRiuEYNcaQiBxjoMcgv2bjSfPGb4xu7UmokyHnsQHNzQX,,,,,,,,,,,,,,,,,,,,,,,,2.0,0.0,1676.0,,,,,,,,,,,,,,,,,,,,,,,,,,,,,,,,,,,,,,,,,,,,,,,,,,,,,,2026-01-07 20:06:05.050000+00:00,
2026-01-07T20:06:05.050Z,DIAL_ATTEMPT_START,16Uiu2HAmRiuEYNcaQiBxjoMcgv2bjSfPGb4xu7UmokyHnsQHNzQX,,,,,,,,,,,,,,,,,,,1676.0,,,,1767816365050.0,,,,,,,,,,,,,,,,,,,,,,,,,,,,,,,,,,,,,,,,,,,,,,,,,,,,,,,,,2026-01-07 20:06:05.050000+00:00,
2026-01-07T20:06:05.051Z,DISCOVERY_DIAL_DECISION,16Uiu2HAmRiuEYNcaQiBxjoMcgv2bjSfPGb4xu7UmokyHnsQHNzQX,,,,,,,,,,,,,,,,,,,,,,,,2.0,0.0,,attempt_dial,,,,,,,,,,,,,,,,,,,,,,,,,,,,,,,,,,,,,,,,,,,,,,,,,,,,,2026-01-07 20:06:05.051000+00:00,
2026-01-07T20:06:05.119Z,DIAL_FAILURE,16Uiu2HAmRiuEYNcaQiBxjoMcgv2bjSfPGb4xu7UmokyHnsQHNzQX,,,,,,,,,,,,,,,,,,,,,,,,,,,,unexpected end of input,69.0,,,,,,,,,,,,,,,,,,,,,,,,,,,,,,,,,,,,,,,,,,,,,,,,,,,2026-01-07 20:06:05.119000+00:00,
2026-01-07T20:06:05.368Z,DIAL_CHECK_START,16Uiu2HAmLddvWJwr3JzsDieEKXcvdYsczWnhNHSyEAcNEeY1nfrn,,,,,,,,,,,,,,,,,,,,,,,,2.0,0.0,1675.0,,,,,,,,,,,,,,,,,,,,,,,,,,,,,,,,,,,,,,,,,,,,,,,,,,,,,,2026-01-07 20:06:05.368000+00:00,
2026-01-07T20:06:05.368Z,DIAL_ATTEMPT_START,16Uiu2HAmLddvWJwr3JzsDieEKXcvdYsczWnhNHSyEAcNEeY1nfrn,,,,,,,,,,,,,,,,,,,1675.0,,,,1767816365368.0,,,,,,,,,,,,,,,,,,,,,,,,,,,,,,,,,,,,,,,,,,,,,,,,,,,,,,,,,2026-01-07 20:06:05.368000+00:00,
2026-01-07T20:06:05.368Z,DISCOVERY_DIAL_DECISION,16Uiu2HAmLddvWJwr3JzsDieEKXcvdYsczWnhNHSyEAcNEeY1nfrn,,,,,,,,,,,,,,,,,,,,,,,,2.0,0.0,,attempt_dial,,,,,,,,,,,,,,,,,,,,,,,,,,,,,,,,,,,,,,,,,,,,,,,,,,,,,2026-01-07 20:06:05.368000+00:00,
2026-01-07T20:06:05.370Z,DIAL_CHECK_START,16Uiu2HAmAjmhcAECU8o9CgmCuW3i37XXvzt8G6GzGUqsyJSUGGWF,,,,,,,,,,,,,,,,,,,,,,,,64.0,0.0,1674.0,,,,,,,,,,,,,,,,,,,,,,,,,,,,,,,,,,,,,,,,,,,,,,,,,,,,,,2026-01-07 20:06:05.370000+00:00,
2026-01-07T20:06:05.370Z,DIAL_ATTEMPT_START,16Uiu2HAmAjmhcAECU8o9CgmCuW3i37XXvzt8G6GzGUqsyJSUGGWF,,,,,,,,,,,,,,,,,,,1674.0,,,,1767816365370.0,,,,,,,,,,,,,,,,,,,,,,,,,,,,,,,,,,,,,,,,,,,,,,,,,,,,,,,,,2026-01-07 20:06:05.370000+00:00,
2026-01-07T20:06:05.370Z,DISCOVERY_DIAL_DECISION,16Uiu2HAmAjmhcAECU8o9CgmCuW3i37XXvzt8G6GzGUqsyJSUGGWF,,,,,,,,,,,,,,,,,,,,,,,,64.0,0.0,,attempt_dial,,,,,,,,,,,,,,,,,,,,,,,,,,,,,,,,,,,,,,,,,,,,,,,,,,,,,2026-01-07 20:06:05.370000+00:00,
2026-01-07T20:06:05.372Z,DIAL_CHECK_START,16Uiu2HAmAjmhcAECU8o9CgmCuW3i37XXvzt8G6GzGUqsyJSUGGWF,,,,,,,,,,,,,,,,,,,,,,,,0.0,0.0,1673.0,,,,,,,,,,,,,,,,,,,,,,,,,,,,,,,,,,,,,,,,,,,,,,,,,,,,,,2026-01-07 20:06:05.372000+00:00,
2026-01-07T20:06:05.372Z,DIAL_ATTEMPT_START,16Uiu2HAmAjmhcAECU8o9CgmCuW3i37XXvzt8G6GzGUqsyJSUGGWF,,,,,,,,,,,,,,,,,,,1673.0,,,,1767816365372.0,,,,,,,,,,,,,,,,,,,,,,,,,,,,,,,,,,,,,,,,,,,,,,,,,,,,,,,,,2026-01-07 20:06:05.372000+00:00,
2026-01-07T20:06:05.372Z,DISCOVERY_DIAL_DECISION,16Uiu2HAmAjmhcAECU8o9CgmCuW3i37XXvzt8G6GzGUqsyJSUGGWF,,,,,,,,,,,,,,,,,,,,,,,,0.0,0.0,,attempt_dial,,,,,,,,,,,,,,,,,,,,,,,,,,,,,,,,,,,,,,,,,,,,,,,,,,,,,2026-01-07 20:06:05.372000+00:00,
2026-01-07T20:06:05.711Z,DIAL_FAILURE,16Uiu2HAmLddvWJwr3JzsDieEKXcvdYsczWnhNHSyEAcNEeY1nfrn,,,,,,,,,,,,,,,,,,,,,,,,,,,,unexpected end of input,343.0,,,,,,,,,,,,,,,,,,,,,,,,,,,,,,,,,,,,,,,,,,,,,,,,,,,2026-01-07 20:06:05.711000+00:00,
2026-01-07T20:06:05.842Z,DIAL_SUCCESS,16Uiu2HAmAjmhcAECU8o9CgmCuW3i37XXvzt8G6GzGUqsyJSUGGWF,,,,,,,,,,,,,,,,,,,,,,,,,,,,,470.0,,,,,,,,,,,,,,,,,,,,,,,,,,,,,,,,,,,,,,,,,,,,,,,,,,,2026-01-07 20:06:05.842000+00:00,
2026-01-07T20:06:05.842Z,DIAL_SUCCESS,16Uiu2HAmAjmhcAECU8o9CgmCuW3i37XXvzt8G6GzGUqsyJSUGGWF,,,,,,,,,,,,,,,,,,,,,,,,,,,,,472.0,,,,,,,,,,,,,,,,,,,,,,,,,,,,,,,,,,,,,,,,,,,,,,,,,,,2026-01-07 20:06:05.842000+00:00,
2026-01-07T20:06:06.181Z,DIAL_CHECK_START,16Uiu2HAmAQfASDn3bu3MVDqMSDgBrVnjpNnj35k7w5U9wkA6QsP3,,,,,,,,,,,,,,,,,,,,,,,,2.0,0.0,1672.0,,,,,,,,,,,,,,,,,,,,,,,,,,,,,,,,,,,,,,,,,,,,,,,,,,,,,,2026-01-07 20:06:06.181000+00:00,
2026-01-07T20:06:06.181Z,DIAL_ATTEMPT_START,16Uiu2HAmAQfASDn3bu3MVDqMSDgBrVnjpNnj35k7w5U9wkA6QsP3,,,,,,,,,,,,,,,,,,,1672.0,,,,1767816366181.0,,,,,,,,,,,,,,,,,,,,,,,,,,,,,,,,,,,,,,,,,,,,,,,,,,,,,,,,,2026-01-07 20:06:06.181000+00:00,
2026-01-07T20:06:06.181Z,DISCOVERY_DIAL_DECISION,16Uiu2HAmAQfASDn3bu3MVDqMSDgBrVnjpNnj35k7w5U9wkA6QsP3,,,,,,,,,,,,,,,,,,,,,,,,2.0,0.0,,attempt_dial,,,,,,,,,,,,,,,,,,,,,,,,,,,,,,,,,,,,,,,,,,,,,,,,,,,,,2026-01-07 20:06:06.181000+00:00,
2026-01-07T20:06:06.277Z,DIAL_FAILURE,16Uiu2HAmAQfASDn3bu3MVDqMSDgBrVnjpNnj35k7w5U9wkA6QsP3,,,,,,,,,,,,,,,,,,,,,,,,,,,,unexpected end of input,96.0,,,,,,,,,,,,,,,,,,,,,,,,,,,,,,,,,,,,,,,,,,,,,,,,,,,2026-01-07 20:06:06.277000+00:00,
2026-01-07T20:06:06.624Z,DIAL_CHECK_START,16Uiu2HAmLddvWJwr3JzsDieEKXcvdYsczWnhNHSyEAcNEeY1nfrn,,,,,,,,,,,,,,,,,,,,,,,,2.0,0.0,1671.0,,,,,,,,,,,,,,,,,,,,,,,,,,,,,,,,,,,,,,,,,,,,,,,,,,,,,,2026-01-07 20:06:06.624000+00:00,
2026-01-07T20:06:06.624Z,DIAL_ATTEMPT_START,16Uiu2HAmLddvWJwr3JzsDieEKXcvdYsczWnhNHSyEAcNEeY1nfrn,,,,,,,,,,,,,,,,,,,1671.0,,,,1767816366624.0,,,,,,,,,,,,,,,,,,,,,,,,,,,,,,,,,,,,,,,,,,,,,,,,,,,,,,,,,2026-01-07 20:06:06.624000+00:00,
2026-01-07T20:06:06.625Z,DISCOVERY_DIAL_DECISION,16Uiu2HAmLddvWJwr3JzsDieEKXcvdYsczWnhNHSyEAcNEeY1nfrn,,,,,,,,,,,,,,,,,,,,,,,,2.0,0.0,,attempt_dial,,,,,,,,,,,,,,,,,,,,,,,,,,,,,,,,,,,,,,,,,,,,,,,,,,,,,2026-01-07 20:06:06.625000+00:00,
2026-01-07T20:06:06.672Z,DIAL_CHECK_START,16Uiu2HAmAQfASDn3bu3MVDqMSDgBrVnjpNnj35k7w5U9wkA6QsP3,,,,,,,,,,,,,,,,,,,,,,,,2.0,0.0,1670.0,,,,,,,,,,,,,,,,,,,,,,,,,,,,,,,,,,,,,,,,,,,,,,,,,,,,,,2026-01-07 20:06:06.672000+00:00,
2026-01-07T20:06:06.672Z,DIAL_ATTEMPT_START,16Uiu2HAmAQfASDn3bu3MVDqMSDgBrVnjpNnj35k7w5U9wkA6QsP3,,,,,,,,,,,,,,,,,,,1670.0,,,,1767816366672.0,,,,,,,,,,,,,,,,,,,,,,,,,,,,,,,,,,,,,,,,,,,,,,,,,,,,,,,,,2026-01-07 20:06:06.672000+00:00,
2026-01-07T20:06:06.672Z,DISCOVERY_DIAL_DECISION,16Uiu2HAmAQfASDn3bu3MVDqMSDgBrVnjpNnj35k7w5U9wkA6QsP3,,,,,,,,,,,,,,,,,,,,,,,,2.0,0.0,,attempt_dial,,,,,,,,,,,,,,,,,,,,,,,,,,,,,,,,,,,,,,,,,,,,,,,,,,,,,2026-01-07 20:06:06.672000+00:00,
2026-01-07T20:06:06.748Z,DIAL_CHECK_START,16Uiu2HAmRiuEYNcaQiBxjoMcgv2bjSfPGb4xu7UmokyHnsQHNzQX,,,,,,,,,,,,,,,,,,,,,,,,2.0,0.0,1669.0,,,,,,,,,,,,,,,,,,,,,,,,,,,,,,,,,,,,,,,,,,,,,,,,,,,,,,2026-01-07 20:06:06.748000+00:00,
2026-01-07T20:06:06.748Z,DIAL_ATTEMPT_START,16Uiu2HAmRiuEYNcaQiBxjoMcgv2bjSfPGb4xu7UmokyHnsQHNzQX,,,,,,,,,,,,,,,,,,,1669.0,,,,1767816366748.0,,,,,,,,,,,,,,,,,,,,,,,,,,,,,,,,,,,,,,,,,,,,,,,,,,,,,,,,,2026-01-07 20:06:06.748000+00:00,
2026-01-07T20:06:06.748Z,DISCOVERY_DIAL_DECISION,16Uiu2HAmRiuEYNcaQiBxjoMcgv2bjSfPGb4xu7UmokyHnsQHNzQX,,,,,,,,,,,,,,,,,,,,,,,,2.0,0.0,,attempt_dial,,,,,,,,,,,,,,,,,,,,,,,,,,,,,,,,,,,,,,,,,,,,,,,,,,,,,2026-01-07 20:06:06.748000+00:00,
2026-01-07T20:06:06.773Z,DIAL_FAILURE,16Uiu2HAmAQfASDn3bu3MVDqMSDgBrVnjpNnj35k7w5U9wkA6QsP3,,,,,,,,,,,,,,,,,,,,,,,,,,,,unexpected end of input,101.0,,,,,,,,,,,,,,,,,,,,,,,,,,,,,,,,,,,,,,,,,,,,,,,,,,,2026-01-07 20:06:06.773000+00:00,
2026-01-07T20:06:06.816Z,DIAL_FAILURE,16Uiu2HAmRiuEYNcaQiBxjoMcgv2bjSfPGb4xu7UmokyHnsQHNzQX,,,,,,,,,,,,,,,,,,,,,,,,,,,,unexpected end of input,68.0,,,,,,,,,,,,,,,,,,,,,,,,,,,,,,,,,,,,,,,,,,,,,,,,,,,2026-01-07 20:06:06.816000+00:00,
2026-01-07T20:06:06.877Z,DIAL_CHECK_START,16Uiu2HAm6roUJb3gVWyXj8bCtQLJ6397pge22A333984mwCaNRFj,,,,,,,,,,,,,,,,,,,,,,,,2.0,0.0,1668.0,,,,,,,,,,,,,,,,,,,,,,,,,,,,,,,,,,,,,,,,,,,,,,,,,,,,,,2026-01-07 20:06:06.877000+00:00,
2026-01-07T20:06:06.878Z,DIAL_ATTEMPT_START,16Uiu2HAm6roUJb3gVWyXj8bCtQLJ6397pge22A333984mwCaNRFj,,,,,,,,,,,,,,,,,,,1668.0,,,,1767816366878.0,,,,,,,,,,,,,,,,,,,,,,,,,,,,,,,,,,,,,,,,,,,,,,,,,,,,,,,,,2026-01-07 20:06:06.878000+00:00,
2026-01-07T20:06:06.878Z,DISCOVERY_DIAL_DECISION,16Uiu2HAm6roUJb3gVWyXj8bCtQLJ6397pge22A333984mwCaNRFj,,,,,,,,,,,,,,,,,,,,,,,,2.0,0.0,,attempt_dial,,,,,,,,,,,,,,,,,,,,,,,,,,,,,,,,,,,,,,,,,,,,,,,,,,,,,2026-01-07 20:06:06.878000+00:00,
2026-01-07T20:06:06.879Z,DIAL_CHECK_START,16Uiu2HAmAQfASDn3bu3MVDqMSDgBrVnjpNnj35k7w5U9wkA6QsP3,,,,,,,,,,,,,,,,,,,,,,,,2.0,0.0,1667.0,,,,,,,,,,,,,,,,,,,,,,,,,,,,,,,,,,,,,,,,,,,,,,,,,,,,,,2026-01-07 20:06:06.879000+00:00,
2026-01-07T20:06:06.879Z,DIAL_ATTEMPT_START,16Uiu2HAmAQfASDn3bu3MVDqMSDgBrVnjpNnj35k7w5U9wkA6QsP3,,,,,,,,,,,,,,,,,,,1667.0,,,,1767816366879.0,,,,,,,,,,,,,,,,,,,,,,,,,,,,,,,,,,,,,,,,,,,,,,,,,,,,,,,,,2026-01-07 20:06:06.879000+00:00,
2026-01-07T20:06:06.879Z,DISCOVERY_DIAL_DECISION,16Uiu2HAmAQfASDn3bu3MVDqMSDgBrVnjpNnj35k7w5U9wkA6QsP3,,,,,,,,,,,,,,,,,,,,,,,,2.0,0.0,,attempt_dial,,,,,,,,,,,,,,,,,,,,,,,,,,,,,,,,,,,,,,,,,,,,,,,,,,,,,2026-01-07 20:06:06.879000+00:00,
2026-01-07T20:06:06.968Z,DIAL_FAILURE,16Uiu2HAmLddvWJwr3JzsDieEKXcvdYsczWnhNHSyEAcNEeY1nfrn,,,,,,,,,,,,,,,,,,,,,,,,,,,,unexpected end of input,344.0,,,,,,,,,,,,,,,,,,,,,,,,,,,,,,,,,,,,,,,,,,,,,,,,,,,2026-01-07 20:06:06.968000+00:00,
2026-01-07T20:06:06.987Z,DIAL_FAILURE,16Uiu2HAmAQfASDn3bu3MVDqMSDgBrVnjpNnj35k7w5U9wkA6QsP3,,,,,,,,,,,,,,,,,,,,,,,,,,,,unexpected end of input,108.0,,,,,,,,,,,,,,,,,,,,,,,,,,,,,,,,,,,,,,,,,,,,,,,,,,,2026-01-07 20:06:06.987000+00:00,
2026-01-07T20:06:07.052Z,DIAL_CHECK_START,16Uiu2HAmRiuEYNcaQiBxjoMcgv2bjSfPGb4xu7UmokyHnsQHNzQX,,,,,,,,,,,,,,,,,,,,,,,,2.0,0.0,1666.0,,,,,,,,,,,,,,,,,,,,,,,,,,,,,,,,,,,,,,,,,,,,,,,,,,,,,,2026-01-07 20:06:07.052000+00:00,
2026-01-07T20:06:07.052Z,DIAL_ATTEMPT_START,16Uiu2HAmRiuEYNcaQiBxjoMcgv2bjSfPGb4xu7UmokyHnsQHNzQX,,,,,,,,,,,,,,,,,,,1666.0,,,,1767816367052.0,,,,,,,,,,,,,,,,,,,,,,,,,,,,,,,,,,,,,,,,,,,,,,,,,,,,,,,,,2026-01-07 20:06:07.052000+00:00,
2026-01-07T20:06:07.052Z,DISCOVERY_DIAL_DECISION,16Uiu2HAmRiuEYNcaQiBxjoMcgv2bjSfPGb4xu7UmokyHnsQHNzQX,,,,,,,,,,,,,,,,,,,,,,,,2.0,0.0,,attempt_dial,,,,,,,,,,,,,,,,,,,,,,,,,,,,,,,,,,,,,,,,,,,,,,,,,,,,,2026-01-07 20:06:07.052000+00:00,
2026-01-07T20:06:07.098Z,DIAL_FAILURE,16Uiu2HAmRiuEYNcaQiBxjoMcgv2bjSfPGb4xu7UmokyHnsQHNzQX,,,,,,,,,,,,,,,,,,,,,,,,,,,,unexpected end of input,46.0,,,,,,,,,,,,,,,,,,,,,,,,,,,,,,,,,,,,,,,,,,,,,,,,,,,2026-01-07 20:06:07.098000+00:00,
2026-01-07T20:06:08.378Z,DIAL_CHECK_START,16Uiu2HAmRiuEYNcaQiBxjoMcgv2bjSfPGb4xu7UmokyHnsQHNzQX,,,,,,,,,,,,,,,,,,,,,,,,2.0,0.0,1665.0,,,,,,,,,,,,,,,,,,,,,,,,,,,,,,,,,,,,,,,,,,,,,,,,,,,,,,2026-01-07 20:06:08.378000+00:00,
2026-01-07T20:06:08.378Z,DIAL_ATTEMPT_START,16Uiu2HAmRiuEYNcaQiBxjoMcgv2bjSfPGb4xu7UmokyHnsQHNzQX,,,,,,,,,,,,,,,,,,,1665.0,,,,1767816368378.0,,,,,,,,,,,,,,,,,,,,,,,,,,,,,,,,,,,,,,,,,,,,,,,,,,,,,,,,,2026-01-07 20:06:08.378000+00:00,
2026-01-07T20:06:08.378Z,DISCOVERY_DIAL_DECISION,16Uiu2HAmRiuEYNcaQiBxjoMcgv2bjSfPGb4xu7UmokyHnsQHNzQX,,,,,,,,,,,,,,,,,,,,,,,,2.0,0.0,,attempt_dial,,,,,,,,,,,,,,,,,,,,,,,,,,,,,,,,,,,,,,,,,,,,,,,,,,,,,2026-01-07 20:06:08.378000+00:00,
2026-01-07T20:06:08.424Z,DIAL_FAILURE,16Uiu2HAmRiuEYNcaQiBxjoMcgv2bjSfPGb4xu7UmokyHnsQHNzQX,,,,,,,,,,,,,,,,,,,,,,,,,,,,unexpected end of input,46.0,,,,,,,,,,,,,,,,,,,,,,,,,,,,,,,,,,,,,,,,,,,,,,,,,,,2026-01-07 20:06:08.424000+00:00,
2026-01-07T20:06:08.906Z,DIAL_CHECK_START,16Uiu2HAmRiuEYNcaQiBxjoMcgv2bjSfPGb4xu7UmokyHnsQHNzQX,,,,,,,,,,,,,,,,,,,,,,,,2.0,0.0,1664.0,,,,,,,,,,,,,,,,,,,,,,,,,,,,,,,,,,,,,,,,,,,,,,,,,,,,,,2026-01-07 20:06:08.906000+00:00,
2026-01-07T20:06:08.906Z,DIAL_ATTEMPT_START,16Uiu2HAmRiuEYNcaQiBxjoMcgv2bjSfPGb4xu7UmokyHnsQHNzQX,,,,,,,,,,,,,,,,,,,1664.0,,,,1767816368906.0,,,,,,,,,,,,,,,,,,,,,,,,,,,,,,,,,,,,,,,,,,,,,,,,,,,,,,,,,2026-01-07 20:06:08.906000+00:00,
2026-01-07T20:06:08.907Z,DISCOVERY_DIAL_DECISION,16Uiu2HAmRiuEYNcaQiBxjoMcgv2bjSfPGb4xu7UmokyHnsQHNzQX,,,,,,,,,,,,,,,,,,,,,,,,2.0,0.0,,attempt_dial,,,,,,,,,,,,,,,,,,,,,,,,,,,,,,,,,,,,,,,,,,,,,,,,,,,,,2026-01-07 20:06:08.907000+00:00,
2026-01-07T20:06:08.952Z,DIAL_FAILURE,16Uiu2HAmRiuEYNcaQiBxjoMcgv2bjSfPGb4xu7UmokyHnsQHNzQX,,,,,,,,,,,,,,,,,,,,,,,,,,,,unexpected end of input,46.0,,,,,,,,,,,,,,,,,,,,,,,,,,,,,,,,,,,,,,,,,,,,,,,,,,,2026-01-07 20:06:08.952000+00:00,
2026-01-07T20:06:09.326Z,DIAL_CHECK_START,16Uiu2HAmRiuEYNcaQiBxjoMcgv2bjSfPGb4xu7UmokyHnsQHNzQX,,,,,,,,,,,,,,,,,,,,,,,,2.0,0.0,1663.0,,,,,,,,,,,,,,,,,,,,,,,,,,,,,,,,,,,,,,,,,,,,,,,,,,,,,,2026-01-07 20:06:09.326000+00:00,
2026-01-07T20:06:09.326Z,DIAL_ATTEMPT_START,16Uiu2HAmRiuEYNcaQiBxjoMcgv2bjSfPGb4xu7UmokyHnsQHNzQX,,,,,,,,,,,,,,,,,,,1663.0,,,,1767816369326.0,,,,,,,,,,,,,,,,,,,,,,,,,,,,,,,,,,,,,,,,,,,,,,,,,,,,,,,,,2026-01-07 20:06:09.326000+00:00,
2026-01-07T20:06:09.326Z,DISCOVERY_DIAL_DECISION,16Uiu2HAmRiuEYNcaQiBxjoMcgv2bjSfPGb4xu7UmokyHnsQHNzQX,,,,,,,,,,,,,,,,,,,,,,,,2.0,0.0,,attempt_dial,,,,,,,,,,,,,,,,,,,,,,,,,,,,,,,,,,,,,,,,,,,,,,,,,,,,,2026-01-07 20:06:09.326000+00:00,
2026-01-07T20:06:09.396Z,DIAL_FAILURE,16Uiu2HAmRiuEYNcaQiBxjoMcgv2bjSfPGb4xu7UmokyHnsQHNzQX,,,,,,,,,,,,,,,,,,,,,,,,,,,,unexpected end of input,70.0,,,,,,,,,,,,,,,,,,,,,,,,,,,,,,,,,,,,,,,,,,,,,,,,,,,2026-01-07 20:06:09.396000+00:00,
2026-01-07T20:06:10.348Z,DIAL_CHECK_START,16Uiu2HAmAQfASDn3bu3MVDqMSDgBrVnjpNnj35k7w5U9wkA6QsP3,,,,,,,,,,,,,,,,,,,,,,,,2.0,0.0,1662.0,,,,,,,,,,,,,,,,,,,,,,,,,,,,,,,,,,,,,,,,,,,,,,,,,,,,,,2026-01-07 20:06:10.348000+00:00,
2026-01-07T20:06:10.348Z,DIAL_ATTEMPT_START,16Uiu2HAmAQfASDn3bu3MVDqMSDgBrVnjpNnj35k7w5U9wkA6QsP3,,,,,,,,,,,,,,,,,,,1662.0,,,,1767816370348.0,,,,,,,,,,,,,,,,,,,,,,,,,,,,,,,,,,,,,,,,,,,,,,,,,,,,,,,,,2026-01-07 20:06:10.348000+00:00,
2026-01-07T20:06:10.348Z,DISCOVERY_DIAL_DECISION,16Uiu2HAmAQfASDn3bu3MVDqMSDgBrVnjpNnj35k7w5U9wkA6QsP3,,,,,,,,,,,,,,,,,,,,,,,,2.0,0.0,,attempt_dial,,,,,,,,,,,,,,,,,,,,,,,,,,,,,,,,,,,,,,,,,,,,,,,,,,,,,2026-01-07 20:06:10.348000+00:00,
2026-01-07T20:06:10.467Z,DIAL_FAILURE,16Uiu2HAmAQfASDn3bu3MVDqMSDgBrVnjpNnj35k7w5U9wkA6QsP3,,,,,,,,,,,,,,,,,,,,,,,,,,,,unexpected end of input,119.0,,,,,,,,,,,,,,,,,,,,,,,,,,,,,,,,,,,,,,,,,,,,,,,,,,,2026-01-07 20:06:10.467000+00:00,
2026-01-07T20:06:10.579Z,DIAL_CHECK_START,16Uiu2HAmAQfASDn3bu3MVDqMSDgBrVnjpNnj35k7w5U9wkA6QsP3,,,,,,,,,,,,,,,,,,,,,,,,2.0,0.0,1661.0,,,,,,,,,,,,,,,,,,,,,,,,,,,,,,,,,,,,,,,,,,,,,,,,,,,,,,2026-01-07 20:06:10.579000+00:00,
2026-01-07T20:06:10.579Z,DIAL_ATTEMPT_START,16Uiu2HAmAQfASDn3bu3MVDqMSDgBrVnjpNnj35k7w5U9wkA6QsP3,,,,,,,,,,,,,,,,,,,1661.0,,,,1767816370579.0,,,,,,,,,,,,,,,,,,,,,,,,,,,,,,,,,,,,,,,,,,,,,,,,,,,,,,,,,2026-01-07 20:06:10.579000+00:00,
2026-01-07T20:06:10.579Z,DISCOVERY_DIAL_DECISION,16Uiu2HAmAQfASDn3bu3MVDqMSDgBrVnjpNnj35k7w5U9wkA6QsP3,,,,,,,,,,,,,,,,,,,,,,,,2.0,0.0,,attempt_dial,,,,,,,,,,,,,,,,,,,,,,,,,,,,,,,,,,,,,,,,,,,,,,,,,,,,,2026-01-07 20:06:10.579000+00:00,
2026-01-07T20:06:10.673Z,DIAL_FAILURE,16Uiu2HAmAQfASDn3bu3MVDqMSDgBrVnjpNnj35k7w5U9wkA6QsP3,,,,,,,,,,,,,,,,,,,,,,,,,,,,unexpected end of input,94.0,,,,,,,,,,,,,,,,,,,,,,,,,,,,,,,,,,,,,,,,,,,,,,,,,,,2026-01-07 20:06:10.673000+00:00,
2026-01-07T20:06:10.966Z,DIAL_FAILURE,16Uiu2HAm9GV9CWMsFS87cRXRPVvDf7RherssJA2EmduoEJHdTv1Z,,,,,,,,,,,,,,,,,,,,,,,,,,,,connection error 135.148.34.237:9000: connect ETIMEDOUT 135.148.34.237:9000,134221.0,,,,,,,,,,,,,,,,,,,,,,,,,,,,,,,,,,,,,,,,,,,,,,,,,,,2026-01-07 20:06:10.966000+00:00,
2026-01-07T20:06:11.479Z,DIAL_CHECK_START,16Uiu2HAmLddvWJwr3JzsDieEKXcvdYsczWnhNHSyEAcNEeY1nfrn,,,,,,,,,,,,,,,,,,,,,,,,2.0,0.0,1660.0,,,,,,,,,,,,,,,,,,,,,,,,,,,,,,,,,,,,,,,,,,,,,,,,,,,,,,2026-01-07 20:06:11.479000+00:00,
2026-01-07T20:06:11.479Z,DIAL_ATTEMPT_START,16Uiu2HAmLddvWJwr3JzsDieEKXcvdYsczWnhNHSyEAcNEeY1nfrn,,,,,,,,,,,,,,,,,,,1660.0,,,,1767816371479.0,,,,,,,,,,,,,,,,,,,,,,,,,,,,,,,,,,,,,,,,,,,,,,,,,,,,,,,,,2026-01-07 20:06:11.479000+00:00,
2026-01-07T20:06:11.479Z,DISCOVERY_DIAL_DECISION,16Uiu2HAmLddvWJwr3JzsDieEKXcvdYsczWnhNHSyEAcNEeY1nfrn,,,,,,,,,,,,,,,,,,,,,,,,2.0,0.0,,attempt_dial,,,,,,,,,,,,,,,,,,,,,,,,,,,,,,,,,,,,,,,,,,,,,,,,,,,,,2026-01-07 20:06:11.479000+00:00,
2026-01-07T20:06:11.822Z,DIAL_FAILURE,16Uiu2HAmLddvWJwr3JzsDieEKXcvdYsczWnhNHSyEAcNEeY1nfrn,,,,,,,,,,,,,,,,,,,,,,,,,,,,unexpected end of input,343.0,,,,,,,,,,,,,,,,,,,,,,,,,,,,,,,,,,,,,,,,,,,,,,,,,,,2026-01-07 20:06:11.822000+00:00,
2026-01-07T20:06:12.080Z,DIAL_CHECK_START,16Uiu2HAmRiuEYNcaQiBxjoMcgv2bjSfPGb4xu7UmokyHnsQHNzQX,,,,,,,,,,,,,,,,,,,,,,,,2.0,0.0,1659.0,,,,,,,,,,,,,,,,,,,,,,,,,,,,,,,,,,,,,,,,,,,,,,,,,,,,,,2026-01-07 20:06:12.080000+00:00,
2026-01-07T20:06:12.080Z,DIAL_ATTEMPT_START,16Uiu2HAmRiuEYNcaQiBxjoMcgv2bjSfPGb4xu7UmokyHnsQHNzQX,,,,,,,,,,,,,,,,,,,1659.0,,,,1767816372080.0,,,,,,,,,,,,,,,,,,,,,,,,,,,,,,,,,,,,,,,,,,,,,,,,,,,,,,,,,2026-01-07 20:06:12.080000+00:00,
2026-01-07T20:06:12.080Z,DISCOVERY_DIAL_DECISION,16Uiu2HAmRiuEYNcaQiBxjoMcgv2bjSfPGb4xu7UmokyHnsQHNzQX,,,,,,,,,,,,,,,,,,,,,,,,2.0,0.0,,attempt_dial,,,,,,,,,,,,,,,,,,,,,,,,,,,,,,,,,,,,,,,,,,,,,,,,,,,,,2026-01-07 20:06:12.080000+00:00,
2026-01-07T20:06:12.125Z,DIAL_FAILURE,16Uiu2HAmRiuEYNcaQiBxjoMcgv2bjSfPGb4xu7UmokyHnsQHNzQX,,,,,,,,,,,,,,,,,,,,,,,,,,,,unexpected end of input,45.0,,,,,,,,,,,,,,,,,,,,,,,,,,,,,,,,,,,,,,,,,,,,,,,,,,,2026-01-07 20:06:12.125000+00:00,
2026-01-07T20:06:14.672Z,DIAL_CHECK_START,16Uiu2HAmCtpt95MxdYof2r9aXxX1veaGDTW6au5FuqFnZZEydRXN,,,,,,,,,,,,,,,,,,,,,,,,2.0,0.0,1658.0,,,,,,,,,,,,,,,,,,,,,,,,,,,,,,,,,,,,,,,,,,,,,,,,,,,,,,2026-01-07 20:06:14.672000+00:00,
2026-01-07T20:06:14.672Z,DIAL_ATTEMPT_START,16Uiu2HAmCtpt95MxdYof2r9aXxX1veaGDTW6au5FuqFnZZEydRXN,,,,,,,,,,,,,,,,,,,1658.0,,,,1767816374672.0,,,,,,,,,,,,,,,,,,,,,,,,,,,,,,,,,,,,,,,,,,,,,,,,,,,,,,,,,2026-01-07 20:06:14.672000+00:00,
2026-01-07T20:06:14.672Z,DISCOVERY_DIAL_DECISION,16Uiu2HAmCtpt95MxdYof2r9aXxX1veaGDTW6au5FuqFnZZEydRXN,,,,,,,,,,,,,,,,,,,,,,,,2.0,0.0,,attempt_dial,,,,,,,,,,,,,,,,,,,,,,,,,,,,,,,,,,,,,,,,,,,,,,,,,,,,,2026-01-07 20:06:14.672000+00:00,
2026-01-07T20:06:15.267Z,DIAL_SUCCESS,16Uiu2HAmCtpt95MxdYof2r9aXxX1veaGDTW6au5FuqFnZZEydRXN,,,,,,,,,,,,,,,,,,,,,,,,,,,,,595.0,,,,,,,,,,,,,,,,,,,,,,,,,,,,,,,,,,,,,,,,,,,,,,,,,,,2026-01-07 20:06:15.267000+00:00,
2026-01-07T20:06:16.500Z,DIAL_CHECK_START,16Uiu2HAmLddvWJwr3JzsDieEKXcvdYsczWnhNHSyEAcNEeY1nfrn,,,,,,,,,,,,,,,,,,,,,,,,2.0,0.0,1657.0,,,,,,,,,,,,,,,,,,,,,,,,,,,,,,,,,,,,,,,,,,,,,,,,,,,,,,2026-01-07 20:06:16.500000+00:00,
2026-01-07T20:06:16.500Z,DIAL_ATTEMPT_START,16Uiu2HAmLddvWJwr3JzsDieEKXcvdYsczWnhNHSyEAcNEeY1nfrn,,,,,,,,,,,,,,,,,,,1657.0,,,,1767816376500.0,,,,,,,,,,,,,,,,,,,,,,,,,,,,,,,,,,,,,,,,,,,,,,,,,,,,,,,,,2026-01-07 20:06:16.500000+00:00,
2026-01-07T20:06:16.500Z,DISCOVERY_DIAL_DECISION,16Uiu2HAmLddvWJwr3JzsDieEKXcvdYsczWnhNHSyEAcNEeY1nfrn,,,,,,,,,,,,,,,,,,,,,,,,2.0,0.0,,attempt_dial,,,,,,,,,,,,,,,,,,,,,,,,,,,,,,,,,,,,,,,,,,,,,,,,,,,,,2026-01-07 20:06:16.500000+00:00,
2026-01-07T20:06:16.834Z,DIAL_FAILURE,16Uiu2HAmLddvWJwr3JzsDieEKXcvdYsczWnhNHSyEAcNEeY1nfrn,,,,,,,,,,,,,,,,,,,,,,,,,,,,unexpected end of input,334.0,,,,,,,,,,,,,,,,,,,,,,,,,,,,,,,,,,,,,,,,,,,,,,,,,,,2026-01-07 20:06:16.834000+00:00,
2026-01-07T20:06:16.925Z,DIAL_CHECK_START,16Uiu2HAmSrYKva4HRs5ppxY3g7MFP9L9QbiZLe9KFbs8v1MJwBH5,,,,,,,,,,,,,,,,,,,,,,,,2.0,0.0,1656.0,,,,,,,,,,,,,,,,,,,,,,,,,,,,,,,,,,,,,,,,,,,,,,,,,,,,,,2026-01-07 20:06:16.925000+00:00,
2026-01-07T20:06:16.925Z,DIAL_ATTEMPT_START,16Uiu2HAmSrYKva4HRs5ppxY3g7MFP9L9QbiZLe9KFbs8v1MJwBH5,,,,,,,,,,,,,,,,,,,1656.0,,,,1767816376925.0,,,,,,,,,,,,,,,,,,,,,,,,,,,,,,,,,,,,,,,,,,,,,,,,,,,,,,,,,2026-01-07 20:06:16.925000+00:00,
2026-01-07T20:06:16.926Z,DISCOVERY_DIAL_DECISION,16Uiu2HAmSrYKva4HRs5ppxY3g7MFP9L9QbiZLe9KFbs8v1MJwBH5,,,,,,,,,,,,,,,,,,,,,,,,2.0,0.0,,attempt_dial,,,,,,,,,,,,,,,,,,,,,,,,,,,,,,,,,,,,,,,,,,,,,,,,,,,,,2026-01-07 20:06:16.926000+00:00,
2026-01-07T20:06:17.007Z,DIAL_FAILURE,16Uiu2HAmSrYKva4HRs5ppxY3g7MFP9L9QbiZLe9KFbs8v1MJwBH5,,,,,,,,,,,,,,,,,,,,,,,,,,,,read ECONNRESET,82.0,,,,,,,,,,,,,,,,,,,,,,,,,,,,,,,,,,,,,,,,,,,,,,,,,,,2026-01-07 20:06:17.007000+00:00,
2026-01-07T20:06:17.107Z,DIAL_CHECK_START,16Uiu2HAmE3bdsstPb3u8hCLaQq1CGYgNLr65FsbGQutVZTmYGzLM,,,,,,,,,,,,,,,,,,,,,,,,2.0,0.0,1655.0,,,,,,,,,,,,,,,,,,,,,,,,,,,,,,,,,,,,,,,,,,,,,,,,,,,,,,2026-01-07 20:06:17.107000+00:00,
2026-01-07T20:06:17.107Z,DIAL_ATTEMPT_START,16Uiu2HAmE3bdsstPb3u8hCLaQq1CGYgNLr65FsbGQutVZTmYGzLM,,,,,,,,,,,,,,,,,,,1655.0,,,,1767816377107.0,,,,,,,,,,,,,,,,,,,,,,,,,,,,,,,,,,,,,,,,,,,,,,,,,,,,,,,,,2026-01-07 20:06:17.107000+00:00,
2026-01-07T20:06:17.107Z,DISCOVERY_DIAL_DECISION,16Uiu2HAmE3bdsstPb3u8hCLaQq1CGYgNLr65FsbGQutVZTmYGzLM,,,,,,,,,,,,,,,,,,,,,,,,2.0,0.0,,attempt_dial,,,,,,,,,,,,,,,,,,,,,,,,,,,,,,,,,,,,,,,,,,,,,,,,,,,,,2026-01-07 20:06:17.107000+00:00,
2026-01-07T20:06:17.637Z,DIAL_SUCCESS,16Uiu2HAmE3bdsstPb3u8hCLaQq1CGYgNLr65FsbGQutVZTmYGzLM,,,,,,,,,,,,,,,,,,,,,,,,,,,,,530.0,,,,,,,,,,,,,,,,,,,,,,,,,,,,,,,,,,,,,,,,,,,,,,,,,,,2026-01-07 20:06:17.637000+00:00,
2026-01-07T20:06:18.182Z,DIAL_CHECK_START,16Uiu2HAmLddvWJwr3JzsDieEKXcvdYsczWnhNHSyEAcNEeY1nfrn,,,,,,,,,,,,,,,,,,,,,,,,2.0,0.0,1654.0,,,,,,,,,,,,,,,,,,,,,,,,,,,,,,,,,,,,,,,,,,,,,,,,,,,,,,2026-01-07 20:06:18.182000+00:00,
2026-01-07T20:06:18.182Z,DIAL_ATTEMPT_START,16Uiu2HAmLddvWJwr3JzsDieEKXcvdYsczWnhNHSyEAcNEeY1nfrn,,,,,,,,,,,,,,,,,,,1654.0,,,,1767816378182.0,,,,,,,,,,,,,,,,,,,,,,,,,,,,,,,,,,,,,,,,,,,,,,,,,,,,,,,,,2026-01-07 20:06:18.182000+00:00,
2026-01-07T20:06:18.182Z,DISCOVERY_DIAL_DECISION,16Uiu2HAmLddvWJwr3JzsDieEKXcvdYsczWnhNHSyEAcNEeY1nfrn,,,,,,,,,,,,,,,,,,,,,,,,2.0,0.0,,attempt_dial,,,,,,,,,,,,,,,,,,,,,,,,,,,,,,,,,,,,,,,,,,,,,,,,,,,,,2026-01-07 20:06:18.182000+00:00,
2026-01-07T20:06:18.517Z,DIAL_FAILURE,16Uiu2HAmLddvWJwr3JzsDieEKXcvdYsczWnhNHSyEAcNEeY1nfrn,,,,,,,,,,,,,,,,,,,,,,,,,,,,unexpected end of input,335.0,,,,,,,,,,,,,,,,,,,,,,,,,,,,,,,,,,,,,,,,,,,,,,,,,,,2026-01-07 20:06:18.517000+00:00,
2026-01-07T20:06:21.510Z,DIAL_CHECK_START,16Uiu2HAmAQfASDn3bu3MVDqMSDgBrVnjpNnj35k7w5U9wkA6QsP3,,,,,,,,,,,,,,,,,,,,,,,,2.0,0.0,1653.0,,,,,,,,,,,,,,,,,,,,,,,,,,,,,,,,,,,,,,,,,,,,,,,,,,,,,,2026-01-07 20:06:21.510000+00:00,
2026-01-07T20:06:21.510Z,DIAL_ATTEMPT_START,16Uiu2HAmAQfASDn3bu3MVDqMSDgBrVnjpNnj35k7w5U9wkA6QsP3,,,,,,,,,,,,,,,,,,,1653.0,,,,1767816381510.0,,,,,,,,,,,,,,,,,,,,,,,,,,,,,,,,,,,,,,,,,,,,,,,,,,,,,,,,,2026-01-07 20:06:21.510000+00:00,
2026-01-07T20:06:21.510Z,DISCOVERY_DIAL_DECISION,16Uiu2HAmAQfASDn3bu3MVDqMSDgBrVnjpNnj35k7w5U9wkA6QsP3,,,,,,,,,,,,,,,,,,,,,,,,2.0,0.0,,attempt_dial,,,,,,,,,,,,,,,,,,,,,,,,,,,,,,,,,,,,,,,,,,,,,,,,,,,,,2026-01-07 20:06:21.510000+00:00,
2026-01-07T20:06:21.605Z,DIAL_FAILURE,16Uiu2HAmAQfASDn3bu3MVDqMSDgBrVnjpNnj35k7w5U9wkA6QsP3,,,,,,,,,,,,,,,,,,,,,,,,,,,,unexpected end of input,95.0,,,,,,,,,,,,,,,,,,,,,,,,,,,,,,,,,,,,,,,,,,,,,,,,,,,2026-01-07 20:06:21.605000+00:00,
2026-01-07T20:06:21.847Z,DIAL_CHECK_START,16Uiu2HAm2AfVRhyot6vRiruZDKYsPCeLE4YYkgst84D79mppirP7,,,,,,,,,,,,,,,,,,,,,,,,2.0,0.0,1652.0,,,,,,,,,,,,,,,,,,,,,,,,,,,,,,,,,,,,,,,,,,,,,,,,,,,,,,2026-01-07 20:06:21.847000+00:00,
2026-01-07T20:06:21.847Z,DIAL_ATTEMPT_START,16Uiu2HAm2AfVRhyot6vRiruZDKYsPCeLE4YYkgst84D79mppirP7,,,,,,,,,,,,,,,,,,,1652.0,,,,1767816381847.0,,,,,,,,,,,,,,,,,,,,,,,,,,,,,,,,,,,,,,,,,,,,,,,,,,,,,,,,,2026-01-07 20:06:21.847000+00:00,
2026-01-07T20:06:21.847Z,DISCOVERY_DIAL_DECISION,16Uiu2HAm2AfVRhyot6vRiruZDKYsPCeLE4YYkgst84D79mppirP7,,,,,,,,,,,,,,,,,,,,,,,,2.0,0.0,,attempt_dial,,,,,,,,,,,,,,,,,,,,,,,,,,,,,,,,,,,,,,,,,,,,,,,,,,,,,2026-01-07 20:06:21.847000+00:00,
2026-01-07T20:06:21.923Z,DIAL_CHECK_START,16Uiu2HAm7DcEVCzojC33DBb5ZfvtRxmrt7jKPf36WSTcU92iLwsV,,,,,,,,,,,,,,,,,,,,,,,,2.0,0.0,1651.0,,,,,,,,,,,,,,,,,,,,,,,,,,,,,,,,,,,,,,,,,,,,,,,,,,,,,,2026-01-07 20:06:21.923000+00:00,
2026-01-07T20:06:21.923Z,DIAL_ATTEMPT_START,16Uiu2HAm7DcEVCzojC33DBb5ZfvtRxmrt7jKPf36WSTcU92iLwsV,,,,,,,,,,,,,,,,,,,1651.0,,,,1767816381923.0,,,,,,,,,,,,,,,,,,,,,,,,,,,,,,,,,,,,,,,,,,,,,,,,,,,,,,,,,2026-01-07 20:06:21.923000+00:00,
2026-01-07T20:06:21.923Z,DISCOVERY_DIAL_DECISION,16Uiu2HAm7DcEVCzojC33DBb5ZfvtRxmrt7jKPf36WSTcU92iLwsV,,,,,,,,,,,,,,,,,,,,,,,,2.0,0.0,,attempt_dial,,,,,,,,,,,,,,,,,,,,,,,,,,,,,,,,,,,,,,,,,,,,,,,,,,,,,2026-01-07 20:06:21.923000+00:00,
2026-01-07T20:06:21.924Z,DIAL_CHECK_START,16Uiu2HAm11FHh6JwGXwtjjmSav2DqaNjgyBRgMoQhn9HuWx5NKRs,,,,,,,,,,,,,,,,,,,,,,,,2.0,0.0,1650.0,,,,,,,,,,,,,,,,,,,,,,,,,,,,,,,,,,,,,,,,,,,,,,,,,,,,,,2026-01-07 20:06:21.924000+00:00,
2026-01-07T20:06:21.924Z,DIAL_ATTEMPT_START,16Uiu2HAm11FHh6JwGXwtjjmSav2DqaNjgyBRgMoQhn9HuWx5NKRs,,,,,,,,,,,,,,,,,,,1650.0,,,,1767816381924.0,,,,,,,,,,,,,,,,,,,,,,,,,,,,,,,,,,,,,,,,,,,,,,,,,,,,,,,,,2026-01-07 20:06:21.924000+00:00,
2026-01-07T20:06:21.924Z,DISCOVERY_DIAL_DECISION,16Uiu2HAm11FHh6JwGXwtjjmSav2DqaNjgyBRgMoQhn9HuWx5NKRs,,,,,,,,,,,,,,,,,,,,,,,,2.0,0.0,,attempt_dial,,,,,,,,,,,,,,,,,,,,,,,,,,,,,,,,,,,,,,,,,,,,,,,,,,,,,2026-01-07 20:06:21.924000+00:00,
2026-01-07T20:06:22.046Z,DIAL_FAILURE,16Uiu2HAm11FHh6JwGXwtjjmSav2DqaNjgyBRgMoQhn9HuWx5NKRs,,,,,,,,,,,,,,,,,,,,,,,,,,,,connection error 38.80.81.19:9000: connect ECONNREFUSED 38.80.81.19:9000,122.0,,,,,,,,,,,,,,,,,,,,,,,,,,,,,,,,,,,,,,,,,,,,,,,,,,,2026-01-07 20:06:22.046000+00:00,
2026-01-07T20:06:22.394Z,DIAL_SUCCESS,16Uiu2HAm2AfVRhyot6vRiruZDKYsPCeLE4YYkgst84D79mppirP7,,,,,,,,,,,,,,,,,,,,,,,,,,,,,547.0,,,,,,,,,,,,,,,,,,,,,,,,,,,,,,,,,,,,,,,,,,,,,,,,,,,2026-01-07 20:06:22.394000+00:00,
2026-01-07T20:06:22.417Z,DIAL_SUCCESS,16Uiu2HAm7DcEVCzojC33DBb5ZfvtRxmrt7jKPf36WSTcU92iLwsV,,,,,,,,,,,,,,,,,,,,,,,,,,,,,494.0,,,,,,,,,,,,,,,,,,,,,,,,,,,,,,,,,,,,,,,,,,,,,,,,,,,2026-01-07 20:06:22.417000+00:00,
2026-01-07T20:06:22.477Z,DIAL_CHECK_START,16Uiu2HAkuSpduXGKvMiJ8uY7oUMFzCsVy8EsWMKREtn7CYsZACLc,,,,,,,,,,,,,,,,,,,,,,,,2.0,0.0,1649.0,,,,,,,,,,,,,,,,,,,,,,,,,,,,,,,,,,,,,,,,,,,,,,,,,,,,,,2026-01-07 20:06:22.477000+00:00,
2026-01-07T20:06:22.477Z,DIAL_ATTEMPT_START,16Uiu2HAkuSpduXGKvMiJ8uY7oUMFzCsVy8EsWMKREtn7CYsZACLc,,,,,,,,,,,,,,,,,,,1649.0,,,,1767816382477.0,,,,,,,,,,,,,,,,,,,,,,,,,,,,,,,,,,,,,,,,,,,,,,,,,,,,,,,,,2026-01-07 20:06:22.477000+00:00,
2026-01-07T20:06:22.477Z,DISCOVERY_DIAL_DECISION,16Uiu2HAkuSpduXGKvMiJ8uY7oUMFzCsVy8EsWMKREtn7CYsZACLc,,,,,,,,,,,,,,,,,,,,,,,,2.0,0.0,,attempt_dial,,,,,,,,,,,,,,,,,,,,,,,,,,,,,,,,,,,,,,,,,,,,,,,,,,,,,2026-01-07 20:06:22.477000+00:00,
2026-01-07T20:06:22.477Z,DIAL_CHECK_START,16Uiu2HAmEE7fgPqEkSuk85fRip7jtCkYrmnjdxJnq3gb3oGx5Q1y,,,,,,,,,,,,,,,,,,,,,,,,2.0,0.0,1648.0,,,,,,,,,,,,,,,,,,,,,,,,,,,,,,,,,,,,,,,,,,,,,,,,,,,,,,2026-01-07 20:06:22.477000+00:00,
2026-01-07T20:06:22.477Z,DIAL_ATTEMPT_START,16Uiu2HAmEE7fgPqEkSuk85fRip7jtCkYrmnjdxJnq3gb3oGx5Q1y,,,,,,,,,,,,,,,,,,,1648.0,,,,1767816382477.0,,,,,,,,,,,,,,,,,,,,,,,,,,,,,,,,,,,,,,,,,,,,,,,,,,,,,,,,,2026-01-07 20:06:22.477000+00:00,
2026-01-07T20:06:22.477Z,DISCOVERY_DIAL_DECISION,16Uiu2HAmEE7fgPqEkSuk85fRip7jtCkYrmnjdxJnq3gb3oGx5Q1y,,,,,,,,,,,,,,,,,,,,,,,,2.0,0.0,,attempt_dial,,,,,,,,,,,,,,,,,,,,,,,,,,,,,,,,,,,,,,,,,,,,,,,,,,,,,2026-01-07 20:06:22.477000+00:00,
2026-01-07T20:06:22.478Z,DIAL_CHECK_START,16Uiu2HAkuSpduXGKvMiJ8uY7oUMFzCsVy8EsWMKREtn7CYsZACLc,,,,,,,,,,,,,,,,,,,,,,,,0.0,0.0,1647.0,,,,,,,,,,,,,,,,,,,,,,,,,,,,,,,,,,,,,,,,,,,,,,,,,,,,,,2026-01-07 20:06:22.478000+00:00,
2026-01-07T20:06:22.478Z,DIAL_ATTEMPT_START,16Uiu2HAkuSpduXGKvMiJ8uY7oUMFzCsVy8EsWMKREtn7CYsZACLc,,,,,,,,,,,,,,,,,,,1647.0,,,,1767816382478.0,,,,,,,,,,,,,,,,,,,,,,,,,,,,,,,,,,,,,,,,,,,,,,,,,,,,,,,,,2026-01-07 20:06:22.478000+00:00,
2026-01-07T20:06:22.478Z,DISCOVERY_DIAL_DECISION,16Uiu2HAkuSpduXGKvMiJ8uY7oUMFzCsVy8EsWMKREtn7CYsZACLc,,,,,,,,,,,,,,,,,,,,,,,,0.0,0.0,,attempt_dial,,,,,,,,,,,,,,,,,,,,,,,,,,,,,,,,,,,,,,,,,,,,,,,,,,,,,2026-01-07 20:06:22.478000+00:00,
2026-01-07T20:06:22.480Z,DIAL_CHECK_START,16Uiu2HAmEE7fgPqEkSuk85fRip7jtCkYrmnjdxJnq3gb3oGx5Q1y,,,,,,,,,,,,,,,,,,,,,,,,0.0,0.0,1646.0,,,,,,,,,,,,,,,,,,,,,,,,,,,,,,,,,,,,,,,,,,,,,,,,,,,,,,2026-01-07 20:06:22.480000+00:00,
2026-01-07T20:06:22.480Z,DIAL_ATTEMPT_START,16Uiu2HAmEE7fgPqEkSuk85fRip7jtCkYrmnjdxJnq3gb3oGx5Q1y,,,,,,,,,,,,,,,,,,,1646.0,,,,1767816382480.0,,,,,,,,,,,,,,,,,,,,,,,,,,,,,,,,,,,,,,,,,,,,,,,,,,,,,,,,,2026-01-07 20:06:22.480000+00:00,
2026-01-07T20:06:22.480Z,DISCOVERY_DIAL_DECISION,16Uiu2HAmEE7fgPqEkSuk85fRip7jtCkYrmnjdxJnq3gb3oGx5Q1y,,,,,,,,,,,,,,,,,,,,,,,,0.0,0.0,,attempt_dial,,,,,,,,,,,,,,,,,,,,,,,,,,,,,,,,,,,,,,,,,,,,,,,,,,,,,2026-01-07 20:06:22.480000+00:00,
2026-01-07T20:06:23.067Z,DIAL_SUCCESS,16Uiu2HAmEE7fgPqEkSuk85fRip7jtCkYrmnjdxJnq3gb3oGx5Q1y,,,,,,,,,,,,,,,,,,,,,,,,,,,,,587.0,,,,,,,,,,,,,,,,,,,,,,,,,,,,,,,,,,,,,,,,,,,,,,,,,,,2026-01-07 20:06:23.067000+00:00,
2026-01-07T20:06:23.067Z,DIAL_SUCCESS,16Uiu2HAmEE7fgPqEkSuk85fRip7jtCkYrmnjdxJnq3gb3oGx5Q1y,,,,,,,,,,,,,,,,,,,,,,,,,,,,,590.0,,,,,,,,,,,,,,,,,,,,,,,,,,,,,,,,,,,,,,,,,,,,,,,,,,,2026-01-07 20:06:23.067000+00:00,
2026-01-07T20:06:24.686Z,DIAL_CHECK_START,16Uiu2HAmLddvWJwr3JzsDieEKXcvdYsczWnhNHSyEAcNEeY1nfrn,,,,,,,,,,,,,,,,,,,,,,,,2.0,0.0,1645.0,,,,,,,,,,,,,,,,,,,,,,,,,,,,,,,,,,,,,,,,,,,,,,,,,,,,,,2026-01-07 20:06:24.686000+00:00,
2026-01-07T20:06:24.686Z,DIAL_ATTEMPT_START,16Uiu2HAmLddvWJwr3JzsDieEKXcvdYsczWnhNHSyEAcNEeY1nfrn,,,,,,,,,,,,,,,,,,,1645.0,,,,1767816384686.0,,,,,,,,,,,,,,,,,,,,,,,,,,,,,,,,,,,,,,,,,,,,,,,,,,,,,,,,,2026-01-07 20:06:24.686000+00:00,
2026-01-07T20:06:24.686Z,DISCOVERY_DIAL_DECISION,16Uiu2HAmLddvWJwr3JzsDieEKXcvdYsczWnhNHSyEAcNEeY1nfrn,,,,,,,,,,,,,,,,,,,,,,,,2.0,0.0,,attempt_dial,,,,,,,,,,,,,,,,,,,,,,,,,,,,,,,,,,,,,,,,,,,,,,,,,,,,,2026-01-07 20:06:24.686000+00:00,
2026-01-07T20:06:25.028Z,DIAL_FAILURE,16Uiu2HAmLddvWJwr3JzsDieEKXcvdYsczWnhNHSyEAcNEeY1nfrn,,,,,,,,,,,,,,,,,,,,,,,,,,,,unexpected end of input,342.0,,,,,,,,,,,,,,,,,,,,,,,,,,,,,,,,,,,,,,,,,,,,,,,,,,,2026-01-07 20:06:25.028000+00:00,
2026-01-07T20:06:26.079Z,HEARTBEAT_DISCOVERY_NEEDED,unknown,,,,,,,,193.0,0.0,none,2.0,0.0,0.0,NO,0.0,0.0,9340232.0,9340232.0,,,,,,,,,,,,,,,,,,,,,,,,,,,,,,,,,,,,,,,,,,,,,,,,,,,,,,,,,,,,,,2026-01-07 20:06:26.079000+00:00,
2026-01-07T20:06:26.079Z,DISCOVERY_START,discovery,,,,,,,,,,,,,,,,,,,193.0,,2.0,,,,,,,,,,,,,,,,,,,,,,,,,,,,,,,,,,,,,,,,,,,,,,,,,,,,,,,,,,,2026-01-07 20:06:26.079000+00:00,
2026-01-07T20:06:26.089Z,DISCOVERY_FINDNODE_RESULT,unknown,,,,,,,,,,,,,,,,,,,,,,,,,,,,,,,,,,,,,,,,,,,,,,,,,,,,,,,,,,,,,,,,,,,16.0,60010.0,,,,,,,,,,,,2026-01-07 20:06:26.089000+00:00,
2026-01-07T20:06:26.260Z,DIAL_CHECK_START,16Uiu2HAmAQfASDn3bu3MVDqMSDgBrVnjpNnj35k7w5U9wkA6QsP3,,,,,,,,,,,,,,,,,,,,,,,,2.0,0.0,1837.0,,,,,,,,,,,,,,,,,,,,,,,,,,,,,,,,,,,,,,,,,,,,,,,,,,,,,,2026-01-07 20:06:26.260000+00:00,
2026-01-07T20:06:26.260Z,DIAL_ATTEMPT_START,16Uiu2HAmAQfASDn3bu3MVDqMSDgBrVnjpNnj35k7w5U9wkA6QsP3,,,,,,,,,,,,,,,,,,,1837.0,,,,1767816386260.0,,,,,,,,,,,,,,,,,,,,,,,,,,,,,,,,,,,,,,,,,,,,,,,,,,,,,,,,,2026-01-07 20:06:26.260000+00:00,
2026-01-07T20:06:26.260Z,DISCOVERY_DIAL_DECISION,16Uiu2HAmAQfASDn3bu3MVDqMSDgBrVnjpNnj35k7w5U9wkA6QsP3,,,,,,,,,,,,,,,,,,,,,,,,2.0,0.0,,attempt_dial,,,,,,,,,,,,,,,,,,,,,,,,,,,,,,,,,,,,,,,,,,,,,,,,,,,,,2026-01-07 20:06:26.260000+00:00,
2026-01-07T20:06:26.378Z,DIAL_FAILURE,16Uiu2HAmAQfASDn3bu3MVDqMSDgBrVnjpNnj35k7w5U9wkA6QsP3,,,,,,,,,,,,,,,,,,,,,,,,,,,,unexpected end of input,118.0,,,,,,,,,,,,,,,,,,,,,,,,,,,,,,,,,,,,,,,,,,,,,,,,,,,2026-01-07 20:06:26.378000+00:00,
2026-01-07T20:06:26.566Z,DIAL_CHECK_START,16Uiu2HAmRiuEYNcaQiBxjoMcgv2bjSfPGb4xu7UmokyHnsQHNzQX,,,,,,,,,,,,,,,,,,,,,,,,2.0,0.0,1836.0,,,,,,,,,,,,,,,,,,,,,,,,,,,,,,,,,,,,,,,,,,,,,,,,,,,,,,2026-01-07 20:06:26.566000+00:00,
2026-01-07T20:06:26.566Z,DIAL_ATTEMPT_START,16Uiu2HAmRiuEYNcaQiBxjoMcgv2bjSfPGb4xu7UmokyHnsQHNzQX,,,,,,,,,,,,,,,,,,,1836.0,,,,1767816386566.0,,,,,,,,,,,,,,,,,,,,,,,,,,,,,,,,,,,,,,,,,,,,,,,,,,,,,,,,,2026-01-07 20:06:26.566000+00:00,
2026-01-07T20:06:26.566Z,DISCOVERY_DIAL_DECISION,16Uiu2HAmRiuEYNcaQiBxjoMcgv2bjSfPGb4xu7UmokyHnsQHNzQX,,,,,,,,,,,,,,,,,,,,,,,,2.0,0.0,,attempt_dial,,,,,,,,,,,,,,,,,,,,,,,,,,,,,,,,,,,,,,,,,,,,,,,,,,,,,2026-01-07 20:06:26.566000+00:00,
2026-01-07T20:06:26.635Z,DIAL_FAILURE,16Uiu2HAmRiuEYNcaQiBxjoMcgv2bjSfPGb4xu7UmokyHnsQHNzQX,,,,,,,,,,,,,,,,,,,,,,,,,,,,unexpected end of input,69.0,,,,,,,,,,,,,,,,,,,,,,,,,,,,,,,,,,,,,,,,,,,,,,,,,,,2026-01-07 20:06:26.635000+00:00,
2026-01-07T20:06:31.448Z,DIAL_FAILURE,16Uiu2HAm6d4GxsjmmTBF5WURwKDfFTm2CpdHZHqgMeCZkaDzQPDf,,,,,,,,,,,,,,,,,,,,,,,,,,,,connection error 109.199.125.244:13000: connect ETIMEDOUT 109.199.125.244:13000,135337.0,,,,,,,,,,,,,,,,,,,,,,,,,,,,,,,,,,,,,,,,,,,,,,,,,,,2026-01-07 20:06:31.448000+00:00,
2026-01-07T20:06:35.562Z,DIAL_FAILURE,16Uiu2HAm4ZpFJRHNpgS7ZQYH74fMmw41sqxoKQogntKW7hZmAxGd,,,,,,,,,,,,,,,,,,,,,,,,,,,,connection error 3.78.163.200:9000: connect ETIMEDOUT 3.78.163.200:9000,133184.0,,,,,,,,,,,,,,,,,,,,,,,,,,,,,,,,,,,,,,,,,,,,,,,,,,,2026-01-07 20:06:35.562000+00:00,
2026-01-07T20:06:39.664Z,DIAL_FAILURE,16Uiu2HAm6d97fzvQRmJgDW2rRs4aMrygkrU4xsmtjZLvi4Zc8buK,,,,,,,,,,,,,,,,,,,,,,,,,,,,connection error 173.249.23.211:13000: connect ETIMEDOUT 173.249.23.211:13000,135008.0,,,,,,,,,,,,,,,,,,,,,,,,,,,,,,,,,,,,,,,,,,,,,,,,,,,2026-01-07 20:06:39.664000+00:00,
2026-01-07T20:06:56.079Z,HEARTBEAT_DISCOVERY_NEEDED,unknown,,,,,,,,196.0,0.0,none,2.0,0.0,0.0,NO,0.0,0.0,9340234.0,9340234.0,,,,,,,,,,,,,,,,,,,,,,,,,,,,,,,,,,,,,,,,,,,,,,,,,,,,,,,,,,,,,,2026-01-07 20:06:56.079000+00:00,
2026-01-07T20:06:56.079Z,DISCOVERY_START,discovery,,,,,,,,,,,,,,,,,,,196.0,,2.0,,,,,,,,,,,,,,,,,,,,,,,,,,,,,,,,,,,,,,,,,,,,,,,,,,,,,,,,,,,2026-01-07 20:06:56.079000+00:00,
2026-01-07T20:06:56.079Z,DISCOVERY_FINDNODE_START,unknown,,,,,,,,,,,,,,,,,,,2031.0,,,0.0,1767816416079.0,,,,,,,,,,,,,,,,,,,,,,,,,,,,,,,,,,,,,,,,,,,,,,,,,,,,,,,,,2026-01-07 20:06:56.079000+00:00,
2026-01-07T20:06:56.733Z,DIAL_CHECK_START,16Uiu2HAmGuQBJSfaK1SntM4Th6JStDNorLGDU7v51Ku4r19Td5z9,,,,,,,,,,,,,,,,,,,,,,,,2.0,0.0,2031.0,,,,,,,,,,,,,,,,,,,,,,,,,,,,,,,,,,,,,,,,,,,,,,,,,,,,,,2026-01-07 20:06:56.733000+00:00,
2026-01-07T20:06:56.733Z,DIAL_ATTEMPT_START,16Uiu2HAmGuQBJSfaK1SntM4Th6JStDNorLGDU7v51Ku4r19Td5z9,,,,,,,,,,,,,,,,,,,2031.0,,,,1767816416733.0,,,,,,,,,,,,,,,,,,,,,,,,,,,,,,,,,,,,,,,,,,,,,,,,,,,,,,,,,2026-01-07 20:06:56.733000+00:00,
2026-01-07T20:06:56.733Z,DISCOVERY_DIAL_DECISION,16Uiu2HAmGuQBJSfaK1SntM4Th6JStDNorLGDU7v51Ku4r19Td5z9,,,,,,,,,,,,,,,,,,,,,,,,2.0,0.0,,attempt_dial,,,,,,,,,,,,,,,,,,,,,,,,,,,,,,,,,,,,,,,,,,,,,,,,,,,,,2026-01-07 20:06:56.733000+00:00,
2026-01-07T20:06:56.734Z,DIAL_CHECK_START,16Uiu2HAkwm8w2xQjYrdq8ba4pfNML1wZWTTTw6qTUix9f9Scfi5P,,,,,,,,,,,,,,,,,,,,,,,,2.0,0.0,2030.0,,,,,,,,,,,,,,,,,,,,,,,,,,,,,,,,,,,,,,,,,,,,,,,,,,,,,,2026-01-07 20:06:56.734000+00:00,
2026-01-07T20:06:56.734Z,DIAL_ATTEMPT_START,16Uiu2HAkwm8w2xQjYrdq8ba4pfNML1wZWTTTw6qTUix9f9Scfi5P,,,,,,,,,,,,,,,,,,,2030.0,,,,1767816416734.0,,,,,,,,,,,,,,,,,,,,,,,,,,,,,,,,,,,,,,,,,,,,,,,,,,,,,,,,,2026-01-07 20:06:56.734000+00:00,
2026-01-07T20:06:56.734Z,DISCOVERY_DIAL_DECISION,16Uiu2HAkwm8w2xQjYrdq8ba4pfNML1wZWTTTw6qTUix9f9Scfi5P,,,,,,,,,,,,,,,,,,,,,,,,2.0,0.0,,attempt_dial,,,,,,,,,,,,,,,,,,,,,,,,,,,,,,,,,,,,,,,,,,,,,,,,,,,,,2026-01-07 20:06:56.734000+00:00,
2026-01-07T20:06:56.735Z,DIAL_CHECK_START,16Uiu2HAmGuQBJSfaK1SntM4Th6JStDNorLGDU7v51Ku4r19Td5z9,,,,,,,,,,,,,,,,,,,,,,,,0.0,0.0,2029.0,,,,,,,,,,,,,,,,,,,,,,,,,,,,,,,,,,,,,,,,,,,,,,,,,,,,,,2026-01-07 20:06:56.735000+00:00,
2026-01-07T20:06:56.735Z,DIAL_ATTEMPT_START,16Uiu2HAmGuQBJSfaK1SntM4Th6JStDNorLGDU7v51Ku4r19Td5z9,,,,,,,,,,,,,,,,,,,2029.0,,,,1767816416735.0,,,,,,,,,,,,,,,,,,,,,,,,,,,,,,,,,,,,,,,,,,,,,,,,,,,,,,,,,2026-01-07 20:06:56.735000+00:00,
2026-01-07T20:06:56.735Z,DISCOVERY_DIAL_DECISION,16Uiu2HAmGuQBJSfaK1SntM4Th6JStDNorLGDU7v51Ku4r19Td5z9,,,,,,,,,,,,,,,,,,,,,,,,0.0,0.0,,attempt_dial,,,,,,,,,,,,,,,,,,,,,,,,,,,,,,,,,,,,,,,,,,,,,,,,,,,,,2026-01-07 20:06:56.735000+00:00,
2026-01-07T20:06:56.736Z,DIAL_CHECK_START,16Uiu2HAkwm8w2xQjYrdq8ba4pfNML1wZWTTTw6qTUix9f9Scfi5P,,,,,,,,,,,,,,,,,,,,,,,,0.0,0.0,2028.0,,,,,,,,,,,,,,,,,,,,,,,,,,,,,,,,,,,,,,,,,,,,,,,,,,,,,,2026-01-07 20:06:56.736000+00:00,
2026-01-07T20:06:56.736Z,DIAL_ATTEMPT_START,16Uiu2HAkwm8w2xQjYrdq8ba4pfNML1wZWTTTw6qTUix9f9Scfi5P,,,,,,,,,,,,,,,,,,,2028.0,,,,1767816416736.0,,,,,,,,,,,,,,,,,,,,,,,,,,,,,,,,,,,,,,,,,,,,,,,,,,,,,,,,,2026-01-07 20:06:56.736000+00:00,
2026-01-07T20:06:56.736Z,DISCOVERY_DIAL_DECISION,16Uiu2HAkwm8w2xQjYrdq8ba4pfNML1wZWTTTw6qTUix9f9Scfi5P,,,,,,,,,,,,,,,,,,,,,,,,0.0,0.0,,attempt_dial,,,,,,,,,,,,,,,,,,,,,,,,,,,,,,,,,,,,,,,,,,,,,,,,,,,,,2026-01-07 20:06:56.736000+00:00,
2026-01-07T20:06:56.871Z,DIAL_FAILURE,16Uiu2HAkwm8w2xQjYrdq8ba4pfNML1wZWTTTw6qTUix9f9Scfi5P,,,,,,,,,,,,,,,,,,,,,,,,,,,,unexpected end of input,135.0,,,,,,,,,,,,,,,,,,,,,,,,,,,,,,,,,,,,,,,,,,,,,,,,,,,2026-01-07 20:06:56.871000+00:00,
2026-01-07T20:06:56.872Z,DIAL_FAILURE,16Uiu2HAkwm8w2xQjYrdq8ba4pfNML1wZWTTTw6qTUix9f9Scfi5P,,,,,,,,,,,,,,,,,,,,,,,,,,,,unexpected end of input,138.0,,,,,,,,,,,,,,,,,,,,,,,,,,,,,,,,,,,,,,,,,,,,,,,,,,,2026-01-07 20:06:56.872000+00:00,
2026-01-07T20:06:57.500Z,DIAL_CHECK_START,16Uiu2HAkwm8w2xQjYrdq8ba4pfNML1wZWTTTw6qTUix9f9Scfi5P,,,,,,,,,,,,,,,,,,,,,,,,2.0,0.0,2027.0,,,,,,,,,,,,,,,,,,,,,,,,,,,,,,,,,,,,,,,,,,,,,,,,,,,,,,2026-01-07 20:06:57.500000+00:00,
2026-01-07T20:06:57.500Z,DIAL_ATTEMPT_START,16Uiu2HAkwm8w2xQjYrdq8ba4pfNML1wZWTTTw6qTUix9f9Scfi5P,,,,,,,,,,,,,,,,,,,2027.0,,,,1767816417500.0,,,,,,,,,,,,,,,,,,,,,,,,,,,,,,,,,,,,,,,,,,,,,,,,,,,,,,,,,2026-01-07 20:06:57.500000+00:00,
2026-01-07T20:06:57.500Z,DISCOVERY_DIAL_DECISION,16Uiu2HAkwm8w2xQjYrdq8ba4pfNML1wZWTTTw6qTUix9f9Scfi5P,,,,,,,,,,,,,,,,,,,,,,,,2.0,0.0,,attempt_dial,,,,,,,,,,,,,,,,,,,,,,,,,,,,,,,,,,,,,,,,,,,,,,,,,,,,,2026-01-07 20:06:57.500000+00:00,
2026-01-07T20:06:57.635Z,DIAL_FAILURE,16Uiu2HAkwm8w2xQjYrdq8ba4pfNML1wZWTTTw6qTUix9f9Scfi5P,,,,,,,,,,,,,,,,,,,,,,,,,,,,unexpected end of input,135.0,,,,,,,,,,,,,,,,,,,,,,,,,,,,,,,,,,,,,,,,,,,,,,,,,,,2026-01-07 20:06:57.635000+00:00,
2026-01-07T20:06:57.797Z,DIAL_CHECK_START,16Uiu2HAkwm8w2xQjYrdq8ba4pfNML1wZWTTTw6qTUix9f9Scfi5P,,,,,,,,,,,,,,,,,,,,,,,,2.0,0.0,2026.0,,,,,,,,,,,,,,,,,,,,,,,,,,,,,,,,,,,,,,,,,,,,,,,,,,,,,,2026-01-07 20:06:57.797000+00:00,
2026-01-07T20:06:57.797Z,DIAL_ATTEMPT_START,16Uiu2HAkwm8w2xQjYrdq8ba4pfNML1wZWTTTw6qTUix9f9Scfi5P,,,,,,,,,,,,,,,,,,,2026.0,,,,1767816417797.0,,,,,,,,,,,,,,,,,,,,,,,,,,,,,,,,,,,,,,,,,,,,,,,,,,,,,,,,,2026-01-07 20:06:57.797000+00:00,
2026-01-07T20:06:57.797Z,DISCOVERY_DIAL_DECISION,16Uiu2HAkwm8w2xQjYrdq8ba4pfNML1wZWTTTw6qTUix9f9Scfi5P,,,,,,,,,,,,,,,,,,,,,,,,2.0,0.0,,attempt_dial,,,,,,,,,,,,,,,,,,,,,,,,,,,,,,,,,,,,,,,,,,,,,,,,,,,,,2026-01-07 20:06:57.797000+00:00,
2026-01-07T20:06:57.931Z,DIAL_FAILURE,16Uiu2HAkwm8w2xQjYrdq8ba4pfNML1wZWTTTw6qTUix9f9Scfi5P,,,,,,,,,,,,,,,,,,,,,,,,,,,,unexpected end of input,134.0,,,,,,,,,,,,,,,,,,,,,,,,,,,,,,,,,,,,,,,,,,,,,,,,,,,2026-01-07 20:06:57.931000+00:00,
2026-01-07T20:06:58.969Z,DIAL_SUCCESS,16Uiu2HAkuSpduXGKvMiJ8uY7oUMFzCsVy8EsWMKREtn7CYsZACLc,,,,,,,,,,,,,,,,,,,,,,,,,,,,,36491.0,,,,,,,,,,,,,,,,,,,,,,,,,,,,,,,,,,,,,,,,,,,,,,,,,,,2026-01-07 20:06:58.969000+00:00,
2026-01-07T20:07:10.508Z,DIAL_CHECK_START,16Uiu2HAkwm8w2xQjYrdq8ba4pfNML1wZWTTTw6qTUix9f9Scfi5P,,,,,,,,,,,,,,,,,,,,,,,,2.0,0.0,2025.0,,,,,,,,,,,,,,,,,,,,,,,,,,,,,,,,,,,,,,,,,,,,,,,,,,,,,,2026-01-07 20:07:10.508000+00:00,
2026-01-07T20:07:10.508Z,DIAL_ATTEMPT_START,16Uiu2HAkwm8w2xQjYrdq8ba4pfNML1wZWTTTw6qTUix9f9Scfi5P,,,,,,,,,,,,,,,,,,,2025.0,,,,1767816430508.0,,,,,,,,,,,,,,,,,,,,,,,,,,,,,,,,,,,,,,,,,,,,,,,,,,,,,,,,,2026-01-07 20:07:10.508000+00:00,
2026-01-07T20:07:10.508Z,DISCOVERY_DIAL_DECISION,16Uiu2HAkwm8w2xQjYrdq8ba4pfNML1wZWTTTw6qTUix9f9Scfi5P,,,,,,,,,,,,,,,,,,,,,,,,2.0,0.0,,attempt_dial,,,,,,,,,,,,,,,,,,,,,,,,,,,,,,,,,,,,,,,,,,,,,,,,,,,,,2026-01-07 20:07:10.508000+00:00,
2026-01-07T20:07:10.644Z,DIAL_FAILURE,16Uiu2HAkwm8w2xQjYrdq8ba4pfNML1wZWTTTw6qTUix9f9Scfi5P,,,,,,,,,,,,,,,,,,,,,,,,,,,,unexpected end of input,136.0,,,,,,,,,,,,,,,,,,,,,,,,,,,,,,,,,,,,,,,,,,,,,,,,,,,2026-01-07 20:07:10.644000+00:00,
2026-01-07T20:07:11.348Z,DIAL_CHECK_START,16Uiu2HAmLpF1oHWqKB5UUruF7qgjVFzgEFuVnTj5t9Nc5g3GDtAs,,,,,,,,,,,,,,,,,,,,,,,,2.0,0.0,2024.0,,,,,,,,,,,,,,,,,,,,,,,,,,,,,,,,,,,,,,,,,,,,,,,,,,,,,,2026-01-07 20:07:11.348000+00:00,
2026-01-07T20:07:11.348Z,DIAL_ATTEMPT_START,16Uiu2HAmLpF1oHWqKB5UUruF7qgjVFzgEFuVnTj5t9Nc5g3GDtAs,,,,,,,,,,,,,,,,,,,2024.0,,,,1767816431348.0,,,,,,,,,,,,,,,,,,,,,,,,,,,,,,,,,,,,,,,,,,,,,,,,,,,,,,,,,2026-01-07 20:07:11.348000+00:00,
2026-01-07T20:07:11.348Z,DISCOVERY_DIAL_DECISION,16Uiu2HAmLpF1oHWqKB5UUruF7qgjVFzgEFuVnTj5t9Nc5g3GDtAs,,,,,,,,,,,,,,,,,,,,,,,,2.0,0.0,,attempt_dial,,,,,,,,,,,,,,,,,,,,,,,,,,,,,,,,,,,,,,,,,,,,,,,,,,,,,2026-01-07 20:07:11.348000+00:00,
2026-01-07T20:07:11.349Z,DIAL_CHECK_START,16Uiu2HAkwm8w2xQjYrdq8ba4pfNML1wZWTTTw6qTUix9f9Scfi5P,,,,,,,,,,,,,,,,,,,,,,,,2.0,0.0,2023.0,,,,,,,,,,,,,,,,,,,,,,,,,,,,,,,,,,,,,,,,,,,,,,,,,,,,,,2026-01-07 20:07:11.349000+00:00,
2026-01-07T20:07:11.349Z,DIAL_ATTEMPT_START,16Uiu2HAkwm8w2xQjYrdq8ba4pfNML1wZWTTTw6qTUix9f9Scfi5P,,,,,,,,,,,,,,,,,,,2023.0,,,,1767816431349.0,,,,,,,,,,,,,,,,,,,,,,,,,,,,,,,,,,,,,,,,,,,,,,,,,,,,,,,,,2026-01-07 20:07:11.349000+00:00,
2026-01-07T20:07:11.349Z,DISCOVERY_DIAL_DECISION,16Uiu2HAkwm8w2xQjYrdq8ba4pfNML1wZWTTTw6qTUix9f9Scfi5P,,,,,,,,,,,,,,,,,,,,,,,,2.0,0.0,,attempt_dial,,,,,,,,,,,,,,,,,,,,,,,,,,,,,,,,,,,,,,,,,,,,,,,,,,,,,2026-01-07 20:07:11.349000+00:00,
2026-01-07T20:07:11.484Z,DIAL_FAILURE,16Uiu2HAkwm8w2xQjYrdq8ba4pfNML1wZWTTTw6qTUix9f9Scfi5P,,,,,,,,,,,,,,,,,,,,,,,,,,,,unexpected end of input,135.0,,,,,,,,,,,,,,,,,,,,,,,,,,,,,,,,,,,,,,,,,,,,,,,,,,,2026-01-07 20:07:11.484000+00:00,
2026-01-07T20:07:11.560Z,DIAL_SUCCESS,16Uiu2HAmLpF1oHWqKB5UUruF7qgjVFzgEFuVnTj5t9Nc5g3GDtAs,,,,,,,,,,,,,,,,,,,,,,,,,,,,,212.0,,,,,,,,,,,,,,,,,,,,,,,,,,,,,,,,,,,,,,,,,,,,,,,,,,,2026-01-07 20:07:11.560000+00:00,
2026-01-07T20:07:15.740Z,DIAL_CHECK_START,16Uiu2HAkwm8w2xQjYrdq8ba4pfNML1wZWTTTw6qTUix9f9Scfi5P,,,,,,,,,,,,,,,,,,,,,,,,2.0,0.0,2022.0,,,,,,,,,,,,,,,,,,,,,,,,,,,,,,,,,,,,,,,,,,,,,,,,,,,,,,2026-01-07 20:07:15.740000+00:00,
2026-01-07T20:07:15.740Z,DIAL_ATTEMPT_START,16Uiu2HAkwm8w2xQjYrdq8ba4pfNML1wZWTTTw6qTUix9f9Scfi5P,,,,,,,,,,,,,,,,,,,2022.0,,,,1767816435740.0,,,,,,,,,,,,,,,,,,,,,,,,,,,,,,,,,,,,,,,,,,,,,,,,,,,,,,,,,2026-01-07 20:07:15.740000+00:00,
2026-01-07T20:07:15.740Z,DISCOVERY_DIAL_DECISION,16Uiu2HAkwm8w2xQjYrdq8ba4pfNML1wZWTTTw6qTUix9f9Scfi5P,,,,,,,,,,,,,,,,,,,,,,,,2.0,0.0,,attempt_dial,,,,,,,,,,,,,,,,,,,,,,,,,,,,,,,,,,,,,,,,,,,,,,,,,,,,,2026-01-07 20:07:15.740000+00:00,
2026-01-07T20:07:15.875Z,DIAL_FAILURE,16Uiu2HAkwm8w2xQjYrdq8ba4pfNML1wZWTTTw6qTUix9f9Scfi5P,,,,,,,,,,,,,,,,,,,,,,,,,,,,unexpected end of input,135.0,,,,,,,,,,,,,,,,,,,,,,,,,,,,,,,,,,,,,,,,,,,,,,,,,,,2026-01-07 20:07:15.875000+00:00,
2026-01-07T20:07:20.857Z,DIAL_CHECK_START,16Uiu2HAkwm8w2xQjYrdq8ba4pfNML1wZWTTTw6qTUix9f9Scfi5P,,,,,,,,,,,,,,,,,,,,,,,,2.0,0.0,2021.0,,,,,,,,,,,,,,,,,,,,,,,,,,,,,,,,,,,,,,,,,,,,,,,,,,,,,,2026-01-07 20:07:20.857000+00:00,
2026-01-07T20:07:20.857Z,DIAL_ATTEMPT_START,16Uiu2HAkwm8w2xQjYrdq8ba4pfNML1wZWTTTw6qTUix9f9Scfi5P,,,,,,,,,,,,,,,,,,,2021.0,,,,1767816440857.0,,,,,,,,,,,,,,,,,,,,,,,,,,,,,,,,,,,,,,,,,,,,,,,,,,,,,,,,,2026-01-07 20:07:20.857000+00:00,
2026-01-07T20:07:20.857Z,DISCOVERY_DIAL_DECISION,16Uiu2HAkwm8w2xQjYrdq8ba4pfNML1wZWTTTw6qTUix9f9Scfi5P,,,,,,,,,,,,,,,,,,,,,,,,2.0,0.0,,attempt_dial,,,,,,,,,,,,,,,,,,,,,,,,,,,,,,,,,,,,,,,,,,,,,,,,,,,,,2026-01-07 20:07:20.857000+00:00,
2026-01-07T20:07:20.991Z,DIAL_FAILURE,16Uiu2HAkwm8w2xQjYrdq8ba4pfNML1wZWTTTw6qTUix9f9Scfi5P,,,,,,,,,,,,,,,,,,,,,,,,,,,,unexpected end of input,134.0,,,,,,,,,,,,,,,,,,,,,,,,,,,,,,,,,,,,,,,,,,,,,,,,,,,2026-01-07 20:07:20.991000+00:00,
2026-01-07T20:07:21.017Z,DIAL_CHECK_START,16Uiu2HAkwm8w2xQjYrdq8ba4pfNML1wZWTTTw6qTUix9f9Scfi5P,,,,,,,,,,,,,,,,,,,,,,,,2.0,0.0,2020.0,,,,,,,,,,,,,,,,,,,,,,,,,,,,,,,,,,,,,,,,,,,,,,,,,,,,,,2026-01-07 20:07:21.017000+00:00,
2026-01-07T20:07:21.017Z,DIAL_ATTEMPT_START,16Uiu2HAkwm8w2xQjYrdq8ba4pfNML1wZWTTTw6qTUix9f9Scfi5P,,,,,,,,,,,,,,,,,,,2020.0,,,,1767816441017.0,,,,,,,,,,,,,,,,,,,,,,,,,,,,,,,,,,,,,,,,,,,,,,,,,,,,,,,,,2026-01-07 20:07:21.017000+00:00,
2026-01-07T20:07:21.017Z,DISCOVERY_DIAL_DECISION,16Uiu2HAkwm8w2xQjYrdq8ba4pfNML1wZWTTTw6qTUix9f9Scfi5P,,,,,,,,,,,,,,,,,,,,,,,,2.0,0.0,,attempt_dial,,,,,,,,,,,,,,,,,,,,,,,,,,,,,,,,,,,,,,,,,,,,,,,,,,,,,2026-01-07 20:07:21.017000+00:00,
2026-01-07T20:07:21.151Z,DIAL_FAILURE,16Uiu2HAkwm8w2xQjYrdq8ba4pfNML1wZWTTTw6qTUix9f9Scfi5P,,,,,,,,,,,,,,,,,,,,,,,,,,,,unexpected end of input,134.0,,,,,,,,,,,,,,,,,,,,,,,,,,,,,,,,,,,,,,,,,,,,,,,,,,,2026-01-07 20:07:21.151000+00:00,
2026-01-07T20:07:22.245Z,DIAL_CHECK_START,16Uiu2HAkwm8w2xQjYrdq8ba4pfNML1wZWTTTw6qTUix9f9Scfi5P,,,,,,,,,,,,,,,,,,,,,,,,2.0,0.0,2019.0,,,,,,,,,,,,,,,,,,,,,,,,,,,,,,,,,,,,,,,,,,,,,,,,,,,,,,2026-01-07 20:07:22.245000+00:00,
2026-01-07T20:07:22.245Z,DIAL_ATTEMPT_START,16Uiu2HAkwm8w2xQjYrdq8ba4pfNML1wZWTTTw6qTUix9f9Scfi5P,,,,,,,,,,,,,,,,,,,2019.0,,,,1767816442245.0,,,,,,,,,,,,,,,,,,,,,,,,,,,,,,,,,,,,,,,,,,,,,,,,,,,,,,,,,2026-01-07 20:07:22.245000+00:00,
2026-01-07T20:07:22.245Z,DISCOVERY_DIAL_DECISION,16Uiu2HAkwm8w2xQjYrdq8ba4pfNML1wZWTTTw6qTUix9f9Scfi5P,,,,,,,,,,,,,,,,,,,,,,,,2.0,0.0,,attempt_dial,,,,,,,,,,,,,,,,,,,,,,,,,,,,,,,,,,,,,,,,,,,,,,,,,,,,,2026-01-07 20:07:22.245000+00:00,
2026-01-07T20:07:22.379Z,DIAL_FAILURE,16Uiu2HAkwm8w2xQjYrdq8ba4pfNML1wZWTTTw6qTUix9f9Scfi5P,,,,,,,,,,,,,,,,,,,,,,,,,,,,unexpected end of input,134.0,,,,,,,,,,,,,,,,,,,,,,,,,,,,,,,,,,,,,,,,,,,,,,,,,,,2026-01-07 20:07:22.379000+00:00,
2026-01-07T20:07:26.086Z,HEARTBEAT_DISCOVERY_NEEDED,unknown,,,,,,,,194.0,0.0,none,2.0,0.0,0.0,NO,0.0,0.0,9340237.0,9340237.0,,,,,,,,,,,,,,,,,,,,,,,,,,,,,,,,,,,,,,,,,,,,,,,,,,,,,,,,,,,,,,2026-01-07 20:07:26.086000+00:00,
2026-01-07T20:07:26.086Z,DISCOVERY_START,discovery,,,,,,,,,,,,,,,,,,,194.0,,2.0,,,,,,,,,,,,,,,,,,,,,,,,,,,,,,,,,,,,,,,,,,,,,,,,,,,,,,,,,,,2026-01-07 20:07:26.086000+00:00,
2026-01-07T20:07:27.028Z,DIAL_CHECK_START,16Uiu2HAkwm8w2xQjYrdq8ba4pfNML1wZWTTTw6qTUix9f9Scfi5P,,,,,,,,,,,,,,,,,,,,,,,,2.0,0.0,2212.0,,,,,,,,,,,,,,,,,,,,,,,,,,,,,,,,,,,,,,,,,,,,,,,,,,,,,,2026-01-07 20:07:27.028000+00:00,
2026-01-07T20:07:27.028Z,DIAL_ATTEMPT_START,16Uiu2HAkwm8w2xQjYrdq8ba4pfNML1wZWTTTw6qTUix9f9Scfi5P,,,,,,,,,,,,,,,,,,,2212.0,,,,1767816447028.0,,,,,,,,,,,,,,,,,,,,,,,,,,,,,,,,,,,,,,,,,,,,,,,,,,,,,,,,,2026-01-07 20:07:27.028000+00:00,
2026-01-07T20:07:27.028Z,DISCOVERY_DIAL_DECISION,16Uiu2HAkwm8w2xQjYrdq8ba4pfNML1wZWTTTw6qTUix9f9Scfi5P,,,,,,,,,,,,,,,,,,,,,,,,2.0,0.0,,attempt_dial,,,,,,,,,,,,,,,,,,,,,,,,,,,,,,,,,,,,,,,,,,,,,,,,,,,,,2026-01-07 20:07:27.028000+00:00,
2026-01-07T20:07:27.235Z,DIAL_SUCCESS,16Uiu2HAkwm8w2xQjYrdq8ba4pfNML1wZWTTTw6qTUix9f9Scfi5P,,,,,,,,,,,,,,,,,,,,,,,,,,,,,207.0,,,,,,,,,,,,,,,,,,,,,,,,,,,,,,,,,,,,,,,,,,,,,,,,,,,2026-01-07 20:07:27.235000+00:00,
2026-01-07T20:07:36.047Z,DIAL_CHECK_START,16Uiu2HAmGQ69vcQi7pxfzTPtKCVtbm3ZVBwtzB3JMYXcQKWEMtWf,,,,,,,,,,,,,,,,,,,,,,,,2.0,0.0,2211.0,,,,,,,,,,,,,,,,,,,,,,,,,,,,,,,,,,,,,,,,,,,,,,,,,,,,,,2026-01-07 20:07:36.047000+00:00,
2026-01-07T20:07:36.047Z,DIAL_ATTEMPT_START,16Uiu2HAmGQ69vcQi7pxfzTPtKCVtbm3ZVBwtzB3JMYXcQKWEMtWf,,,,,,,,,,,,,,,,,,,2211.0,,,,1767816456047.0,,,,,,,,,,,,,,,,,,,,,,,,,,,,,,,,,,,,,,,,,,,,,,,,,,,,,,,,,2026-01-07 20:07:36.047000+00:00,
2026-01-07T20:07:36.047Z,DISCOVERY_DIAL_DECISION,16Uiu2HAmGQ69vcQi7pxfzTPtKCVtbm3ZVBwtzB3JMYXcQKWEMtWf,,,,,,,,,,,,,,,,,,,,,,,,2.0,0.0,,attempt_dial,,,,,,,,,,,,,,,,,,,,,,,,,,,,,,,,,,,,,,,,,,,,,,,,,,,,,2026-01-07 20:07:36.047000+00:00,
2026-01-07T20:07:36.048Z,DIAL_CHECK_START,16Uiu2HAmGQ69vcQi7pxfzTPtKCVtbm3ZVBwtzB3JMYXcQKWEMtWf,,,,,,,,,,,,,,,,,,,,,,,,0.0,0.0,2210.0,,,,,,,,,,,,,,,,,,,,,,,,,,,,,,,,,,,,,,,,,,,,,,,,,,,,,,2026-01-07 20:07:36.048000+00:00,
2026-01-07T20:07:36.048Z,DIAL_ATTEMPT_START,16Uiu2HAmGQ69vcQi7pxfzTPtKCVtbm3ZVBwtzB3JMYXcQKWEMtWf,,,,,,,,,,,,,,,,,,,2210.0,,,,1767816456048.0,,,,,,,,,,,,,,,,,,,,,,,,,,,,,,,,,,,,,,,,,,,,,,,,,,,,,,,,,2026-01-07 20:07:36.048000+00:00,
2026-01-07T20:07:36.048Z,DISCOVERY_DIAL_DECISION,16Uiu2HAmGQ69vcQi7pxfzTPtKCVtbm3ZVBwtzB3JMYXcQKWEMtWf,,,,,,,,,,,,,,,,,,,,,,,,0.0,0.0,,attempt_dial,,,,,,,,,,,,,,,,,,,,,,,,,,,,,,,,,,,,,,,,,,,,,,,,,,,,,2026-01-07 20:07:36.048000+00:00,
2026-01-07T20:07:36.440Z,DIAL_SUCCESS,16Uiu2HAmGQ69vcQi7pxfzTPtKCVtbm3ZVBwtzB3JMYXcQKWEMtWf,,,,,,,,,,,,,,,,,,,,,,,,,,,,,392.0,,,,,,,,,,,,,,,,,,,,,,,,,,,,,,,,,,,,,,,,,,,,,,,,,,,2026-01-07 20:07:36.440000+00:00,
2026-01-07T20:07:36.440Z,DIAL_SUCCESS,16Uiu2HAmGQ69vcQi7pxfzTPtKCVtbm3ZVBwtzB3JMYXcQKWEMtWf,,,,,,,,,,,,,,,,,,,,,,,,,,,,,393.0,,,,,,,,,,,,,,,,,,,,,,,,,,,,,,,,,,,,,,,,,,,,,,,,,,,2026-01-07 20:07:36.440000+00:00,
2026-01-07T20:07:41.079Z,DIAL_FAILURE,16Uiu2HAmQTYS2ww7z5b56X3zpevJAEG2CMV8DjmFJFgmDoEHCadQ,,,,,,,,,,,,,,,,,,,,,,,,,,,,connection error 34.57.33.2:9000: connect ETIMEDOUT 34.57.33.2:9000,135205.0,,,,,,,,,,,,,,,,,,,,,,,,,,,,,,,,,,,,,,,,,,,,,,,,,,,2026-01-07 20:07:41.079000+00:00,
2026-01-07T20:07:47.751Z,DIAL_CHECK_START,16Uiu2HAkw1EPF67LVxG52kfhJuJNJhqQjXvJ65puo28Sc9it11qq,,,,,,,,,,,,,,,,,,,,,,,,2.0,0.0,2209.0,,,,,,,,,,,,,,,,,,,,,,,,,,,,,,,,,,,,,,,,,,,,,,,,,,,,,,2026-01-07 20:07:47.751000+00:00,
2026-01-07T20:07:47.751Z,DIAL_ATTEMPT_START,16Uiu2HAkw1EPF67LVxG52kfhJuJNJhqQjXvJ65puo28Sc9it11qq,,,,,,,,,,,,,,,,,,,2209.0,,,,1767816467751.0,,,,,,,,,,,,,,,,,,,,,,,,,,,,,,,,,,,,,,,,,,,,,,,,,,,,,,,,,2026-01-07 20:07:47.751000+00:00,
2026-01-07T20:07:47.751Z,DISCOVERY_DIAL_DECISION,16Uiu2HAkw1EPF67LVxG52kfhJuJNJhqQjXvJ65puo28Sc9it11qq,,,,,,,,,,,,,,,,,,,,,,,,2.0,0.0,,attempt_dial,,,,,,,,,,,,,,,,,,,,,,,,,,,,,,,,,,,,,,,,,,,,,,,,,,,,,2026-01-07 20:07:47.751000+00:00,
2026-01-07T20:07:47.752Z,DIAL_CHECK_START,16Uiu2HAkw1EPF67LVxG52kfhJuJNJhqQjXvJ65puo28Sc9it11qq,,,,,,,,,,,,,,,,,,,,,,,,0.0,0.0,2208.0,,,,,,,,,,,,,,,,,,,,,,,,,,,,,,,,,,,,,,,,,,,,,,,,,,,,,,2026-01-07 20:07:47.752000+00:00,
2026-01-07T20:07:47.752Z,DIAL_ATTEMPT_START,16Uiu2HAkw1EPF67LVxG52kfhJuJNJhqQjXvJ65puo28Sc9it11qq,,,,,,,,,,,,,,,,,,,2208.0,,,,1767816467752.0,,,,,,,,,,,,,,,,,,,,,,,,,,,,,,,,,,,,,,,,,,,,,,,,,,,,,,,,,2026-01-07 20:07:47.752000+00:00,
2026-01-07T20:07:47.752Z,DISCOVERY_DIAL_DECISION,16Uiu2HAkw1EPF67LVxG52kfhJuJNJhqQjXvJ65puo28Sc9it11qq,,,,,,,,,,,,,,,,,,,,,,,,0.0,0.0,,attempt_dial,,,,,,,,,,,,,,,,,,,,,,,,,,,,,,,,,,,,,,,,,,,,,,,,,,,,,2026-01-07 20:07:47.752000+00:00,
2026-01-07T20:07:47.910Z,DIAL_SUCCESS,16Uiu2HAkw1EPF67LVxG52kfhJuJNJhqQjXvJ65puo28Sc9it11qq,,,,,,,,,,,,,,,,,,,,,,,,,,,,,158.0,,,,,,,,,,,,,,,,,,,,,,,,,,,,,,,,,,,,,,,,,,,,,,,,,,,2026-01-07 20:07:47.910000+00:00,
2026-01-07T20:07:47.910Z,DIAL_SUCCESS,16Uiu2HAkw1EPF67LVxG52kfhJuJNJhqQjXvJ65puo28Sc9it11qq,,,,,,,,,,,,,,,,,,,,,,,,,,,,,159.0,,,,,,,,,,,,,,,,,,,,,,,,,,,,,,,,,,,,,,,,,,,,,,,,,,,2026-01-07 20:07:47.910000+00:00,
2026-01-07T20:07:53.383Z,DIAL_FAILURE,16Uiu2HAmHfcEcsBQPQuNey6aVzo1Q6JkGNTGYSBrZUQxyztX9gsG,,,,,,,,,,,,,,,,,,,,,,,,,,,,connection error 77.244.245.178:9000: connect ETIMEDOUT 77.244.245.178:9000,134116.0,,,,,,,,,,,,,,,,,,,,,,,,,,,,,,,,,,,,,,,,,,,,,,,,,,,2026-01-07 20:07:53.383000+00:00,
2026-01-07T20:07:54.025Z,DIAL_CHECK_START,16Uiu2HAky5vZAqvg85FiRWfLYAcR9agAMscvWttharqTvfqjzKZV,,,,,,,,,,,,,,,,,,,,,,,,2.0,0.0,2207.0,,,,,,,,,,,,,,,,,,,,,,,,,,,,,,,,,,,,,,,,,,,,,,,,,,,,,,2026-01-07 20:07:54.025000+00:00,
2026-01-07T20:07:54.025Z,DIAL_ATTEMPT_START,16Uiu2HAky5vZAqvg85FiRWfLYAcR9agAMscvWttharqTvfqjzKZV,,,,,,,,,,,,,,,,,,,2207.0,,,,1767816474025.0,,,,,,,,,,,,,,,,,,,,,,,,,,,,,,,,,,,,,,,,,,,,,,,,,,,,,,,,,2026-01-07 20:07:54.025000+00:00,
2026-01-07T20:07:54.025Z,DISCOVERY_DIAL_DECISION,16Uiu2HAky5vZAqvg85FiRWfLYAcR9agAMscvWttharqTvfqjzKZV,,,,,,,,,,,,,,,,,,,,,,,,2.0,0.0,,attempt_dial,,,,,,,,,,,,,,,,,,,,,,,,,,,,,,,,,,,,,,,,,,,,,,,,,,,,,2026-01-07 20:07:54.025000+00:00,
2026-01-07T20:07:56.086Z,DISCOVERY_FINDNODE_RESULT,unknown,,,,,,,,,,,,,,,,,,,,,,,,,,,,,,,,,,,,,,,,,,,,,,,,,,,,,,,,,,,,,,,,,,,16.0,60007.0,,,,,,,,,,,,2026-01-07 20:07:56.086000+00:00,
2026-01-07T20:07:56.086Z,HEARTBEAT_DISCOVERY_NEEDED,unknown,,,,,,,,191.0,0.0,none,2.0,0.0,0.0,NO,0.0,0.0,9340239.0,9340239.0,,,,,,,,,,,,,,,,,,,,,,,,,,,,,,,,,,,,,,,,,,,,,,,,,,,,,,,,,,,,,,2026-01-07 20:07:56.086000+00:00,
2026-01-07T20:07:56.086Z,DISCOVERY_START,discovery,,,,,,,,,,,,,,,,,,,191.0,,2.0,,,,,,,,,,,,,,,,,,,,,,,,,,,,,,,,,,,,,,,,,,,,,,,,,,,,,,,,,,,2026-01-07 20:07:56.086000+00:00,
2026-01-07T20:07:56.086Z,DISCOVERY_FINDNODE_START,unknown,,,,,,,,,,,,,,,,,,,2397.0,,,0.0,1767816476086.0,,,,,,,,,,,,,,,,,,,,,,,,,,,,,,,,,,,,,,,,,,,,,,,,,,,,,,,,,2026-01-07 20:07:56.086000+00:00,
2026-01-07T20:07:56.145Z,DIAL_CHECK_START,16Uiu2HAmBMnRYFvz93HPZCrRarXyVedHSyGetRFkHF8UWxyN7BPd,,,,,,,,,,,,,,,,,,,,,,,,2.0,0.0,2397.0,,,,,,,,,,,,,,,,,,,,,,,,,,,,,,,,,,,,,,,,,,,,,,,,,,,,,,2026-01-07 20:07:56.145000+00:00,
2026-01-07T20:07:56.145Z,DIAL_ATTEMPT_START,16Uiu2HAmBMnRYFvz93HPZCrRarXyVedHSyGetRFkHF8UWxyN7BPd,,,,,,,,,,,,,,,,,,,2397.0,,,,1767816476145.0,,,,,,,,,,,,,,,,,,,,,,,,,,,,,,,,,,,,,,,,,,,,,,,,,,,,,,,,,2026-01-07 20:07:56.145000+00:00,
2026-01-07T20:07:56.145Z,DISCOVERY_DIAL_DECISION,16Uiu2HAmBMnRYFvz93HPZCrRarXyVedHSyGetRFkHF8UWxyN7BPd,,,,,,,,,,,,,,,,,,,,,,,,2.0,0.0,,attempt_dial,,,,,,,,,,,,,,,,,,,,,,,,,,,,,,,,,,,,,,,,,,,,,,,,,,,,,2026-01-07 20:07:56.145000+00:00,
2026-01-07T20:07:56.146Z,DIAL_CHECK_START,16Uiu2HAmBMnRYFvz93HPZCrRarXyVedHSyGetRFkHF8UWxyN7BPd,,,,,,,,,,,,,,,,,,,,,,,,0.0,0.0,2396.0,,,,,,,,,,,,,,,,,,,,,,,,,,,,,,,,,,,,,,,,,,,,,,,,,,,,,,2026-01-07 20:07:56.146000+00:00,
2026-01-07T20:07:56.146Z,DIAL_ATTEMPT_START,16Uiu2HAmBMnRYFvz93HPZCrRarXyVedHSyGetRFkHF8UWxyN7BPd,,,,,,,,,,,,,,,,,,,2396.0,,,,1767816476146.0,,,,,,,,,,,,,,,,,,,,,,,,,,,,,,,,,,,,,,,,,,,,,,,,,,,,,,,,,2026-01-07 20:07:56.146000+00:00,
2026-01-07T20:07:56.146Z,DISCOVERY_DIAL_DECISION,16Uiu2HAmBMnRYFvz93HPZCrRarXyVedHSyGetRFkHF8UWxyN7BPd,,,,,,,,,,,,,,,,,,,,,,,,0.0,0.0,,attempt_dial,,,,,,,,,,,,,,,,,,,,,,,,,,,,,,,,,,,,,,,,,,,,,,,,,,,,,2026-01-07 20:07:56.146000+00:00,
2026-01-07T20:07:56.225Z,DIAL_CHECK_START,16Uiu2HAm1hQBFUNZLYiqD3kTcrxSpFusUciQ433ohNyfMwcmev23,,,,,,,,,,,,,,,,,,,,,,,,2.0,0.0,2395.0,,,,,,,,,,,,,,,,,,,,,,,,,,,,,,,,,,,,,,,,,,,,,,,,,,,,,,2026-01-07 20:07:56.225000+00:00,
2026-01-07T20:07:56.225Z,DIAL_ATTEMPT_START,16Uiu2HAm1hQBFUNZLYiqD3kTcrxSpFusUciQ433ohNyfMwcmev23,,,,,,,,,,,,,,,,,,,2395.0,,,,1767816476225.0,,,,,,,,,,,,,,,,,,,,,,,,,,,,,,,,,,,,,,,,,,,,,,,,,,,,,,,,,2026-01-07 20:07:56.225000+00:00,
2026-01-07T20:07:56.225Z,DISCOVERY_DIAL_DECISION,16Uiu2HAm1hQBFUNZLYiqD3kTcrxSpFusUciQ433ohNyfMwcmev23,,,,,,,,,,,,,,,,,,,,,,,,2.0,0.0,,attempt_dial,,,,,,,,,,,,,,,,,,,,,,,,,,,,,,,,,,,,,,,,,,,,,,,,,,,,,2026-01-07 20:07:56.225000+00:00,
2026-01-07T20:07:56.225Z,DIAL_CHECK_START,16Uiu2HAmD1T5b1AKyzNGB2xk2g2y6gTQxLWQZAAyt1maBEmPLtt6,,,,,,,,,,,,,,,,,,,,,,,,2.0,0.0,2394.0,,,,,,,,,,,,,,,,,,,,,,,,,,,,,,,,,,,,,,,,,,,,,,,,,,,,,,2026-01-07 20:07:56.225000+00:00,
2026-01-07T20:07:56.225Z,DIAL_ATTEMPT_START,16Uiu2HAmD1T5b1AKyzNGB2xk2g2y6gTQxLWQZAAyt1maBEmPLtt6,,,,,,,,,,,,,,,,,,,2394.0,,,,1767816476225.0,,,,,,,,,,,,,,,,,,,,,,,,,,,,,,,,,,,,,,,,,,,,,,,,,,,,,,,,,2026-01-07 20:07:56.225000+00:00,
2026-01-07T20:07:56.226Z,DISCOVERY_DIAL_DECISION,16Uiu2HAmD1T5b1AKyzNGB2xk2g2y6gTQxLWQZAAyt1maBEmPLtt6,,,,,,,,,,,,,,,,,,,,,,,,2.0,0.0,,attempt_dial,,,,,,,,,,,,,,,,,,,,,,,,,,,,,,,,,,,,,,,,,,,,,,,,,,,,,2026-01-07 20:07:56.226000+00:00,
2026-01-07T20:07:56.226Z,DIAL_CHECK_START,16Uiu2HAmHC67yLMggoGaAFyhm92jraDHTuoGGa3ZgM5dUoooFqc2,,,,,,,,,,,,,,,,,,,,,,,,2.0,4.0,2393.0,,,,,,,,,,,,,,,,,,,,,,,,,,,,,,,,,,,,,,,,,,,,,,,,,,,,,,2026-01-07 20:07:56.226000+00:00,
2026-01-07T20:07:56.226Z,DIAL_ATTEMPT_START,16Uiu2HAmHC67yLMggoGaAFyhm92jraDHTuoGGa3ZgM5dUoooFqc2,,,,,,,,,,,,,,,,,,,2393.0,,,,1767816476226.0,,,,,,,,,,,,,,,,,,,,,,,,,,,,,,,,,,,,,,,,,,,,,,,,,,,,,,,,,2026-01-07 20:07:56.226000+00:00,
2026-01-07T20:07:56.228Z,DISCOVERY_DIAL_DECISION,16Uiu2HAmHC67yLMggoGaAFyhm92jraDHTuoGGa3ZgM5dUoooFqc2,,,,,,,,,,,,,,,,,,,,,,,,2.0,4.0,,attempt_dial,,,,,,,,,,,,,,,,,,,,,,,,,,,,,,,,,,,,,,,,,,,,,,,,,,,,,2026-01-07 20:07:56.228000+00:00,
2026-01-07T20:07:56.229Z,DIAL_CHECK_START,16Uiu2HAmGBX9i1k9CjS69e2EwJuWCVRKW8J3cmV4i6tqaPPB2gT5,,,,,,,,,,,,,,,,,,,,,,,,2.0,0.0,2392.0,,,,,,,,,,,,,,,,,,,,,,,,,,,,,,,,,,,,,,,,,,,,,,,,,,,,,,2026-01-07 20:07:56.229000+00:00,
2026-01-07T20:07:56.229Z,DIAL_ATTEMPT_START,16Uiu2HAmGBX9i1k9CjS69e2EwJuWCVRKW8J3cmV4i6tqaPPB2gT5,,,,,,,,,,,,,,,,,,,2392.0,,,,1767816476229.0,,,,,,,,,,,,,,,,,,,,,,,,,,,,,,,,,,,,,,,,,,,,,,,,,,,,,,,,,2026-01-07 20:07:56.229000+00:00,
2026-01-07T20:07:56.230Z,DISCOVERY_DIAL_DECISION,16Uiu2HAmGBX9i1k9CjS69e2EwJuWCVRKW8J3cmV4i6tqaPPB2gT5,,,,,,,,,,,,,,,,,,,,,,,,2.0,0.0,,attempt_dial,,,,,,,,,,,,,,,,,,,,,,,,,,,,,,,,,,,,,,,,,,,,,,,,,,,,,2026-01-07 20:07:56.230000+00:00,
2026-01-07T20:07:56.330Z,DIAL_FAILURE,16Uiu2HAmD1T5b1AKyzNGB2xk2g2y6gTQxLWQZAAyt1maBEmPLtt6,,,,,,,,,,,,,,,,,,,,,,,,,,,,unexpected end of input,105.0,,,,,,,,,,,,,,,,,,,,,,,,,,,,,,,,,,,,,,,,,,,,,,,,,,,2026-01-07 20:07:56.330000+00:00,
2026-01-07T20:07:56.498Z,DIAL_SUCCESS,16Uiu2HAm1hQBFUNZLYiqD3kTcrxSpFusUciQ433ohNyfMwcmev23,,,,,,,,,,,,,,,,,,,,,,,,,,,,,273.0,,,,,,,,,,,,,,,,,,,,,,,,,,,,,,,,,,,,,,,,,,,,,,,,,,,2026-01-07 20:07:56.498000+00:00,
2026-01-07T20:07:56.507Z,DIAL_CHECK_START,16Uiu2HAm7xXhjz9no2JFdetQGA3UdxFwySokEXLUnGHdQMVfQq1G,,,,,,,,,,,,,,,,,,,,,,,,2.0,0.0,2391.0,,,,,,,,,,,,,,,,,,,,,,,,,,,,,,,,,,,,,,,,,,,,,,,,,,,,,,2026-01-07 20:07:56.507000+00:00,
2026-01-07T20:07:56.507Z,DIAL_ATTEMPT_START,16Uiu2HAm7xXhjz9no2JFdetQGA3UdxFwySokEXLUnGHdQMVfQq1G,,,,,,,,,,,,,,,,,,,2391.0,,,,1767816476507.0,,,,,,,,,,,,,,,,,,,,,,,,,,,,,,,,,,,,,,,,,,,,,,,,,,,,,,,,,2026-01-07 20:07:56.507000+00:00,
2026-01-07T20:07:56.507Z,DISCOVERY_DIAL_DECISION,16Uiu2HAm7xXhjz9no2JFdetQGA3UdxFwySokEXLUnGHdQMVfQq1G,,,,,,,,,,,,,,,,,,,,,,,,2.0,0.0,,attempt_dial,,,,,,,,,,,,,,,,,,,,,,,,,,,,,,,,,,,,,,,,,,,,,,,,,,,,,2026-01-07 20:07:56.507000+00:00,
2026-01-07T20:07:56.671Z,DIAL_SUCCESS,16Uiu2HAm7xXhjz9no2JFdetQGA3UdxFwySokEXLUnGHdQMVfQq1G,,,,,,,,,,,,,,,,,,,,,,,,,,,,,164.0,,,,,,,,,,,,,,,,,,,,,,,,,,,,,,,,,,,,,,,,,,,,,,,,,,,2026-01-07 20:07:56.671000+00:00,
2026-01-07T20:07:56.681Z,DIAL_CHECK_START,16Uiu2HAmQR3qZmXyKiWHTj4YweRSVRkYhx7DsDaU4YuWGqT2uiLq,,,,,,,,,,,,,,,,,,,,,,,,2.0,0.0,2390.0,,,,,,,,,,,,,,,,,,,,,,,,,,,,,,,,,,,,,,,,,,,,,,,,,,,,,,2026-01-07 20:07:56.681000+00:00,
2026-01-07T20:07:56.681Z,DIAL_ATTEMPT_START,16Uiu2HAmQR3qZmXyKiWHTj4YweRSVRkYhx7DsDaU4YuWGqT2uiLq,,,,,,,,,,,,,,,,,,,2390.0,,,,1767816476681.0,,,,,,,,,,,,,,,,,,,,,,,,,,,,,,,,,,,,,,,,,,,,,,,,,,,,,,,,,2026-01-07 20:07:56.681000+00:00,
2026-01-07T20:07:56.681Z,DISCOVERY_DIAL_DECISION,16Uiu2HAmQR3qZmXyKiWHTj4YweRSVRkYhx7DsDaU4YuWGqT2uiLq,,,,,,,,,,,,,,,,,,,,,,,,2.0,0.0,,attempt_dial,,,,,,,,,,,,,,,,,,,,,,,,,,,,,,,,,,,,,,,,,,,,,,,,,,,,,2026-01-07 20:07:56.681000+00:00,
2026-01-07T20:07:56.682Z,DIAL_CHECK_START,16Uiu2HAmQR3qZmXyKiWHTj4YweRSVRkYhx7DsDaU4YuWGqT2uiLq,,,,,,,,,,,,,,,,,,,,,,,,0.0,0.0,2389.0,,,,,,,,,,,,,,,,,,,,,,,,,,,,,,,,,,,,,,,,,,,,,,,,,,,,,,2026-01-07 20:07:56.682000+00:00,
2026-01-07T20:07:56.682Z,DIAL_ATTEMPT_START,16Uiu2HAmQR3qZmXyKiWHTj4YweRSVRkYhx7DsDaU4YuWGqT2uiLq,,,,,,,,,,,,,,,,,,,2389.0,,,,1767816476682.0,,,,,,,,,,,,,,,,,,,,,,,,,,,,,,,,,,,,,,,,,,,,,,,,,,,,,,,,,2026-01-07 20:07:56.682000+00:00,
2026-01-07T20:07:56.682Z,DISCOVERY_DIAL_DECISION,16Uiu2HAmQR3qZmXyKiWHTj4YweRSVRkYhx7DsDaU4YuWGqT2uiLq,,,,,,,,,,,,,,,,,,,,,,,,0.0,0.0,,attempt_dial,,,,,,,,,,,,,,,,,,,,,,,,,,,,,,,,,,,,,,,,,,,,,,,,,,,,,2026-01-07 20:07:56.682000+00:00,
2026-01-07T20:07:56.721Z,DIAL_SUCCESS,16Uiu2HAmHC67yLMggoGaAFyhm92jraDHTuoGGa3ZgM5dUoooFqc2,,,,,,,,,,,,,,,,,,,,,,,,,,,,,495.0,,,,,,,,,,,,,,,,,,,,,,,,,,,,,,,,,,,,,,,,,,,,,,,,,,,2026-01-07 20:07:56.721000+00:00,
2026-01-07T20:07:56.754Z,DIAL_FAILURE,16Uiu2HAmQR3qZmXyKiWHTj4YweRSVRkYhx7DsDaU4YuWGqT2uiLq,,,,,,,,,,,,,,,,,,,,,,,,,,,,read ECONNRESET,72.0,,,,,,,,,,,,,,,,,,,,,,,,,,,,,,,,,,,,,,,,,,,,,,,,,,,2026-01-07 20:07:56.754000+00:00,
2026-01-07T20:07:56.755Z,DIAL_FAILURE,16Uiu2HAmQR3qZmXyKiWHTj4YweRSVRkYhx7DsDaU4YuWGqT2uiLq,,,,,,,,,,,,,,,,,,,,,,,,,,,,read ECONNRESET,74.0,,,,,,,,,,,,,,,,,,,,,,,,,,,,,,,,,,,,,,,,,,,,,,,,,,,2026-01-07 20:07:56.755000+00:00,
2026-01-07T20:07:56.877Z,DIAL_SUCCESS,16Uiu2HAmGBX9i1k9CjS69e2EwJuWCVRKW8J3cmV4i6tqaPPB2gT5,,,,,,,,,,,,,,,,,,,,,,,,,,,,,648.0,,,,,,,,,,,,,,,,,,,,,,,,,,,,,,,,,,,,,,,,,,,,,,,,,,,2026-01-07 20:07:56.877000+00:00,
2026-01-07T20:07:57.399Z,DIAL_FAILURE,16Uiu2HAky5vZAqvg85FiRWfLYAcR9agAMscvWttharqTvfqjzKZV,,,,,,,,,,,,,,,,,,,,,,,,,,,,All multiaddr dials failed,3374.0,,,,,,,,,,,,,,,,,,,,,,,,,,,,,,,,,,,,,,,,,,,,,,,,,,,2026-01-07 20:07:57.399000+00:00,
2026-01-07T20:07:57.587Z,DIAL_CHECK_START,16Uiu2HAkvwFnRBa5qBYUHHfqgyuJuWqptSboZwgisAALC1pAKFvP,,,,,,,,,,,,,,,,,,,,,,,,2.0,0.0,2388.0,,,,,,,,,,,,,,,,,,,,,,,,,,,,,,,,,,,,,,,,,,,,,,,,,,,,,,2026-01-07 20:07:57.587000+00:00,
2026-01-07T20:07:57.587Z,DIAL_ATTEMPT_START,16Uiu2HAkvwFnRBa5qBYUHHfqgyuJuWqptSboZwgisAALC1pAKFvP,,,,,,,,,,,,,,,,,,,2388.0,,,,1767816477587.0,,,,,,,,,,,,,,,,,,,,,,,,,,,,,,,,,,,,,,,,,,,,,,,,,,,,,,,,,2026-01-07 20:07:57.587000+00:00,
2026-01-07T20:07:57.588Z,DISCOVERY_DIAL_DECISION,16Uiu2HAkvwFnRBa5qBYUHHfqgyuJuWqptSboZwgisAALC1pAKFvP,,,,,,,,,,,,,,,,,,,,,,,,2.0,0.0,,attempt_dial,,,,,,,,,,,,,,,,,,,,,,,,,,,,,,,,,,,,,,,,,,,,,,,,,,,,,2026-01-07 20:07:57.588000+00:00,
2026-01-07T20:07:57.589Z,DIAL_CHECK_START,16Uiu2HAkvwFnRBa5qBYUHHfqgyuJuWqptSboZwgisAALC1pAKFvP,,,,,,,,,,,,,,,,,,,,,,,,0.0,0.0,2387.0,,,,,,,,,,,,,,,,,,,,,,,,,,,,,,,,,,,,,,,,,,,,,,,,,,,,,,2026-01-07 20:07:57.589000+00:00,
2026-01-07T20:07:57.589Z,DIAL_ATTEMPT_START,16Uiu2HAkvwFnRBa5qBYUHHfqgyuJuWqptSboZwgisAALC1pAKFvP,,,,,,,,,,,,,,,,,,,2387.0,,,,1767816477589.0,,,,,,,,,,,,,,,,,,,,,,,,,,,,,,,,,,,,,,,,,,,,,,,,,,,,,,,,,2026-01-07 20:07:57.589000+00:00,
2026-01-07T20:07:57.589Z,DISCOVERY_DIAL_DECISION,16Uiu2HAkvwFnRBa5qBYUHHfqgyuJuWqptSboZwgisAALC1pAKFvP,,,,,,,,,,,,,,,,,,,,,,,,0.0,0.0,,attempt_dial,,,,,,,,,,,,,,,,,,,,,,,,,,,,,,,,,,,,,,,,,,,,,,,,,,,,,2026-01-07 20:07:57.589000+00:00,
2026-01-07T20:08:05.903Z,DIAL_CHECK_START,16Uiu2HAmKpCDr4My9kcMxm3wPkaUGgs1MtD7dEybVozPrNXu5Q1x,,,,,,,,,,,,,,,,,,,,,,,,2.0,0.0,2386.0,,,,,,,,,,,,,,,,,,,,,,,,,,,,,,,,,,,,,,,,,,,,,,,,,,,,,,2026-01-07 20:08:05.903000+00:00,
2026-01-07T20:08:05.903Z,DIAL_ATTEMPT_START,16Uiu2HAmKpCDr4My9kcMxm3wPkaUGgs1MtD7dEybVozPrNXu5Q1x,,,,,,,,,,,,,,,,,,,2386.0,,,,1767816485903.0,,,,,,,,,,,,,,,,,,,,,,,,,,,,,,,,,,,,,,,,,,,,,,,,,,,,,,,,,2026-01-07 20:08:05.903000+00:00,
2026-01-07T20:08:05.903Z,DISCOVERY_DIAL_DECISION,16Uiu2HAmKpCDr4My9kcMxm3wPkaUGgs1MtD7dEybVozPrNXu5Q1x,,,,,,,,,,,,,,,,,,,,,,,,2.0,0.0,,attempt_dial,,,,,,,,,,,,,,,,,,,,,,,,,,,,,,,,,,,,,,,,,,,,,,,,,,,,,2026-01-07 20:08:05.903000+00:00,
2026-01-07T20:08:05.904Z,DIAL_CHECK_START,16Uiu2HAmKpCDr4My9kcMxm3wPkaUGgs1MtD7dEybVozPrNXu5Q1x,,,,,,,,,,,,,,,,,,,,,,,,0.0,0.0,2385.0,,,,,,,,,,,,,,,,,,,,,,,,,,,,,,,,,,,,,,,,,,,,,,,,,,,,,,2026-01-07 20:08:05.904000+00:00,
2026-01-07T20:08:05.904Z,DIAL_ATTEMPT_START,16Uiu2HAmKpCDr4My9kcMxm3wPkaUGgs1MtD7dEybVozPrNXu5Q1x,,,,,,,,,,,,,,,,,,,2385.0,,,,1767816485904.0,,,,,,,,,,,,,,,,,,,,,,,,,,,,,,,,,,,,,,,,,,,,,,,,,,,,,,,,,2026-01-07 20:08:05.904000+00:00,
2026-01-07T20:08:05.904Z,DISCOVERY_DIAL_DECISION,16Uiu2HAmKpCDr4My9kcMxm3wPkaUGgs1MtD7dEybVozPrNXu5Q1x,,,,,,,,,,,,,,,,,,,,,,,,0.0,0.0,,attempt_dial,,,,,,,,,,,,,,,,,,,,,,,,,,,,,,,,,,,,,,,,,,,,,,,,,,,,,2026-01-07 20:08:05.904000+00:00,
2026-01-07T20:08:25.943Z,DIAL_CHECK_START,16Uiu2HAmEXCAkuT733o6U7ZXiPUP6VVHgUCspi4iCTbiwLYeJtk2,,,,,,,,,,,,,,,,,,,,,,,,2.0,0.0,2384.0,,,,,,,,,,,,,,,,,,,,,,,,,,,,,,,,,,,,,,,,,,,,,,,,,,,,,,2026-01-07 20:08:25.943000+00:00,
2026-01-07T20:08:25.943Z,DIAL_ATTEMPT_START,16Uiu2HAmEXCAkuT733o6U7ZXiPUP6VVHgUCspi4iCTbiwLYeJtk2,,,,,,,,,,,,,,,,,,,2384.0,,,,1767816505943.0,,,,,,,,,,,,,,,,,,,,,,,,,,,,,,,,,,,,,,,,,,,,,,,,,,,,,,,,,2026-01-07 20:08:25.943000+00:00,
2026-01-07T20:08:25.943Z,DISCOVERY_DIAL_DECISION,16Uiu2HAmEXCAkuT733o6U7ZXiPUP6VVHgUCspi4iCTbiwLYeJtk2,,,,,,,,,,,,,,,,,,,,,,,,2.0,0.0,,attempt_dial,,,,,,,,,,,,,,,,,,,,,,,,,,,,,,,,,,,,,,,,,,,,,,,,,,,,,2026-01-07 20:08:25.943000+00:00,
2026-01-07T20:08:25.943Z,DIAL_CHECK_START,16Uiu2HAmEXCAkuT733o6U7ZXiPUP6VVHgUCspi4iCTbiwLYeJtk2,,,,,,,,,,,,,,,,,,,,,,,,0.0,0.0,2383.0,,,,,,,,,,,,,,,,,,,,,,,,,,,,,,,,,,,,,,,,,,,,,,,,,,,,,,2026-01-07 20:08:25.943000+00:00,
2026-01-07T20:08:25.943Z,DIAL_ATTEMPT_START,16Uiu2HAmEXCAkuT733o6U7ZXiPUP6VVHgUCspi4iCTbiwLYeJtk2,,,,,,,,,,,,,,,,,,,2383.0,,,,1767816505943.0,,,,,,,,,,,,,,,,,,,,,,,,,,,,,,,,,,,,,,,,,,,,,,,,,,,,,,,,,2026-01-07 20:08:25.943000+00:00,
2026-01-07T20:08:25.943Z,DISCOVERY_DIAL_DECISION,16Uiu2HAmEXCAkuT733o6U7ZXiPUP6VVHgUCspi4iCTbiwLYeJtk2,,,,,,,,,,,,,,,,,,,,,,,,0.0,0.0,,attempt_dial,,,,,,,,,,,,,,,,,,,,,,,,,,,,,,,,,,,,,,,,,,,,,,,,,,,,,2026-01-07 20:08:25.943000+00:00,
2026-01-07T20:08:26.086Z,HEARTBEAT_DISCOVERY_NEEDED,unknown,,,,,,,,190.0,0.0,none,2.0,0.0,0.0,NO,0.0,0.0,9340242.0,9340242.0,,,,,,,,,,,,,,,,,,,,,,,,,,,,,,,,,,,,,,,,,,,,,,,,,,,,,,,,,,,,,,2026-01-07 20:08:26.086000+00:00,
2026-01-07T20:08:26.086Z,DISCOVERY_START,discovery,,,,,,,,,,,,,,,,,,,190.0,,2.0,,,,,,,,,,,,,,,,,,,,,,,,,,,,,,,,,,,,,,,,,,,,,,,,,,,,,,,,,,,2026-01-07 20:08:26.086000+00:00,
2026-01-07T20:08:27.719Z,DIAL_CHECK_START,16Uiu2HAm3UpcWHgJq2CGSwYqz7ASCj6mnfiFZrizWrDoEnBqzXMM,,,,,,,,,,,,,,,,,,,,,,,,2.0,0.0,2572.0,,,,,,,,,,,,,,,,,,,,,,,,,,,,,,,,,,,,,,,,,,,,,,,,,,,,,,2026-01-07 20:08:27.719000+00:00,
2026-01-07T20:08:27.719Z,DIAL_ATTEMPT_START,16Uiu2HAm3UpcWHgJq2CGSwYqz7ASCj6mnfiFZrizWrDoEnBqzXMM,,,,,,,,,,,,,,,,,,,2572.0,,,,1767816507719.0,,,,,,,,,,,,,,,,,,,,,,,,,,,,,,,,,,,,,,,,,,,,,,,,,,,,,,,,,2026-01-07 20:08:27.719000+00:00,
2026-01-07T20:08:27.719Z,DISCOVERY_DIAL_DECISION,16Uiu2HAm3UpcWHgJq2CGSwYqz7ASCj6mnfiFZrizWrDoEnBqzXMM,,,,,,,,,,,,,,,,,,,,,,,,2.0,0.0,,attempt_dial,,,,,,,,,,,,,,,,,,,,,,,,,,,,,,,,,,,,,,,,,,,,,,,,,,,,,2026-01-07 20:08:27.719000+00:00,
2026-01-07T20:08:28.175Z,DIAL_SUCCESS,16Uiu2HAm3UpcWHgJq2CGSwYqz7ASCj6mnfiFZrizWrDoEnBqzXMM,,,,,,,,,,,,,,,,,,,,,,,,,,,,,456.0,,,,,,,,,,,,,,,,,,,,,,,,,,,,,,,,,,,,,,,,,,,,,,,,,,,2026-01-07 20:08:28.175000+00:00,
2026-01-07T20:08:44.624Z,DIAL_CHECK_START,16Uiu2HAmKyJq4bJFdFxxNiMVXmtCz1fzU9D2EW8w4F9yBKvp1bSQ,,,,,,,,,,,,,,,,,,,,,,,,2.0,0.0,2571.0,,,,,,,,,,,,,,,,,,,,,,,,,,,,,,,,,,,,,,,,,,,,,,,,,,,,,,2026-01-07 20:08:44.624000+00:00,
2026-01-07T20:08:44.624Z,DIAL_ATTEMPT_START,16Uiu2HAmKyJq4bJFdFxxNiMVXmtCz1fzU9D2EW8w4F9yBKvp1bSQ,,,,,,,,,,,,,,,,,,,2571.0,,,,1767816524624.0,,,,,,,,,,,,,,,,,,,,,,,,,,,,,,,,,,,,,,,,,,,,,,,,,,,,,,,,,2026-01-07 20:08:44.624000+00:00,
2026-01-07T20:08:44.624Z,DISCOVERY_DIAL_DECISION,16Uiu2HAmKyJq4bJFdFxxNiMVXmtCz1fzU9D2EW8w4F9yBKvp1bSQ,,,,,,,,,,,,,,,,,,,,,,,,2.0,0.0,,attempt_dial,,,,,,,,,,,,,,,,,,,,,,,,,,,,,,,,,,,,,,,,,,,,,,,,,,,,,2026-01-07 20:08:44.624000+00:00,
2026-01-07T20:08:44.865Z,DIAL_FAILURE,16Uiu2HAmKyJq4bJFdFxxNiMVXmtCz1fzU9D2EW8w4F9yBKvp1bSQ,,,,,,,,,,,,,,,,,,,,,,,,,,,,read ECONNRESET,241.0,,,,,,,,,,,,,,,,,,,,,,,,,,,,,,,,,,,,,,,,,,,,,,,,,,,2026-01-07 20:08:44.865000+00:00,
2026-01-07T20:08:46.919Z,DIAL_CHECK_START,16Uiu2HAmQR3qZmXyKiWHTj4YweRSVRkYhx7DsDaU4YuWGqT2uiLq,,,,,,,,,,,,,,,,,,,,,,,,2.0,0.0,2570.0,,,,,,,,,,,,,,,,,,,,,,,,,,,,,,,,,,,,,,,,,,,,,,,,,,,,,,2026-01-07 20:08:46.919000+00:00,
2026-01-07T20:08:46.919Z,DIAL_ATTEMPT_START,16Uiu2HAmQR3qZmXyKiWHTj4YweRSVRkYhx7DsDaU4YuWGqT2uiLq,,,,,,,,,,,,,,,,,,,2570.0,,,,1767816526919.0,,,,,,,,,,,,,,,,,,,,,,,,,,,,,,,,,,,,,,,,,,,,,,,,,,,,,,,,,2026-01-07 20:08:46.919000+00:00,
2026-01-07T20:08:46.919Z,DISCOVERY_DIAL_DECISION,16Uiu2HAmQR3qZmXyKiWHTj4YweRSVRkYhx7DsDaU4YuWGqT2uiLq,,,,,,,,,,,,,,,,,,,,,,,,2.0,0.0,,attempt_dial,,,,,,,,,,,,,,,,,,,,,,,,,,,,,,,,,,,,,,,,,,,,,,,,,,,,,2026-01-07 20:08:46.919000+00:00,
2026-01-07T20:08:47.035Z,DIAL_SUCCESS,16Uiu2HAmQR3qZmXyKiWHTj4YweRSVRkYhx7DsDaU4YuWGqT2uiLq,,,,,,,,,,,,,,,,,,,,,,,,,,,,,116.0,,,,,,,,,,,,,,,,,,,,,,,,,,,,,,,,,,,,,,,,,,,,,,,,,,,2026-01-07 20:08:47.035000+00:00,
2026-01-07T20:08:47.533Z,DIAL_CHECK_START,16Uiu2HAmPwdstqRkM9qKm1cwZdtk3FWXdziL5fPU74ftVjMCU2fP,,,,,,,,,,,,,,,,,,,,,,,,2.0,0.0,2569.0,,,,,,,,,,,,,,,,,,,,,,,,,,,,,,,,,,,,,,,,,,,,,,,,,,,,,,2026-01-07 20:08:47.533000+00:00,
2026-01-07T20:08:47.533Z,DIAL_ATTEMPT_START,16Uiu2HAmPwdstqRkM9qKm1cwZdtk3FWXdziL5fPU74ftVjMCU2fP,,,,,,,,,,,,,,,,,,,2569.0,,,,1767816527533.0,,,,,,,,,,,,,,,,,,,,,,,,,,,,,,,,,,,,,,,,,,,,,,,,,,,,,,,,,2026-01-07 20:08:47.533000+00:00,
2026-01-07T20:08:47.534Z,DISCOVERY_DIAL_DECISION,16Uiu2HAmPwdstqRkM9qKm1cwZdtk3FWXdziL5fPU74ftVjMCU2fP,,,,,,,,,,,,,,,,,,,,,,,,2.0,0.0,,attempt_dial,,,,,,,,,,,,,,,,,,,,,,,,,,,,,,,,,,,,,,,,,,,,,,,,,,,,,2026-01-07 20:08:47.534000+00:00,
2026-01-07T20:08:47.535Z,DIAL_CHECK_START,16Uiu2HAmPwdstqRkM9qKm1cwZdtk3FWXdziL5fPU74ftVjMCU2fP,,,,,,,,,,,,,,,,,,,,,,,,0.0,0.0,2568.0,,,,,,,,,,,,,,,,,,,,,,,,,,,,,,,,,,,,,,,,,,,,,,,,,,,,,,2026-01-07 20:08:47.535000+00:00,
2026-01-07T20:08:47.535Z,DIAL_ATTEMPT_START,16Uiu2HAmPwdstqRkM9qKm1cwZdtk3FWXdziL5fPU74ftVjMCU2fP,,,,,,,,,,,,,,,,,,,2568.0,,,,1767816527535.0,,,,,,,,,,,,,,,,,,,,,,,,,,,,,,,,,,,,,,,,,,,,,,,,,,,,,,,,,2026-01-07 20:08:47.535000+00:00,
2026-01-07T20:08:47.535Z,DISCOVERY_DIAL_DECISION,16Uiu2HAmPwdstqRkM9qKm1cwZdtk3FWXdziL5fPU74ftVjMCU2fP,,,,,,,,,,,,,,,,,,,,,,,,0.0,0.0,,attempt_dial,,,,,,,,,,,,,,,,,,,,,,,,,,,,,,,,,,,,,,,,,,,,,,,,,,,,,2026-01-07 20:08:47.535000+00:00,
2026-01-07T20:08:47.658Z,DIAL_SUCCESS,16Uiu2HAmPwdstqRkM9qKm1cwZdtk3FWXdziL5fPU74ftVjMCU2fP,,,,,,,,,,,,,,,,,,,,,,,,,,,,,123.0,,,,,,,,,,,,,,,,,,,,,,,,,,,,,,,,,,,,,,,,,,,,,,,,,,,2026-01-07 20:08:47.658000+00:00,
2026-01-07T20:08:47.658Z,DIAL_SUCCESS,16Uiu2HAmPwdstqRkM9qKm1cwZdtk3FWXdziL5fPU74ftVjMCU2fP,,,,,,,,,,,,,,,,,,,,,,,,,,,,,125.0,,,,,,,,,,,,,,,,,,,,,,,,,,,,,,,,,,,,,,,,,,,,,,,,,,,2026-01-07 20:08:47.658000+00:00,
2026-01-07T20:08:56.088Z,HEARTBEAT_DISCOVERY_NEEDED,unknown,,,,,,,,190.0,0.0,none,2.0,0.0,0.0,NO,0.0,0.0,9340244.0,9340244.0,,,,,,,,,,,,,,,,,,,,,,,,,,,,,,,,,,,,,,,,,,,,,,,,,,,,,,,,,,,,,,2026-01-07 20:08:56.088000+00:00,
2026-01-07T20:08:56.088Z,DISCOVERY_START,discovery,,,,,,,,,,,,,,,,,,,190.0,,2.0,,,,,,,,,,,,,,,,,,,,,,,,,,,,,,,,,,,,,,,,,,,,,,,,,,,,,,,,,,,2026-01-07 20:08:56.088000+00:00,
2026-01-07T20:08:56.090Z,DISCOVERY_FINDNODE_RESULT,unknown,,,,,,,,,,,,,,,,,,,,,,,,,,,,,,,,,,,,,,,,,,,,,,,,,,,,,,,,,,,,,,,,,,,16.0,60004.0,,,,,,,,,,,,2026-01-07 20:08:56.090000+00:00,
2026-01-07T20:08:56.859Z,DIAL_FAILURE,16Uiu2HAmGuQBJSfaK1SntM4Th6JStDNorLGDU7v51Ku4r19Td5z9,,,,,,,,,,,,,,,,,,,,,,,,,,,,Timed out,120124.0,,,,,,,,,,,,,,,,,,,,,,,,,,,,,,,,,,,,,,,,,,,,,,,,,,,2026-01-07 20:08:56.859000+00:00,
2026-01-07T20:09:26.089Z,HEARTBEAT_DISCOVERY_NEEDED,unknown,,,,,,,,190.0,0.0,none,2.0,0.0,0.0,NO,0.0,0.0,9340247.0,9340247.0,,,,,,,,,,,,,,,,,,,,,,,,,,,,,,,,,,,,,,,,,,,,,,,,,,,,,,,,,,,,,,2026-01-07 20:09:26.089000+00:00,
2026-01-07T20:09:26.089Z,DISCOVERY_START,discovery,,,,,,,,,,,,,,,,,,,190.0,,2.0,,,,,,,,,,,,,,,,,,,,,,,,,,,,,,,,,,,,,,,,,,,,,,,,,,,,,,,,,,,2026-01-07 20:09:26.089000+00:00,
2026-01-07T20:09:26.090Z,DISCOVERY_FINDNODE_START,unknown,,,,,,,,,,,,,,,,,,,2947.0,,,0.0,1767816566089.0,,,,,,,,,,,,,,,,,,,,,,,,,,,,,,,,,,,,,,,,,,,,,,,,,,,,,,,,,2026-01-07 20:09:26.090000+00:00,
2026-01-07T20:09:26.552Z,DIAL_CHECK_START,16Uiu2HAmAxivi1prhcUPZrSsBMrfXYVGoPzjUwXKSXbgxN7LcuDn,,,,,,,,,,,,,,,,,,,,,,,,2.0,0.0,2947.0,,,,,,,,,,,,,,,,,,,,,,,,,,,,,,,,,,,,,,,,,,,,,,,,,,,,,,2026-01-07 20:09:26.552000+00:00,
2026-01-07T20:09:26.552Z,DIAL_ATTEMPT_START,16Uiu2HAmAxivi1prhcUPZrSsBMrfXYVGoPzjUwXKSXbgxN7LcuDn,,,,,,,,,,,,,,,,,,,2947.0,,,,1767816566552.0,,,,,,,,,,,,,,,,,,,,,,,,,,,,,,,,,,,,,,,,,,,,,,,,,,,,,,,,,2026-01-07 20:09:26.552000+00:00,
2026-01-07T20:09:26.553Z,DISCOVERY_DIAL_DECISION,16Uiu2HAmAxivi1prhcUPZrSsBMrfXYVGoPzjUwXKSXbgxN7LcuDn,,,,,,,,,,,,,,,,,,,,,,,,2.0,0.0,,attempt_dial,,,,,,,,,,,,,,,,,,,,,,,,,,,,,,,,,,,,,,,,,,,,,,,,,,,,,2026-01-07 20:09:26.553000+00:00,
2026-01-07T20:09:26.827Z,DIAL_SUCCESS,16Uiu2HAmAxivi1prhcUPZrSsBMrfXYVGoPzjUwXKSXbgxN7LcuDn,,,,,,,,,,,,,,,,,,,,,,,,,,,,,275.0,,,,,,,,,,,,,,,,,,,,,,,,,,,,,,,,,,,,,,,,,,,,,,,,,,,2026-01-07 20:09:26.827000+00:00,
2026-01-07T20:09:26.883Z,DIAL_CHECK_START,16Uiu2HAm6roUJb3gVWyXj8bCtQLJ6397pge22A333984mwCaNRFj,,,,,,,,,,,,,,,,,,,,,,,,2.0,0.0,2946.0,,,,,,,,,,,,,,,,,,,,,,,,,,,,,,,,,,,,,,,,,,,,,,,,,,,,,,2026-01-07 20:09:26.883000+00:00,
2026-01-07T20:09:26.883Z,DIAL_ATTEMPT_START,16Uiu2HAm6roUJb3gVWyXj8bCtQLJ6397pge22A333984mwCaNRFj,,,,,,,,,,,,,,,,,,,2946.0,,,,1767816566883.0,,,,,,,,,,,,,,,,,,,,,,,,,,,,,,,,,,,,,,,,,,,,,,,,,,,,,,,,,2026-01-07 20:09:26.883000+00:00,
2026-01-07T20:09:26.883Z,DISCOVERY_DIAL_DECISION,16Uiu2HAm6roUJb3gVWyXj8bCtQLJ6397pge22A333984mwCaNRFj,,,,,,,,,,,,,,,,,,,,,,,,2.0,0.0,,attempt_dial,,,,,,,,,,,,,,,,,,,,,,,,,,,,,,,,,,,,,,,,,,,,,,,,,,,,,2026-01-07 20:09:26.883000+00:00,
2026-01-07T20:09:27.355Z,DIAL_CHECK_START,16Uiu2HAmAQfASDn3bu3MVDqMSDgBrVnjpNnj35k7w5U9wkA6QsP3,,,,,,,,,,,,,,,,,,,,,,,,2.0,0.0,2945.0,,,,,,,,,,,,,,,,,,,,,,,,,,,,,,,,,,,,,,,,,,,,,,,,,,,,,,2026-01-07 20:09:27.355000+00:00,
2026-01-07T20:09:27.355Z,DIAL_ATTEMPT_START,16Uiu2HAmAQfASDn3bu3MVDqMSDgBrVnjpNnj35k7w5U9wkA6QsP3,,,,,,,,,,,,,,,,,,,2945.0,,,,1767816567355.0,,,,,,,,,,,,,,,,,,,,,,,,,,,,,,,,,,,,,,,,,,,,,,,,,,,,,,,,,2026-01-07 20:09:27.355000+00:00,
2026-01-07T20:09:27.355Z,DISCOVERY_DIAL_DECISION,16Uiu2HAmAQfASDn3bu3MVDqMSDgBrVnjpNnj35k7w5U9wkA6QsP3,,,,,,,,,,,,,,,,,,,,,,,,2.0,0.0,,attempt_dial,,,,,,,,,,,,,,,,,,,,,,,,,,,,,,,,,,,,,,,,,,,,,,,,,,,,,2026-01-07 20:09:27.355000+00:00,
2026-01-07T20:09:27.464Z,DIAL_FAILURE,16Uiu2HAmAQfASDn3bu3MVDqMSDgBrVnjpNnj35k7w5U9wkA6QsP3,,,,,,,,,,,,,,,,,,,,,,,,,,,,unexpected end of input,109.0,,,,,,,,,,,,,,,,,,,,,,,,,,,,,,,,,,,,,,,,,,,,,,,,,,,2026-01-07 20:09:27.464000+00:00,
2026-01-07T20:09:28.447Z,DIAL_CHECK_START,16Uiu2HAmQ3Tnt9KzkySoQCiAsv4zUJBXMCGXLR1DkLM3AU5FYc95,,,,,,,,,,,,,,,,,,,,,,,,2.0,0.0,2944.0,,,,,,,,,,,,,,,,,,,,,,,,,,,,,,,,,,,,,,,,,,,,,,,,,,,,,,2026-01-07 20:09:28.447000+00:00,
2026-01-07T20:09:28.447Z,DIAL_ATTEMPT_START,16Uiu2HAmQ3Tnt9KzkySoQCiAsv4zUJBXMCGXLR1DkLM3AU5FYc95,,,,,,,,,,,,,,,,,,,2944.0,,,,1767816568447.0,,,,,,,,,,,,,,,,,,,,,,,,,,,,,,,,,,,,,,,,,,,,,,,,,,,,,,,,,2026-01-07 20:09:28.447000+00:00,
2026-01-07T20:09:28.447Z,DISCOVERY_DIAL_DECISION,16Uiu2HAmQ3Tnt9KzkySoQCiAsv4zUJBXMCGXLR1DkLM3AU5FYc95,,,,,,,,,,,,,,,,,,,,,,,,2.0,0.0,,attempt_dial,,,,,,,,,,,,,,,,,,,,,,,,,,,,,,,,,,,,,,,,,,,,,,,,,,,,,2026-01-07 20:09:28.447000+00:00,
2026-01-07T20:09:28.448Z,DIAL_CHECK_START,16Uiu2HAmQ3Tnt9KzkySoQCiAsv4zUJBXMCGXLR1DkLM3AU5FYc95,,,,,,,,,,,,,,,,,,,,,,,,0.0,0.0,2943.0,,,,,,,,,,,,,,,,,,,,,,,,,,,,,,,,,,,,,,,,,,,,,,,,,,,,,,2026-01-07 20:09:28.448000+00:00,
2026-01-07T20:09:28.448Z,DIAL_ATTEMPT_START,16Uiu2HAmQ3Tnt9KzkySoQCiAsv4zUJBXMCGXLR1DkLM3AU5FYc95,,,,,,,,,,,,,,,,,,,2943.0,,,,1767816568448.0,,,,,,,,,,,,,,,,,,,,,,,,,,,,,,,,,,,,,,,,,,,,,,,,,,,,,,,,,2026-01-07 20:09:28.448000+00:00,
2026-01-07T20:09:28.448Z,DISCOVERY_DIAL_DECISION,16Uiu2HAmQ3Tnt9KzkySoQCiAsv4zUJBXMCGXLR1DkLM3AU5FYc95,,,,,,,,,,,,,,,,,,,,,,,,0.0,0.0,,attempt_dial,,,,,,,,,,,,,,,,,,,,,,,,,,,,,,,,,,,,,,,,,,,,,,,,,,,,,2026-01-07 20:09:28.448000+00:00,
2026-01-07T20:09:41.693Z,DIAL_CHECK_START,16Uiu2HAmAQfASDn3bu3MVDqMSDgBrVnjpNnj35k7w5U9wkA6QsP3,,,,,,,,,,,,,,,,,,,,,,,,2.0,0.0,2942.0,,,,,,,,,,,,,,,,,,,,,,,,,,,,,,,,,,,,,,,,,,,,,,,,,,,,,,2026-01-07 20:09:41.693000+00:00,
2026-01-07T20:09:41.693Z,DIAL_ATTEMPT_START,16Uiu2HAmAQfASDn3bu3MVDqMSDgBrVnjpNnj35k7w5U9wkA6QsP3,,,,,,,,,,,,,,,,,,,2942.0,,,,1767816581693.0,,,,,,,,,,,,,,,,,,,,,,,,,,,,,,,,,,,,,,,,,,,,,,,,,,,,,,,,,2026-01-07 20:09:41.693000+00:00,
2026-01-07T20:09:41.694Z,DISCOVERY_DIAL_DECISION,16Uiu2HAmAQfASDn3bu3MVDqMSDgBrVnjpNnj35k7w5U9wkA6QsP3,,,,,,,,,,,,,,,,,,,,,,,,2.0,0.0,,attempt_dial,,,,,,,,,,,,,,,,,,,,,,,,,,,,,,,,,,,,,,,,,,,,,,,,,,,,,2026-01-07 20:09:41.694000+00:00,
2026-01-07T20:09:41.802Z,DIAL_FAILURE,16Uiu2HAmAQfASDn3bu3MVDqMSDgBrVnjpNnj35k7w5U9wkA6QsP3,,,,,,,,,,,,,,,,,,,,,,,,,,,,unexpected end of input,109.0,,,,,,,,,,,,,,,,,,,,,,,,,,,,,,,,,,,,,,,,,,,,,,,,,,,2026-01-07 20:09:41.802000+00:00,
2026-01-07T20:09:48.329Z,DIAL_CHECK_START,16Uiu2HAmAjmhcAECU8o9CgmCuW3i37XXvzt8G6GzGUqsyJSUGGWF,,,,,,,,,,,,,,,,,,,,,,,,64.0,0.0,2941.0,,,,,,,,,,,,,,,,,,,,,,,,,,,,,,,,,,,,,,,,,,,,,,,,,,,,,,2026-01-07 20:09:48.329000+00:00,
2026-01-07T20:09:48.329Z,DIAL_ATTEMPT_START,16Uiu2HAmAjmhcAECU8o9CgmCuW3i37XXvzt8G6GzGUqsyJSUGGWF,,,,,,,,,,,,,,,,,,,2941.0,,,,1767816588329.0,,,,,,,,,,,,,,,,,,,,,,,,,,,,,,,,,,,,,,,,,,,,,,,,,,,,,,,,,2026-01-07 20:09:48.329000+00:00,
2026-01-07T20:09:48.329Z,DISCOVERY_DIAL_DECISION,16Uiu2HAmAjmhcAECU8o9CgmCuW3i37XXvzt8G6GzGUqsyJSUGGWF,,,,,,,,,,,,,,,,,,,,,,,,64.0,0.0,,attempt_dial,,,,,,,,,,,,,,,,,,,,,,,,,,,,,,,,,,,,,,,,,,,,,,,,,,,,,2026-01-07 20:09:48.329000+00:00,
2026-01-07T20:09:48.357Z,DIAL_CHECK_START,16Uiu2HAmG1GT56Jzxprbni3cEeCjHBKYAhGgGm9nRVp8F9Jx3bgF,,,,,,,,,,,,,,,,,,,,,,,,2.0,0.0,2940.0,,,,,,,,,,,,,,,,,,,,,,,,,,,,,,,,,,,,,,,,,,,,,,,,,,,,,,2026-01-07 20:09:48.357000+00:00,
2026-01-07T20:09:48.357Z,DIAL_ATTEMPT_START,16Uiu2HAmG1GT56Jzxprbni3cEeCjHBKYAhGgGm9nRVp8F9Jx3bgF,,,,,,,,,,,,,,,,,,,2940.0,,,,1767816588357.0,,,,,,,,,,,,,,,,,,,,,,,,,,,,,,,,,,,,,,,,,,,,,,,,,,,,,,,,,2026-01-07 20:09:48.357000+00:00,
2026-01-07T20:09:48.357Z,DISCOVERY_DIAL_DECISION,16Uiu2HAmG1GT56Jzxprbni3cEeCjHBKYAhGgGm9nRVp8F9Jx3bgF,,,,,,,,,,,,,,,,,,,,,,,,2.0,0.0,,attempt_dial,,,,,,,,,,,,,,,,,,,,,,,,,,,,,,,,,,,,,,,,,,,,,,,,,,,,,2026-01-07 20:09:48.357000+00:00,
2026-01-07T20:09:48.359Z,DIAL_CHECK_START,16Uiu2HAmG1GT56Jzxprbni3cEeCjHBKYAhGgGm9nRVp8F9Jx3bgF,,,,,,,,,,,,,,,,,,,,,,,,0.0,0.0,2939.0,,,,,,,,,,,,,,,,,,,,,,,,,,,,,,,,,,,,,,,,,,,,,,,,,,,,,,2026-01-07 20:09:48.359000+00:00,
2026-01-07T20:09:48.359Z,DIAL_ATTEMPT_START,16Uiu2HAmG1GT56Jzxprbni3cEeCjHBKYAhGgGm9nRVp8F9Jx3bgF,,,,,,,,,,,,,,,,,,,2939.0,,,,1767816588359.0,,,,,,,,,,,,,,,,,,,,,,,,,,,,,,,,,,,,,,,,,,,,,,,,,,,,,,,,,2026-01-07 20:09:48.359000+00:00,
2026-01-07T20:09:48.359Z,DISCOVERY_DIAL_DECISION,16Uiu2HAmG1GT56Jzxprbni3cEeCjHBKYAhGgGm9nRVp8F9Jx3bgF,,,,,,,,,,,,,,,,,,,,,,,,0.0,0.0,,attempt_dial,,,,,,,,,,,,,,,,,,,,,,,,,,,,,,,,,,,,,,,,,,,,,,,,,,,,,2026-01-07 20:09:48.359000+00:00,
2026-01-07T20:09:48.804Z,DIAL_SUCCESS,16Uiu2HAmAjmhcAECU8o9CgmCuW3i37XXvzt8G6GzGUqsyJSUGGWF,,,,,,,,,,,,,,,,,,,,,,,,,,,,,475.0,,,,,,,,,,,,,,,,,,,,,,,,,,,,,,,,,,,,,,,,,,,,,,,,,,,2026-01-07 20:09:48.804000+00:00,
2026-01-07T20:09:49.609Z,DIAL_CHECK_START,16Uiu2HAmCtpt95MxdYof2r9aXxX1veaGDTW6au5FuqFnZZEydRXN,,,,,,,,,,,,,,,,,,,,,,,,2.0,0.0,2938.0,,,,,,,,,,,,,,,,,,,,,,,,,,,,,,,,,,,,,,,,,,,,,,,,,,,,,,2026-01-07 20:09:49.609000+00:00,
2026-01-07T20:09:49.609Z,DIAL_ATTEMPT_START,16Uiu2HAmCtpt95MxdYof2r9aXxX1veaGDTW6au5FuqFnZZEydRXN,,,,,,,,,,,,,,,,,,,2938.0,,,,1767816589609.0,,,,,,,,,,,,,,,,,,,,,,,,,,,,,,,,,,,,,,,,,,,,,,,,,,,,,,,,,2026-01-07 20:09:49.609000+00:00,
2026-01-07T20:09:49.609Z,DISCOVERY_DIAL_DECISION,16Uiu2HAmCtpt95MxdYof2r9aXxX1veaGDTW6au5FuqFnZZEydRXN,,,,,,,,,,,,,,,,,,,,,,,,2.0,0.0,,attempt_dial,,,,,,,,,,,,,,,,,,,,,,,,,,,,,,,,,,,,,,,,,,,,,,,,,,,,,2026-01-07 20:09:49.609000+00:00,
2026-01-07T20:09:50.085Z,DIAL_CHECK_START,16Uiu2HAmAQfASDn3bu3MVDqMSDgBrVnjpNnj35k7w5U9wkA6QsP3,,,,,,,,,,,,,,,,,,,,,,,,2.0,0.0,2937.0,,,,,,,,,,,,,,,,,,,,,,,,,,,,,,,,,,,,,,,,,,,,,,,,,,,,,,2026-01-07 20:09:50.085000+00:00,
2026-01-07T20:09:50.085Z,DIAL_ATTEMPT_START,16Uiu2HAmAQfASDn3bu3MVDqMSDgBrVnjpNnj35k7w5U9wkA6QsP3,,,,,,,,,,,,,,,,,,,2937.0,,,,1767816590085.0,,,,,,,,,,,,,,,,,,,,,,,,,,,,,,,,,,,,,,,,,,,,,,,,,,,,,,,,,2026-01-07 20:09:50.085000+00:00,
2026-01-07T20:09:50.086Z,DISCOVERY_DIAL_DECISION,16Uiu2HAmAQfASDn3bu3MVDqMSDgBrVnjpNnj35k7w5U9wkA6QsP3,,,,,,,,,,,,,,,,,,,,,,,,2.0,0.0,,attempt_dial,,,,,,,,,,,,,,,,,,,,,,,,,,,,,,,,,,,,,,,,,,,,,,,,,,,,,2026-01-07 20:09:50.086000+00:00,
2026-01-07T20:09:50.198Z,DIAL_SUCCESS,16Uiu2HAmCtpt95MxdYof2r9aXxX1veaGDTW6au5FuqFnZZEydRXN,,,,,,,,,,,,,,,,,,,,,,,,,,,,,589.0,,,,,,,,,,,,,,,,,,,,,,,,,,,,,,,,,,,,,,,,,,,,,,,,,,,2026-01-07 20:09:50.198000+00:00,
2026-01-07T20:09:50.202Z,DIAL_FAILURE,16Uiu2HAmAQfASDn3bu3MVDqMSDgBrVnjpNnj35k7w5U9wkA6QsP3,,,,,,,,,,,,,,,,,,,,,,,,,,,,unexpected end of input,117.0,,,,,,,,,,,,,,,,,,,,,,,,,,,,,,,,,,,,,,,,,,,,,,,,,,,2026-01-07 20:09:50.202000+00:00,
2026-01-07T20:09:51.458Z,DIAL_CHECK_START,16Uiu2HAmAQfASDn3bu3MVDqMSDgBrVnjpNnj35k7w5U9wkA6QsP3,,,,,,,,,,,,,,,,,,,,,,,,2.0,0.0,2936.0,,,,,,,,,,,,,,,,,,,,,,,,,,,,,,,,,,,,,,,,,,,,,,,,,,,,,,2026-01-07 20:09:51.458000+00:00,
2026-01-07T20:09:51.458Z,DIAL_ATTEMPT_START,16Uiu2HAmAQfASDn3bu3MVDqMSDgBrVnjpNnj35k7w5U9wkA6QsP3,,,,,,,,,,,,,,,,,,,2936.0,,,,1767816591458.0,,,,,,,,,,,,,,,,,,,,,,,,,,,,,,,,,,,,,,,,,,,,,,,,,,,,,,,,,2026-01-07 20:09:51.458000+00:00,
2026-01-07T20:09:51.459Z,DISCOVERY_DIAL_DECISION,16Uiu2HAmAQfASDn3bu3MVDqMSDgBrVnjpNnj35k7w5U9wkA6QsP3,,,,,,,,,,,,,,,,,,,,,,,,2.0,0.0,,attempt_dial,,,,,,,,,,,,,,,,,,,,,,,,,,,,,,,,,,,,,,,,,,,,,,,,,,,,,2026-01-07 20:09:51.459000+00:00,
2026-01-07T20:09:51.575Z,DIAL_FAILURE,16Uiu2HAmAQfASDn3bu3MVDqMSDgBrVnjpNnj35k7w5U9wkA6QsP3,,,,,,,,,,,,,,,,,,,,,,,,,,,,unexpected end of input,117.0,,,,,,,,,,,,,,,,,,,,,,,,,,,,,,,,,,,,,,,,,,,,,,,,,,,2026-01-07 20:09:51.575000+00:00,
2026-01-07T20:09:51.719Z,DIAL_CHECK_START,16Uiu2HAmAQfASDn3bu3MVDqMSDgBrVnjpNnj35k7w5U9wkA6QsP3,,,,,,,,,,,,,,,,,,,,,,,,2.0,0.0,2935.0,,,,,,,,,,,,,,,,,,,,,,,,,,,,,,,,,,,,,,,,,,,,,,,,,,,,,,2026-01-07 20:09:51.719000+00:00,
2026-01-07T20:09:51.719Z,DIAL_ATTEMPT_START,16Uiu2HAmAQfASDn3bu3MVDqMSDgBrVnjpNnj35k7w5U9wkA6QsP3,,,,,,,,,,,,,,,,,,,2935.0,,,,1767816591719.0,,,,,,,,,,,,,,,,,,,,,,,,,,,,,,,,,,,,,,,,,,,,,,,,,,,,,,,,,2026-01-07 20:09:51.719000+00:00,
2026-01-07T20:09:51.719Z,DISCOVERY_DIAL_DECISION,16Uiu2HAmAQfASDn3bu3MVDqMSDgBrVnjpNnj35k7w5U9wkA6QsP3,,,,,,,,,,,,,,,,,,,,,,,,2.0,0.0,,attempt_dial,,,,,,,,,,,,,,,,,,,,,,,,,,,,,,,,,,,,,,,,,,,,,,,,,,,,,2026-01-07 20:09:51.719000+00:00,
2026-01-07T20:09:51.809Z,DIAL_FAILURE,16Uiu2HAmAQfASDn3bu3MVDqMSDgBrVnjpNnj35k7w5U9wkA6QsP3,,,,,,,,,,,,,,,,,,,,,,,,,,,,read ECONNRESET,90.0,,,,,,,,,,,,,,,,,,,,,,,,,,,,,,,,,,,,,,,,,,,,,,,,,,,2026-01-07 20:09:51.809000+00:00,
2026-01-07T20:09:51.835Z,DIAL_CHECK_START,16Uiu2HAmAQfASDn3bu3MVDqMSDgBrVnjpNnj35k7w5U9wkA6QsP3,,,,,,,,,,,,,,,,,,,,,,,,2.0,0.0,2934.0,,,,,,,,,,,,,,,,,,,,,,,,,,,,,,,,,,,,,,,,,,,,,,,,,,,,,,2026-01-07 20:09:51.835000+00:00,
2026-01-07T20:09:51.835Z,DIAL_ATTEMPT_START,16Uiu2HAmAQfASDn3bu3MVDqMSDgBrVnjpNnj35k7w5U9wkA6QsP3,,,,,,,,,,,,,,,,,,,2934.0,,,,1767816591835.0,,,,,,,,,,,,,,,,,,,,,,,,,,,,,,,,,,,,,,,,,,,,,,,,,,,,,,,,,2026-01-07 20:09:51.835000+00:00,
2026-01-07T20:09:51.835Z,DISCOVERY_DIAL_DECISION,16Uiu2HAmAQfASDn3bu3MVDqMSDgBrVnjpNnj35k7w5U9wkA6QsP3,,,,,,,,,,,,,,,,,,,,,,,,2.0,0.0,,attempt_dial,,,,,,,,,,,,,,,,,,,,,,,,,,,,,,,,,,,,,,,,,,,,,,,,,,,,,2026-01-07 20:09:51.835000+00:00,
2026-01-07T20:09:51.925Z,DIAL_FAILURE,16Uiu2HAmAQfASDn3bu3MVDqMSDgBrVnjpNnj35k7w5U9wkA6QsP3,,,,,,,,,,,,,,,,,,,,,,,,,,,,unexpected end of input,90.0,,,,,,,,,,,,,,,,,,,,,,,,,,,,,,,,,,,,,,,,,,,,,,,,,,,2026-01-07 20:09:51.925000+00:00,
2026-01-07T20:09:51.994Z,DIAL_CHECK_START,16Uiu2HAmAQfASDn3bu3MVDqMSDgBrVnjpNnj35k7w5U9wkA6QsP3,,,,,,,,,,,,,,,,,,,,,,,,2.0,0.0,2933.0,,,,,,,,,,,,,,,,,,,,,,,,,,,,,,,,,,,,,,,,,,,,,,,,,,,,,,2026-01-07 20:09:51.994000+00:00,
2026-01-07T20:09:51.994Z,DIAL_ATTEMPT_START,16Uiu2HAmAQfASDn3bu3MVDqMSDgBrVnjpNnj35k7w5U9wkA6QsP3,,,,,,,,,,,,,,,,,,,2933.0,,,,1767816591994.0,,,,,,,,,,,,,,,,,,,,,,,,,,,,,,,,,,,,,,,,,,,,,,,,,,,,,,,,,2026-01-07 20:09:51.994000+00:00,
2026-01-07T20:09:51.994Z,DISCOVERY_DIAL_DECISION,16Uiu2HAmAQfASDn3bu3MVDqMSDgBrVnjpNnj35k7w5U9wkA6QsP3,,,,,,,,,,,,,,,,,,,,,,,,2.0,0.0,,attempt_dial,,,,,,,,,,,,,,,,,,,,,,,,,,,,,,,,,,,,,,,,,,,,,,,,,,,,,2026-01-07 20:09:51.994000+00:00,
2026-01-07T20:09:52.088Z,DIAL_FAILURE,16Uiu2HAmAQfASDn3bu3MVDqMSDgBrVnjpNnj35k7w5U9wkA6QsP3,,,,,,,,,,,,,,,,,,,,,,,,,,,,unexpected end of input,94.0,,,,,,,,,,,,,,,,,,,,,,,,,,,,,,,,,,,,,,,,,,,,,,,,,,,2026-01-07 20:09:52.088000+00:00,
2026-01-07T20:09:52.522Z,DIAL_CHECK_START,16Uiu2HAmAQfASDn3bu3MVDqMSDgBrVnjpNnj35k7w5U9wkA6QsP3,,,,,,,,,,,,,,,,,,,,,,,,2.0,0.0,2932.0,,,,,,,,,,,,,,,,,,,,,,,,,,,,,,,,,,,,,,,,,,,,,,,,,,,,,,2026-01-07 20:09:52.522000+00:00,
2026-01-07T20:09:52.522Z,DIAL_ATTEMPT_START,16Uiu2HAmAQfASDn3bu3MVDqMSDgBrVnjpNnj35k7w5U9wkA6QsP3,,,,,,,,,,,,,,,,,,,2932.0,,,,1767816592522.0,,,,,,,,,,,,,,,,,,,,,,,,,,,,,,,,,,,,,,,,,,,,,,,,,,,,,,,,,2026-01-07 20:09:52.522000+00:00,
2026-01-07T20:09:52.522Z,DISCOVERY_DIAL_DECISION,16Uiu2HAmAQfASDn3bu3MVDqMSDgBrVnjpNnj35k7w5U9wkA6QsP3,,,,,,,,,,,,,,,,,,,,,,,,2.0,0.0,,attempt_dial,,,,,,,,,,,,,,,,,,,,,,,,,,,,,,,,,,,,,,,,,,,,,,,,,,,,,2026-01-07 20:09:52.522000+00:00,
2026-01-07T20:09:52.632Z,DIAL_FAILURE,16Uiu2HAmAQfASDn3bu3MVDqMSDgBrVnjpNnj35k7w5U9wkA6QsP3,,,,,,,,,,,,,,,,,,,,,,,,,,,,unexpected end of input,110.0,,,,,,,,,,,,,,,,,,,,,,,,,,,,,,,,,,,,,,,,,,,,,,,,,,,2026-01-07 20:09:52.632000+00:00,
2026-01-07T20:09:54.844Z,DIAL_CHECK_START,16Uiu2HAmRiuEYNcaQiBxjoMcgv2bjSfPGb4xu7UmokyHnsQHNzQX,,,,,,,,,,,,,,,,,,,,,,,,2.0,0.0,2931.0,,,,,,,,,,,,,,,,,,,,,,,,,,,,,,,,,,,,,,,,,,,,,,,,,,,,,,2026-01-07 20:09:54.844000+00:00,
2026-01-07T20:09:54.844Z,DIAL_ATTEMPT_START,16Uiu2HAmRiuEYNcaQiBxjoMcgv2bjSfPGb4xu7UmokyHnsQHNzQX,,,,,,,,,,,,,,,,,,,2931.0,,,,1767816594844.0,,,,,,,,,,,,,,,,,,,,,,,,,,,,,,,,,,,,,,,,,,,,,,,,,,,,,,,,,2026-01-07 20:09:54.844000+00:00,
2026-01-07T20:09:54.844Z,DISCOVERY_DIAL_DECISION,16Uiu2HAmRiuEYNcaQiBxjoMcgv2bjSfPGb4xu7UmokyHnsQHNzQX,,,,,,,,,,,,,,,,,,,,,,,,2.0,0.0,,attempt_dial,,,,,,,,,,,,,,,,,,,,,,,,,,,,,,,,,,,,,,,,,,,,,,,,,,,,,2026-01-07 20:09:54.844000+00:00,
2026-01-07T20:09:54.845Z,DIAL_CHECK_START,16Uiu2HAmLddvWJwr3JzsDieEKXcvdYsczWnhNHSyEAcNEeY1nfrn,,,,,,,,,,,,,,,,,,,,,,,,2.0,0.0,2930.0,,,,,,,,,,,,,,,,,,,,,,,,,,,,,,,,,,,,,,,,,,,,,,,,,,,,,,2026-01-07 20:09:54.845000+00:00,
2026-01-07T20:09:54.845Z,DIAL_ATTEMPT_START,16Uiu2HAmLddvWJwr3JzsDieEKXcvdYsczWnhNHSyEAcNEeY1nfrn,,,,,,,,,,,,,,,,,,,2930.0,,,,1767816594845.0,,,,,,,,,,,,,,,,,,,,,,,,,,,,,,,,,,,,,,,,,,,,,,,,,,,,,,,,,2026-01-07 20:09:54.845000+00:00,
2026-01-07T20:09:54.846Z,DISCOVERY_DIAL_DECISION,16Uiu2HAmLddvWJwr3JzsDieEKXcvdYsczWnhNHSyEAcNEeY1nfrn,,,,,,,,,,,,,,,,,,,,,,,,2.0,0.0,,attempt_dial,,,,,,,,,,,,,,,,,,,,,,,,,,,,,,,,,,,,,,,,,,,,,,,,,,,,,2026-01-07 20:09:54.846000+00:00,
2026-01-07T20:09:54.916Z,DIAL_FAILURE,16Uiu2HAmRiuEYNcaQiBxjoMcgv2bjSfPGb4xu7UmokyHnsQHNzQX,,,,,,,,,,,,,,,,,,,,,,,,,,,,unexpected end of input,72.0,,,,,,,,,,,,,,,,,,,,,,,,,,,,,,,,,,,,,,,,,,,,,,,,,,,2026-01-07 20:09:54.916000+00:00,
2026-01-07T20:09:55.190Z,DIAL_FAILURE,16Uiu2HAmLddvWJwr3JzsDieEKXcvdYsczWnhNHSyEAcNEeY1nfrn,,,,,,,,,,,,,,,,,,,,,,,,,,,,unexpected end of input,345.0,,,,,,,,,,,,,,,,,,,,,,,,,,,,,,,,,,,,,,,,,,,,,,,,,,,2026-01-07 20:09:55.190000+00:00,
2026-01-07T20:09:56.000Z,DIAL_CHECK_START,16Uiu2HAmLddvWJwr3JzsDieEKXcvdYsczWnhNHSyEAcNEeY1nfrn,,,,,,,,,,,,,,,,,,,,,,,,2.0,0.0,2929.0,,,,,,,,,,,,,,,,,,,,,,,,,,,,,,,,,,,,,,,,,,,,,,,,,,,,,,2026-01-07 20:09:56+00:00,
2026-01-07T20:09:56.000Z,DIAL_ATTEMPT_START,16Uiu2HAmLddvWJwr3JzsDieEKXcvdYsczWnhNHSyEAcNEeY1nfrn,,,,,,,,,,,,,,,,,,,2929.0,,,,1767816596000.0,,,,,,,,,,,,,,,,,,,,,,,,,,,,,,,,,,,,,,,,,,,,,,,,,,,,,,,,,2026-01-07 20:09:56+00:00,
2026-01-07T20:09:56.000Z,DISCOVERY_DIAL_DECISION,16Uiu2HAmLddvWJwr3JzsDieEKXcvdYsczWnhNHSyEAcNEeY1nfrn,,,,,,,,,,,,,,,,,,,,,,,,2.0,0.0,,attempt_dial,,,,,,,,,,,,,,,,,,,,,,,,,,,,,,,,,,,,,,,,,,,,,,,,,,,,,2026-01-07 20:09:56+00:00,
2026-01-07T20:09:56.090Z,HEARTBEAT_DISCOVERY_NEEDED,unknown,,,,,,,,190.0,0.0,none,2.0,0.0,0.0,NO,0.0,0.0,9340249.0,9340249.0,,,,,,,,,,,,,,,,,,,,,,,,,,,,,,,,,,,,,,,,,,,,,,,,,,,,,,,,,,,,,,2026-01-07 20:09:56.090000+00:00,
2026-01-07T20:09:56.090Z,DISCOVERY_START,discovery,,,,,,,,,,,,,,,,,,,190.0,,2.0,,,,,,,,,,,,,,,,,,,,,,,,,,,,,,,,,,,,,,,,,,,,,,,,,,,,,,,,,,,2026-01-07 20:09:56.090000+00:00,
2026-01-07T20:09:56.342Z,DIAL_CHECK_START,16Uiu2HAmAQfASDn3bu3MVDqMSDgBrVnjpNnj35k7w5U9wkA6QsP3,,,,,,,,,,,,,,,,,,,,,,,,2.0,0.0,3118.0,,,,,,,,,,,,,,,,,,,,,,,,,,,,,,,,,,,,,,,,,,,,,,,,,,,,,,2026-01-07 20:09:56.342000+00:00,
2026-01-07T20:09:56.342Z,DIAL_ATTEMPT_START,16Uiu2HAmAQfASDn3bu3MVDqMSDgBrVnjpNnj35k7w5U9wkA6QsP3,,,,,,,,,,,,,,,,,,,3118.0,,,,1767816596342.0,,,,,,,,,,,,,,,,,,,,,,,,,,,,,,,,,,,,,,,,,,,,,,,,,,,,,,,,,2026-01-07 20:09:56.342000+00:00,
2026-01-07T20:09:56.342Z,DISCOVERY_DIAL_DECISION,16Uiu2HAmAQfASDn3bu3MVDqMSDgBrVnjpNnj35k7w5U9wkA6QsP3,,,,,,,,,,,,,,,,,,,,,,,,2.0,0.0,,attempt_dial,,,,,,,,,,,,,,,,,,,,,,,,,,,,,,,,,,,,,,,,,,,,,,,,,,,,,2026-01-07 20:09:56.342000+00:00,
2026-01-07T20:09:56.349Z,DIAL_FAILURE,16Uiu2HAmLddvWJwr3JzsDieEKXcvdYsczWnhNHSyEAcNEeY1nfrn,,,,,,,,,,,,,,,,,,,,,,,,,,,,unexpected end of input,349.0,,,,,,,,,,,,,,,,,,,,,,,,,,,,,,,,,,,,,,,,,,,,,,,,,,,2026-01-07 20:09:56.349000+00:00,
2026-01-07T20:09:56.459Z,DIAL_FAILURE,16Uiu2HAmAQfASDn3bu3MVDqMSDgBrVnjpNnj35k7w5U9wkA6QsP3,,,,,,,,,,,,,,,,,,,,,,,,,,,,unexpected end of input,117.0,,,,,,,,,,,,,,,,,,,,,,,,,,,,,,,,,,,,,,,,,,,,,,,,,,,2026-01-07 20:09:56.459000+00:00,
2026-01-07T20:09:57.638Z,DIAL_CHECK_START,16Uiu2HAm6roUJb3gVWyXj8bCtQLJ6397pge22A333984mwCaNRFj,,,,,,,,,,,,,,,,,,,,,,,,2.0,0.0,3117.0,,,,,,,,,,,,,,,,,,,,,,,,,,,,,,,,,,,,,,,,,,,,,,,,,,,,,,2026-01-07 20:09:57.638000+00:00,
2026-01-07T20:09:57.638Z,DIAL_ATTEMPT_START,16Uiu2HAm6roUJb3gVWyXj8bCtQLJ6397pge22A333984mwCaNRFj,,,,,,,,,,,,,,,,,,,3117.0,,,,1767816597638.0,,,,,,,,,,,,,,,,,,,,,,,,,,,,,,,,,,,,,,,,,,,,,,,,,,,,,,,,,2026-01-07 20:09:57.638000+00:00,
2026-01-07T20:09:57.638Z,DISCOVERY_DIAL_DECISION,16Uiu2HAm6roUJb3gVWyXj8bCtQLJ6397pge22A333984mwCaNRFj,,,,,,,,,,,,,,,,,,,,,,,,2.0,0.0,,attempt_dial,,,,,,,,,,,,,,,,,,,,,,,,,,,,,,,,,,,,,,,,,,,,,,,,,,,,,2026-01-07 20:09:57.638000+00:00,
2026-01-07T20:09:57.640Z,DIAL_CHECK_START,16Uiu2HAmAQfASDn3bu3MVDqMSDgBrVnjpNnj35k7w5U9wkA6QsP3,,,,,,,,,,,,,,,,,,,,,,,,2.0,0.0,3116.0,,,,,,,,,,,,,,,,,,,,,,,,,,,,,,,,,,,,,,,,,,,,,,,,,,,,,,2026-01-07 20:09:57.640000+00:00,
2026-01-07T20:09:57.640Z,DIAL_ATTEMPT_START,16Uiu2HAmAQfASDn3bu3MVDqMSDgBrVnjpNnj35k7w5U9wkA6QsP3,,,,,,,,,,,,,,,,,,,3116.0,,,,1767816597640.0,,,,,,,,,,,,,,,,,,,,,,,,,,,,,,,,,,,,,,,,,,,,,,,,,,,,,,,,,2026-01-07 20:09:57.640000+00:00,
2026-01-07T20:09:57.640Z,DISCOVERY_DIAL_DECISION,16Uiu2HAmAQfASDn3bu3MVDqMSDgBrVnjpNnj35k7w5U9wkA6QsP3,,,,,,,,,,,,,,,,,,,,,,,,2.0,0.0,,attempt_dial,,,,,,,,,,,,,,,,,,,,,,,,,,,,,,,,,,,,,,,,,,,,,,,,,,,,,2026-01-07 20:09:57.640000+00:00,
2026-01-07T20:09:57.756Z,DIAL_FAILURE,16Uiu2HAmAQfASDn3bu3MVDqMSDgBrVnjpNnj35k7w5U9wkA6QsP3,,,,,,,,,,,,,,,,,,,,,,,,,,,,unexpected end of input,116.0,,,,,,,,,,,,,,,,,,,,,,,,,,,,,,,,,,,,,,,,,,,,,,,,,,,2026-01-07 20:09:57.756000+00:00,
2026-01-07T20:09:57.783Z,DIAL_CHECK_START,16Uiu2HAmLddvWJwr3JzsDieEKXcvdYsczWnhNHSyEAcNEeY1nfrn,,,,,,,,,,,,,,,,,,,,,,,,2.0,0.0,3115.0,,,,,,,,,,,,,,,,,,,,,,,,,,,,,,,,,,,,,,,,,,,,,,,,,,,,,,2026-01-07 20:09:57.783000+00:00,
2026-01-07T20:09:57.783Z,DIAL_ATTEMPT_START,16Uiu2HAmLddvWJwr3JzsDieEKXcvdYsczWnhNHSyEAcNEeY1nfrn,,,,,,,,,,,,,,,,,,,3115.0,,,,1767816597783.0,,,,,,,,,,,,,,,,,,,,,,,,,,,,,,,,,,,,,,,,,,,,,,,,,,,,,,,,,2026-01-07 20:09:57.783000+00:00,
2026-01-07T20:09:57.783Z,DISCOVERY_DIAL_DECISION,16Uiu2HAmLddvWJwr3JzsDieEKXcvdYsczWnhNHSyEAcNEeY1nfrn,,,,,,,,,,,,,,,,,,,,,,,,2.0,0.0,,attempt_dial,,,,,,,,,,,,,,,,,,,,,,,,,,,,,,,,,,,,,,,,,,,,,,,,,,,,,2026-01-07 20:09:57.783000+00:00,
2026-01-07T20:09:58.122Z,DIAL_FAILURE,16Uiu2HAmLddvWJwr3JzsDieEKXcvdYsczWnhNHSyEAcNEeY1nfrn,,,,,,,,,,,,,,,,,,,,,,,,,,,,unexpected end of input,339.0,,,,,,,,,,,,,,,,,,,,,,,,,,,,,,,,,,,,,,,,,,,,,,,,,,,2026-01-07 20:09:58.122000+00:00,
2026-01-07T20:09:59.727Z,DIAL_CHECK_START,16Uiu2HAmAQfASDn3bu3MVDqMSDgBrVnjpNnj35k7w5U9wkA6QsP3,,,,,,,,,,,,,,,,,,,,,,,,2.0,0.0,3114.0,,,,,,,,,,,,,,,,,,,,,,,,,,,,,,,,,,,,,,,,,,,,,,,,,,,,,,2026-01-07 20:09:59.727000+00:00,
2026-01-07T20:09:59.727Z,DIAL_ATTEMPT_START,16Uiu2HAmAQfASDn3bu3MVDqMSDgBrVnjpNnj35k7w5U9wkA6QsP3,,,,,,,,,,,,,,,,,,,3114.0,,,,1767816599727.0,,,,,,,,,,,,,,,,,,,,,,,,,,,,,,,,,,,,,,,,,,,,,,,,,,,,,,,,,2026-01-07 20:09:59.727000+00:00,
2026-01-07T20:09:59.728Z,DISCOVERY_DIAL_DECISION,16Uiu2HAmAQfASDn3bu3MVDqMSDgBrVnjpNnj35k7w5U9wkA6QsP3,,,,,,,,,,,,,,,,,,,,,,,,2.0,0.0,,attempt_dial,,,,,,,,,,,,,,,,,,,,,,,,,,,,,,,,,,,,,,,,,,,,,,,,,,,,,2026-01-07 20:09:59.728000+00:00,
2026-01-07T20:09:59.821Z,DIAL_FAILURE,16Uiu2HAmAQfASDn3bu3MVDqMSDgBrVnjpNnj35k7w5U9wkA6QsP3,,,,,,,,,,,,,,,,,,,,,,,,,,,,unexpected end of input,94.0,,,,,,,,,,,,,,,,,,,,,,,,,,,,,,,,,,,,,,,,,,,,,,,,,,,2026-01-07 20:09:59.821000+00:00,
2026-01-07T20:10:00.441Z,DIAL_CHECK_START,16Uiu2HAmAQfASDn3bu3MVDqMSDgBrVnjpNnj35k7w5U9wkA6QsP3,,,,,,,,,,,,,,,,,,,,,,,,2.0,0.0,3113.0,,,,,,,,,,,,,,,,,,,,,,,,,,,,,,,,,,,,,,,,,,,,,,,,,,,,,,2026-01-07 20:10:00.441000+00:00,
2026-01-07T20:10:00.441Z,DIAL_ATTEMPT_START,16Uiu2HAmAQfASDn3bu3MVDqMSDgBrVnjpNnj35k7w5U9wkA6QsP3,,,,,,,,,,,,,,,,,,,3113.0,,,,1767816600441.0,,,,,,,,,,,,,,,,,,,,,,,,,,,,,,,,,,,,,,,,,,,,,,,,,,,,,,,,,2026-01-07 20:10:00.441000+00:00,
2026-01-07T20:10:00.442Z,DISCOVERY_DIAL_DECISION,16Uiu2HAmAQfASDn3bu3MVDqMSDgBrVnjpNnj35k7w5U9wkA6QsP3,,,,,,,,,,,,,,,,,,,,,,,,2.0,0.0,,attempt_dial,,,,,,,,,,,,,,,,,,,,,,,,,,,,,,,,,,,,,,,,,,,,,,,,,,,,,2026-01-07 20:10:00.442000+00:00,
2026-01-07T20:10:00.550Z,DIAL_FAILURE,16Uiu2HAmAQfASDn3bu3MVDqMSDgBrVnjpNnj35k7w5U9wkA6QsP3,,,,,,,,,,,,,,,,,,,,,,,,,,,,unexpected end of input,109.0,,,,,,,,,,,,,,,,,,,,,,,,,,,,,,,,,,,,,,,,,,,,,,,,,,,2026-01-07 20:10:00.550000+00:00,
2026-01-07T20:10:00.737Z,DIAL_CHECK_START,16Uiu2HAmAQfASDn3bu3MVDqMSDgBrVnjpNnj35k7w5U9wkA6QsP3,,,,,,,,,,,,,,,,,,,,,,,,2.0,0.0,3112.0,,,,,,,,,,,,,,,,,,,,,,,,,,,,,,,,,,,,,,,,,,,,,,,,,,,,,,2026-01-07 20:10:00.737000+00:00,
2026-01-07T20:10:00.738Z,DIAL_ATTEMPT_START,16Uiu2HAmAQfASDn3bu3MVDqMSDgBrVnjpNnj35k7w5U9wkA6QsP3,,,,,,,,,,,,,,,,,,,3112.0,,,,1767816600737.0,,,,,,,,,,,,,,,,,,,,,,,,,,,,,,,,,,,,,,,,,,,,,,,,,,,,,,,,,2026-01-07 20:10:00.738000+00:00,
2026-01-07T20:10:00.738Z,DISCOVERY_DIAL_DECISION,16Uiu2HAmAQfASDn3bu3MVDqMSDgBrVnjpNnj35k7w5U9wkA6QsP3,,,,,,,,,,,,,,,,,,,,,,,,2.0,0.0,,attempt_dial,,,,,,,,,,,,,,,,,,,,,,,,,,,,,,,,,,,,,,,,,,,,,,,,,,,,,2026-01-07 20:10:00.738000+00:00,
2026-01-07T20:10:00.846Z,DIAL_FAILURE,16Uiu2HAmAQfASDn3bu3MVDqMSDgBrVnjpNnj35k7w5U9wkA6QsP3,,,,,,,,,,,,,,,,,,,,,,,,,,,,unexpected end of input,109.0,,,,,,,,,,,,,,,,,,,,,,,,,,,,,,,,,,,,,,,,,,,,,,,,,,,2026-01-07 20:10:00.846000+00:00,
2026-01-07T20:10:07.218Z,DIAL_CHECK_START,16Uiu2HAmUekdVNfnMwtQ27firnXVPEtscK8EG6JkMhMNQMqmkiKW,,,,,,,,,,,,,,,,,,,,,,,,2.0,0.0,3111.0,,,,,,,,,,,,,,,,,,,,,,,,,,,,,,,,,,,,,,,,,,,,,,,,,,,,,,2026-01-07 20:10:07.218000+00:00,
2026-01-07T20:10:07.218Z,DIAL_ATTEMPT_START,16Uiu2HAmUekdVNfnMwtQ27firnXVPEtscK8EG6JkMhMNQMqmkiKW,,,,,,,,,,,,,,,,,,,3111.0,,,,1767816607218.0,,,,,,,,,,,,,,,,,,,,,,,,,,,,,,,,,,,,,,,,,,,,,,,,,,,,,,,,,2026-01-07 20:10:07.218000+00:00,
2026-01-07T20:10:07.218Z,DISCOVERY_DIAL_DECISION,16Uiu2HAmUekdVNfnMwtQ27firnXVPEtscK8EG6JkMhMNQMqmkiKW,,,,,,,,,,,,,,,,,,,,,,,,2.0,0.0,,attempt_dial,,,,,,,,,,,,,,,,,,,,,,,,,,,,,,,,,,,,,,,,,,,,,,,,,,,,,2026-01-07 20:10:07.218000+00:00,
2026-01-07T20:10:07.221Z,DIAL_CHECK_START,16Uiu2HAmUekdVNfnMwtQ27firnXVPEtscK8EG6JkMhMNQMqmkiKW,,,,,,,,,,,,,,,,,,,,,,,,0.0,0.0,3110.0,,,,,,,,,,,,,,,,,,,,,,,,,,,,,,,,,,,,,,,,,,,,,,,,,,,,,,2026-01-07 20:10:07.221000+00:00,
2026-01-07T20:10:07.221Z,DIAL_ATTEMPT_START,16Uiu2HAmUekdVNfnMwtQ27firnXVPEtscK8EG6JkMhMNQMqmkiKW,,,,,,,,,,,,,,,,,,,3110.0,,,,1767816607221.0,,,,,,,,,,,,,,,,,,,,,,,,,,,,,,,,,,,,,,,,,,,,,,,,,,,,,,,,,2026-01-07 20:10:07.221000+00:00,
2026-01-07T20:10:07.221Z,DISCOVERY_DIAL_DECISION,16Uiu2HAmUekdVNfnMwtQ27firnXVPEtscK8EG6JkMhMNQMqmkiKW,,,,,,,,,,,,,,,,,,,,,,,,0.0,0.0,,attempt_dial,,,,,,,,,,,,,,,,,,,,,,,,,,,,,,,,,,,,,,,,,,,,,,,,,,,,,2026-01-07 20:10:07.221000+00:00,
2026-01-07T20:10:09.862Z,DIAL_CHECK_START,16Uiu2HAmLddvWJwr3JzsDieEKXcvdYsczWnhNHSyEAcNEeY1nfrn,,,,,,,,,,,,,,,,,,,,,,,,2.0,0.0,3109.0,,,,,,,,,,,,,,,,,,,,,,,,,,,,,,,,,,,,,,,,,,,,,,,,,,,,,,2026-01-07 20:10:09.862000+00:00,
2026-01-07T20:10:09.862Z,DIAL_ATTEMPT_START,16Uiu2HAmLddvWJwr3JzsDieEKXcvdYsczWnhNHSyEAcNEeY1nfrn,,,,,,,,,,,,,,,,,,,3109.0,,,,1767816609862.0,,,,,,,,,,,,,,,,,,,,,,,,,,,,,,,,,,,,,,,,,,,,,,,,,,,,,,,,,2026-01-07 20:10:09.862000+00:00,
2026-01-07T20:10:09.863Z,DISCOVERY_DIAL_DECISION,16Uiu2HAmLddvWJwr3JzsDieEKXcvdYsczWnhNHSyEAcNEeY1nfrn,,,,,,,,,,,,,,,,,,,,,,,,2.0,0.0,,attempt_dial,,,,,,,,,,,,,,,,,,,,,,,,,,,,,,,,,,,,,,,,,,,,,,,,,,,,,2026-01-07 20:10:09.863000+00:00,
2026-01-07T20:10:09.864Z,DIAL_CHECK_START,16Uiu2HAmRiuEYNcaQiBxjoMcgv2bjSfPGb4xu7UmokyHnsQHNzQX,,,,,,,,,,,,,,,,,,,,,,,,2.0,0.0,3108.0,,,,,,,,,,,,,,,,,,,,,,,,,,,,,,,,,,,,,,,,,,,,,,,,,,,,,,2026-01-07 20:10:09.864000+00:00,
2026-01-07T20:10:09.864Z,DIAL_ATTEMPT_START,16Uiu2HAmRiuEYNcaQiBxjoMcgv2bjSfPGb4xu7UmokyHnsQHNzQX,,,,,,,,,,,,,,,,,,,3108.0,,,,1767816609864.0,,,,,,,,,,,,,,,,,,,,,,,,,,,,,,,,,,,,,,,,,,,,,,,,,,,,,,,,,2026-01-07 20:10:09.864000+00:00,
2026-01-07T20:10:09.864Z,DISCOVERY_DIAL_DECISION,16Uiu2HAmRiuEYNcaQiBxjoMcgv2bjSfPGb4xu7UmokyHnsQHNzQX,,,,,,,,,,,,,,,,,,,,,,,,2.0,0.0,,attempt_dial,,,,,,,,,,,,,,,,,,,,,,,,,,,,,,,,,,,,,,,,,,,,,,,,,,,,,2026-01-07 20:10:09.864000+00:00,
2026-01-07T20:10:09.934Z,DIAL_SUCCESS,16Uiu2HAmRiuEYNcaQiBxjoMcgv2bjSfPGb4xu7UmokyHnsQHNzQX,,,,,,,,,,,,,,,,,,,,,,,,,,,,,70.0,,,,,,,,,,,,,,,,,,,,,,,,,,,,,,,,,,,,,,,,,,,,,,,,,,,2026-01-07 20:10:09.934000+00:00,
2026-01-07T20:10:10.206Z,DIAL_FAILURE,16Uiu2HAmLddvWJwr3JzsDieEKXcvdYsczWnhNHSyEAcNEeY1nfrn,,,,,,,,,,,,,,,,,,,,,,,,,,,,unexpected end of input,344.0,,,,,,,,,,,,,,,,,,,,,,,,,,,,,,,,,,,,,,,,,,,,,,,,,,,2026-01-07 20:10:10.206000+00:00,
2026-01-07T20:10:10.265Z,DIAL_CHECK_START,16Uiu2HAmLddvWJwr3JzsDieEKXcvdYsczWnhNHSyEAcNEeY1nfrn,,,,,,,,,,,,,,,,,,,,,,,,2.0,0.0,3107.0,,,,,,,,,,,,,,,,,,,,,,,,,,,,,,,,,,,,,,,,,,,,,,,,,,,,,,2026-01-07 20:10:10.265000+00:00,
2026-01-07T20:10:10.265Z,DIAL_ATTEMPT_START,16Uiu2HAmLddvWJwr3JzsDieEKXcvdYsczWnhNHSyEAcNEeY1nfrn,,,,,,,,,,,,,,,,,,,3107.0,,,,1767816610265.0,,,,,,,,,,,,,,,,,,,,,,,,,,,,,,,,,,,,,,,,,,,,,,,,,,,,,,,,,2026-01-07 20:10:10.265000+00:00,
2026-01-07T20:10:10.265Z,DISCOVERY_DIAL_DECISION,16Uiu2HAmLddvWJwr3JzsDieEKXcvdYsczWnhNHSyEAcNEeY1nfrn,,,,,,,,,,,,,,,,,,,,,,,,2.0,0.0,,attempt_dial,,,,,,,,,,,,,,,,,,,,,,,,,,,,,,,,,,,,,,,,,,,,,,,,,,,,,2026-01-07 20:10:10.265000+00:00,
2026-01-07T20:10:10.608Z,DIAL_FAILURE,16Uiu2HAmLddvWJwr3JzsDieEKXcvdYsczWnhNHSyEAcNEeY1nfrn,,,,,,,,,,,,,,,,,,,,,,,,,,,,unexpected end of input,343.0,,,,,,,,,,,,,,,,,,,,,,,,,,,,,,,,,,,,,,,,,,,,,,,,,,,2026-01-07 20:10:10.608000+00:00,
2026-01-07T20:10:12.544Z,DIAL_CHECK_START,16Uiu2HAmLddvWJwr3JzsDieEKXcvdYsczWnhNHSyEAcNEeY1nfrn,,,,,,,,,,,,,,,,,,,,,,,,2.0,0.0,3106.0,,,,,,,,,,,,,,,,,,,,,,,,,,,,,,,,,,,,,,,,,,,,,,,,,,,,,,2026-01-07 20:10:12.544000+00:00,
2026-01-07T20:10:12.544Z,DIAL_ATTEMPT_START,16Uiu2HAmLddvWJwr3JzsDieEKXcvdYsczWnhNHSyEAcNEeY1nfrn,,,,,,,,,,,,,,,,,,,3106.0,,,,1767816612544.0,,,,,,,,,,,,,,,,,,,,,,,,,,,,,,,,,,,,,,,,,,,,,,,,,,,,,,,,,2026-01-07 20:10:12.544000+00:00,
2026-01-07T20:10:12.544Z,DISCOVERY_DIAL_DECISION,16Uiu2HAmLddvWJwr3JzsDieEKXcvdYsczWnhNHSyEAcNEeY1nfrn,,,,,,,,,,,,,,,,,,,,,,,,2.0,0.0,,attempt_dial,,,,,,,,,,,,,,,,,,,,,,,,,,,,,,,,,,,,,,,,,,,,,,,,,,,,,2026-01-07 20:10:12.544000+00:00,
2026-01-07T20:10:12.631Z,DIAL_FAILURE,16Uiu2HAkvwFnRBa5qBYUHHfqgyuJuWqptSboZwgisAALC1pAKFvP,,,,,,,,,,,,,,,,,,,,,,,,,,,,connection error 188.34.144.232:13000: connect ETIMEDOUT 188.34.144.232:13000,135042.0,,,,,,,,,,,,,,,,,,,,,,,,,,,,,,,,,,,,,,,,,,,,,,,,,,,2026-01-07 20:10:12.631000+00:00,
2026-01-07T20:10:12.631Z,DIAL_FAILURE,16Uiu2HAmBMnRYFvz93HPZCrRarXyVedHSyGetRFkHF8UWxyN7BPd,,,,,,,,,,,,,,,,,,,,,,,,,,,,connection error 153.19.51.43:9000: connect ETIMEDOUT 153.19.51.43:9000,136485.0,,,,,,,,,,,,,,,,,,,,,,,,,,,,,,,,,,,,,,,,,,,,,,,,,,,2026-01-07 20:10:12.631000+00:00,
2026-01-07T20:10:12.880Z,DIAL_FAILURE,16Uiu2HAmLddvWJwr3JzsDieEKXcvdYsczWnhNHSyEAcNEeY1nfrn,,,,,,,,,,,,,,,,,,,,,,,,,,,,unexpected end of input,336.0,,,,,,,,,,,,,,,,,,,,,,,,,,,,,,,,,,,,,,,,,,,,,,,,,,,2026-01-07 20:10:12.880000+00:00,
2026-01-07T20:10:13.204Z,DIAL_CHECK_START,16Uiu2HAm11FHh6JwGXwtjjmSav2DqaNjgyBRgMoQhn9HuWx5NKRs,,,,,,,,,,,,,,,,,,,,,,,,2.0,0.0,3105.0,,,,,,,,,,,,,,,,,,,,,,,,,,,,,,,,,,,,,,,,,,,,,,,,,,,,,,2026-01-07 20:10:13.204000+00:00,
2026-01-07T20:10:13.204Z,DIAL_ATTEMPT_START,16Uiu2HAm11FHh6JwGXwtjjmSav2DqaNjgyBRgMoQhn9HuWx5NKRs,,,,,,,,,,,,,,,,,,,3105.0,,,,1767816613204.0,,,,,,,,,,,,,,,,,,,,,,,,,,,,,,,,,,,,,,,,,,,,,,,,,,,,,,,,,2026-01-07 20:10:13.204000+00:00,
2026-01-07T20:10:13.204Z,DISCOVERY_DIAL_DECISION,16Uiu2HAm11FHh6JwGXwtjjmSav2DqaNjgyBRgMoQhn9HuWx5NKRs,,,,,,,,,,,,,,,,,,,,,,,,2.0,0.0,,attempt_dial,,,,,,,,,,,,,,,,,,,,,,,,,,,,,,,,,,,,,,,,,,,,,,,,,,,,,2026-01-07 20:10:13.204000+00:00,
2026-01-07T20:10:13.330Z,DIAL_FAILURE,16Uiu2HAm11FHh6JwGXwtjjmSav2DqaNjgyBRgMoQhn9HuWx5NKRs,,,,,,,,,,,,,,,,,,,,,,,,,,,,connection error 38.80.81.19:9000: connect ECONNREFUSED 38.80.81.19:9000,126.0,,,,,,,,,,,,,,,,,,,,,,,,,,,,,,,,,,,,,,,,,,,,,,,,,,,2026-01-07 20:10:13.330000+00:00,
2026-01-07T20:10:13.894Z,DIAL_CHECK_START,16Uiu2HAmAQfASDn3bu3MVDqMSDgBrVnjpNnj35k7w5U9wkA6QsP3,,,,,,,,,,,,,,,,,,,,,,,,2.0,0.0,3104.0,,,,,,,,,,,,,,,,,,,,,,,,,,,,,,,,,,,,,,,,,,,,,,,,,,,,,,2026-01-07 20:10:13.894000+00:00,
2026-01-07T20:10:13.894Z,DIAL_ATTEMPT_START,16Uiu2HAmAQfASDn3bu3MVDqMSDgBrVnjpNnj35k7w5U9wkA6QsP3,,,,,,,,,,,,,,,,,,,3104.0,,,,1767816613894.0,,,,,,,,,,,,,,,,,,,,,,,,,,,,,,,,,,,,,,,,,,,,,,,,,,,,,,,,,2026-01-07 20:10:13.894000+00:00,
2026-01-07T20:10:13.894Z,DISCOVERY_DIAL_DECISION,16Uiu2HAmAQfASDn3bu3MVDqMSDgBrVnjpNnj35k7w5U9wkA6QsP3,,,,,,,,,,,,,,,,,,,,,,,,2.0,0.0,,attempt_dial,,,,,,,,,,,,,,,,,,,,,,,,,,,,,,,,,,,,,,,,,,,,,,,,,,,,,2026-01-07 20:10:13.894000+00:00,
2026-01-07T20:10:14.061Z,DIAL_SUCCESS,16Uiu2HAmAQfASDn3bu3MVDqMSDgBrVnjpNnj35k7w5U9wkA6QsP3,,,,,,,,,,,,,,,,,,,,,,,,,,,,,167.0,,,,,,,,,,,,,,,,,,,,,,,,,,,,,,,,,,,,,,,,,,,,,,,,,,,2026-01-07 20:10:14.061000+00:00,
2026-01-07T20:10:17.046Z,DIAL_CHECK_START,16Uiu2HAmLddvWJwr3JzsDieEKXcvdYsczWnhNHSyEAcNEeY1nfrn,,,,,,,,,,,,,,,,,,,,,,,,2.0,0.0,3103.0,,,,,,,,,,,,,,,,,,,,,,,,,,,,,,,,,,,,,,,,,,,,,,,,,,,,,,2026-01-07 20:10:17.046000+00:00,
2026-01-07T20:10:17.046Z,DIAL_ATTEMPT_START,16Uiu2HAmLddvWJwr3JzsDieEKXcvdYsczWnhNHSyEAcNEeY1nfrn,,,,,,,,,,,,,,,,,,,3103.0,,,,1767816617046.0,,,,,,,,,,,,,,,,,,,,,,,,,,,,,,,,,,,,,,,,,,,,,,,,,,,,,,,,,2026-01-07 20:10:17.046000+00:00,
2026-01-07T20:10:17.046Z,DISCOVERY_DIAL_DECISION,16Uiu2HAmLddvWJwr3JzsDieEKXcvdYsczWnhNHSyEAcNEeY1nfrn,,,,,,,,,,,,,,,,,,,,,,,,2.0,0.0,,attempt_dial,,,,,,,,,,,,,,,,,,,,,,,,,,,,,,,,,,,,,,,,,,,,,,,,,,,,,2026-01-07 20:10:17.046000+00:00,
2026-01-07T20:10:17.380Z,DIAL_FAILURE,16Uiu2HAmLddvWJwr3JzsDieEKXcvdYsczWnhNHSyEAcNEeY1nfrn,,,,,,,,,,,,,,,,,,,,,,,,,,,,unexpected end of input,334.0,,,,,,,,,,,,,,,,,,,,,,,,,,,,,,,,,,,,,,,,,,,,,,,,,,,2026-01-07 20:10:17.380000+00:00,
2026-01-07T20:10:18.368Z,DIAL_CHECK_START,16Uiu2HAmLddvWJwr3JzsDieEKXcvdYsczWnhNHSyEAcNEeY1nfrn,,,,,,,,,,,,,,,,,,,,,,,,2.0,0.0,3102.0,,,,,,,,,,,,,,,,,,,,,,,,,,,,,,,,,,,,,,,,,,,,,,,,,,,,,,2026-01-07 20:10:18.368000+00:00,
2026-01-07T20:10:18.368Z,DIAL_ATTEMPT_START,16Uiu2HAmLddvWJwr3JzsDieEKXcvdYsczWnhNHSyEAcNEeY1nfrn,,,,,,,,,,,,,,,,,,,3102.0,,,,1767816618368.0,,,,,,,,,,,,,,,,,,,,,,,,,,,,,,,,,,,,,,,,,,,,,,,,,,,,,,,,,2026-01-07 20:10:18.368000+00:00,
2026-01-07T20:10:18.368Z,DISCOVERY_DIAL_DECISION,16Uiu2HAmLddvWJwr3JzsDieEKXcvdYsczWnhNHSyEAcNEeY1nfrn,,,,,,,,,,,,,,,,,,,,,,,,2.0,0.0,,attempt_dial,,,,,,,,,,,,,,,,,,,,,,,,,,,,,,,,,,,,,,,,,,,,,,,,,,,,,2026-01-07 20:10:18.368000+00:00,
2026-01-07T20:10:18.702Z,DIAL_FAILURE,16Uiu2HAmLddvWJwr3JzsDieEKXcvdYsczWnhNHSyEAcNEeY1nfrn,,,,,,,,,,,,,,,,,,,,,,,,,,,,unexpected end of input,334.0,,,,,,,,,,,,,,,,,,,,,,,,,,,,,,,,,,,,,,,,,,,,,,,,,,,2026-01-07 20:10:18.702000+00:00,
2026-01-07T20:10:20.829Z,DIAL_FAILURE,16Uiu2HAmKpCDr4My9kcMxm3wPkaUGgs1MtD7dEybVozPrNXu5Q1x,,,,,,,,,,,,,,,,,,,,,,,,,,,,connection error 51.210.112.227:4001: connect ETIMEDOUT 51.210.112.227:4001,134925.0,,,,,,,,,,,,,,,,,,,,,,,,,,,,,,,,,,,,,,,,,,,,,,,,,,,2026-01-07 20:10:20.829000+00:00,
2026-01-07T20:10:23.206Z,DIAL_CHECK_START,16Uiu2HAmEE7fgPqEkSuk85fRip7jtCkYrmnjdxJnq3gb3oGx5Q1y,,,,,,,,,,,,,,,,,,,,,,,,2.0,0.0,3101.0,,,,,,,,,,,,,,,,,,,,,,,,,,,,,,,,,,,,,,,,,,,,,,,,,,,,,,2026-01-07 20:10:23.206000+00:00,
2026-01-07T20:10:23.206Z,DIAL_ATTEMPT_START,16Uiu2HAmEE7fgPqEkSuk85fRip7jtCkYrmnjdxJnq3gb3oGx5Q1y,,,,,,,,,,,,,,,,,,,3101.0,,,,1767816623206.0,,,,,,,,,,,,,,,,,,,,,,,,,,,,,,,,,,,,,,,,,,,,,,,,,,,,,,,,,2026-01-07 20:10:23.206000+00:00,
2026-01-07T20:10:23.206Z,DISCOVERY_DIAL_DECISION,16Uiu2HAmEE7fgPqEkSuk85fRip7jtCkYrmnjdxJnq3gb3oGx5Q1y,,,,,,,,,,,,,,,,,,,,,,,,2.0,0.0,,attempt_dial,,,,,,,,,,,,,,,,,,,,,,,,,,,,,,,,,,,,,,,,,,,,,,,,,,,,,2026-01-07 20:10:23.206000+00:00,
2026-01-07T20:10:23.796Z,DIAL_SUCCESS,16Uiu2HAmEE7fgPqEkSuk85fRip7jtCkYrmnjdxJnq3gb3oGx5Q1y,,,,,,,,,,,,,,,,,,,,,,,,,,,,,590.0,,,,,,,,,,,,,,,,,,,,,,,,,,,,,,,,,,,,,,,,,,,,,,,,,,,2026-01-07 20:10:23.796000+00:00,
2026-01-07T20:10:24.592Z,DIAL_CHECK_START,16Uiu2HAm7DcEVCzojC33DBb5ZfvtRxmrt7jKPf36WSTcU92iLwsV,,,,,,,,,,,,,,,,,,,,,,,,2.0,0.0,3100.0,,,,,,,,,,,,,,,,,,,,,,,,,,,,,,,,,,,,,,,,,,,,,,,,,,,,,,2026-01-07 20:10:24.592000+00:00,
2026-01-07T20:10:24.592Z,DIAL_ATTEMPT_START,16Uiu2HAm7DcEVCzojC33DBb5ZfvtRxmrt7jKPf36WSTcU92iLwsV,,,,,,,,,,,,,,,,,,,3100.0,,,,1767816624592.0,,,,,,,,,,,,,,,,,,,,,,,,,,,,,,,,,,,,,,,,,,,,,,,,,,,,,,,,,2026-01-07 20:10:24.592000+00:00,
2026-01-07T20:10:24.592Z,DISCOVERY_DIAL_DECISION,16Uiu2HAm7DcEVCzojC33DBb5ZfvtRxmrt7jKPf36WSTcU92iLwsV,,,,,,,,,,,,,,,,,,,,,,,,2.0,0.0,,attempt_dial,,,,,,,,,,,,,,,,,,,,,,,,,,,,,,,,,,,,,,,,,,,,,,,,,,,,,2026-01-07 20:10:24.592000+00:00,
2026-01-07T20:10:24.594Z,DIAL_CHECK_START,16Uiu2HAm11FHh6JwGXwtjjmSav2DqaNjgyBRgMoQhn9HuWx5NKRs,,,,,,,,,,,,,,,,,,,,,,,,2.0,0.0,3099.0,,,,,,,,,,,,,,,,,,,,,,,,,,,,,,,,,,,,,,,,,,,,,,,,,,,,,,2026-01-07 20:10:24.594000+00:00,
2026-01-07T20:10:24.594Z,DIAL_ATTEMPT_START,16Uiu2HAm11FHh6JwGXwtjjmSav2DqaNjgyBRgMoQhn9HuWx5NKRs,,,,,,,,,,,,,,,,,,,3099.0,,,,1767816624594.0,,,,,,,,,,,,,,,,,,,,,,,,,,,,,,,,,,,,,,,,,,,,,,,,,,,,,,,,,2026-01-07 20:10:24.594000+00:00,
2026-01-07T20:10:24.594Z,DISCOVERY_DIAL_DECISION,16Uiu2HAm11FHh6JwGXwtjjmSav2DqaNjgyBRgMoQhn9HuWx5NKRs,,,,,,,,,,,,,,,,,,,,,,,,2.0,0.0,,attempt_dial,,,,,,,,,,,,,,,,,,,,,,,,,,,,,,,,,,,,,,,,,,,,,,,,,,,,,2026-01-07 20:10:24.594000+00:00,
2026-01-07T20:10:24.717Z,DIAL_FAILURE,16Uiu2HAm11FHh6JwGXwtjjmSav2DqaNjgyBRgMoQhn9HuWx5NKRs,,,,,,,,,,,,,,,,,,,,,,,,,,,,connection error 38.80.81.19:9000: connect ECONNREFUSED 38.80.81.19:9000,123.0,,,,,,,,,,,,,,,,,,,,,,,,,,,,,,,,,,,,,,,,,,,,,,,,,,,2026-01-07 20:10:24.717000+00:00,
2026-01-07T20:10:25.073Z,DIAL_SUCCESS,16Uiu2HAm7DcEVCzojC33DBb5ZfvtRxmrt7jKPf36WSTcU92iLwsV,,,,,,,,,,,,,,,,,,,,,,,,,,,,,481.0,,,,,,,,,,,,,,,,,,,,,,,,,,,,,,,,,,,,,,,,,,,,,,,,,,,2026-01-07 20:10:25.073000+00:00,
2026-01-07T20:10:26.090Z,HEARTBEAT_DISCOVERY_NEEDED,unknown,,,,,,,,188.0,0.0,none,2.0,0.0,0.0,NO,0.0,0.0,9340252.0,9340252.0,,,,,,,,,,,,,,,,,,,,,,,,,,,,,,,,,,,,,,,,,,,,,,,,,,,,,,,,,,,,,,2026-01-07 20:10:26.090000+00:00,
2026-01-07T20:10:26.090Z,DISCOVERY_START,discovery,,,,,,,,,,,,,,,,,,,188.0,,2.0,,,,,,,,,,,,,,,,,,,,,,,,,,,,,,,,,,,,,,,,,,,,,,,,,,,,,,,,,,,2026-01-07 20:10:26.090000+00:00,
2026-01-07T20:10:26.093Z,DISCOVERY_FINDNODE_RESULT,unknown,,,,,,,,,,,,,,,,,,,,,,,,,,,,,,,,,,,,,,,,,,,,,,,,,,,,,,,,,,,,,,,,,,,16.0,60004.0,,,,,,,,,,,,2026-01-07 20:10:26.093000+00:00,
2026-01-07T20:10:41.303Z,DIAL_FAILURE,16Uiu2HAmEXCAkuT733o6U7ZXiPUP6VVHgUCspi4iCTbiwLYeJtk2,,,,,,,,,,,,,,,,,,,,,,,,,,,,connection error 3.16.168.240:9000: connect ETIMEDOUT 3.16.168.240:9000,135360.0,,,,,,,,,,,,,,,,,,,,,,,,,,,,,,,,,,,,,,,,,,,,,,,,,,,2026-01-07 20:10:41.303000+00:00,
2026-01-07T20:10:56.092Z,HEARTBEAT_DISCOVERY_NEEDED,unknown,,,,,,,,190.0,0.0,none,2.0,0.0,0.0,NO,0.0,1.0,9340254.0,9340253.0,,,,,,,,,,,,,,,,,,,,,,,,,,,,,,,,,,,,,,,,,,,,,,,,,,,,,,,,,,,,,,2026-01-07 20:10:56.092000+00:00,
2026-01-07T20:10:56.092Z,DISCOVERY_START,discovery,,,,,,,,,,,,,,,,,,,190.0,,2.0,,,,,,,,,,,,,,,,,,,,,,,,,,,,,,,,,,,,,,,,,,,,,,,,,,,,,,,,,,,2026-01-07 20:10:56.092000+00:00,
2026-01-07T20:10:56.092Z,DISCOVERY_FINDNODE_START,unknown,,,,,,,,,,,,,,,,,,,3476.0,,,0.0,1767816656092.0,,,,,,,,,,,,,,,,,,,,,,,,,,,,,,,,,,,,,,,,,,,,,,,,,,,,,,,,,2026-01-07 20:10:56.092000+00:00,
2026-01-07T20:10:56.258Z,DIAL_CHECK_START,16Uiu2HAmD1T5b1AKyzNGB2xk2g2y6gTQxLWQZAAyt1maBEmPLtt6,,,,,,,,,,,,,,,,,,,,,,,,2.0,0.0,3476.0,,,,,,,,,,,,,,,,,,,,,,,,,,,,,,,,,,,,,,,,,,,,,,,,,,,,,,2026-01-07 20:10:56.258000+00:00,
2026-01-07T20:10:56.258Z,DIAL_ATTEMPT_START,16Uiu2HAmD1T5b1AKyzNGB2xk2g2y6gTQxLWQZAAyt1maBEmPLtt6,,,,,,,,,,,,,,,,,,,3476.0,,,,1767816656258.0,,,,,,,,,,,,,,,,,,,,,,,,,,,,,,,,,,,,,,,,,,,,,,,,,,,,,,,,,2026-01-07 20:10:56.258000+00:00,
2026-01-07T20:10:56.258Z,DISCOVERY_DIAL_DECISION,16Uiu2HAmD1T5b1AKyzNGB2xk2g2y6gTQxLWQZAAyt1maBEmPLtt6,,,,,,,,,,,,,,,,,,,,,,,,2.0,0.0,,attempt_dial,,,,,,,,,,,,,,,,,,,,,,,,,,,,,,,,,,,,,,,,,,,,,,,,,,,,,2026-01-07 20:10:56.258000+00:00,
2026-01-07T20:10:56.259Z,DIAL_CHECK_START,16Uiu2HAmHC67yLMggoGaAFyhm92jraDHTuoGGa3ZgM5dUoooFqc2,,,,,,,,,,,,,,,,,,,,,,,,2.0,4.0,3475.0,,,,,,,,,,,,,,,,,,,,,,,,,,,,,,,,,,,,,,,,,,,,,,,,,,,,,,2026-01-07 20:10:56.259000+00:00,
2026-01-07T20:10:56.259Z,DIAL_ATTEMPT_START,16Uiu2HAmHC67yLMggoGaAFyhm92jraDHTuoGGa3ZgM5dUoooFqc2,,,,,,,,,,,,,,,,,,,3475.0,,,,1767816656259.0,,,,,,,,,,,,,,,,,,,,,,,,,,,,,,,,,,,,,,,,,,,,,,,,,,,,,,,,,2026-01-07 20:10:56.259000+00:00,
2026-01-07T20:10:56.259Z,DISCOVERY_DIAL_DECISION,16Uiu2HAmHC67yLMggoGaAFyhm92jraDHTuoGGa3ZgM5dUoooFqc2,,,,,,,,,,,,,,,,,,,,,,,,2.0,4.0,,attempt_dial,,,,,,,,,,,,,,,,,,,,,,,,,,,,,,,,,,,,,,,,,,,,,,,,,,,,,2026-01-07 20:10:56.259000+00:00,
2026-01-07T20:10:56.353Z,DIAL_FAILURE,16Uiu2HAmD1T5b1AKyzNGB2xk2g2y6gTQxLWQZAAyt1maBEmPLtt6,,,,,,,,,,,,,,,,,,,,,,,,,,,,unexpected end of input,95.0,,,,,,,,,,,,,,,,,,,,,,,,,,,,,,,,,,,,,,,,,,,,,,,,,,,2026-01-07 20:10:56.353000+00:00,
2026-01-07T20:10:56.879Z,DIAL_SUCCESS,16Uiu2HAmHC67yLMggoGaAFyhm92jraDHTuoGGa3ZgM5dUoooFqc2,,,,,,,,,,,,,,,,,,,,,,,,,,,,,620.0,,,,,,,,,,,,,,,,,,,,,,,,,,,,,,,,,,,,,,,,,,,,,,,,,,,2026-01-07 20:10:56.879000+00:00,
2026-01-07T20:10:56.988Z,DIAL_CHECK_START,16Uiu2HAmG1dfizGU24eHpH6A4srCgvg21XaKYFA421TojggamQjw,,,,,,,,,,,,,,,,,,,,,,,,2.0,0.0,3474.0,,,,,,,,,,,,,,,,,,,,,,,,,,,,,,,,,,,,,,,,,,,,,,,,,,,,,,2026-01-07 20:10:56.988000+00:00,
2026-01-07T20:10:56.988Z,DIAL_ATTEMPT_START,16Uiu2HAmG1dfizGU24eHpH6A4srCgvg21XaKYFA421TojggamQjw,,,,,,,,,,,,,,,,,,,3474.0,,,,1767816656988.0,,,,,,,,,,,,,,,,,,,,,,,,,,,,,,,,,,,,,,,,,,,,,,,,,,,,,,,,,2026-01-07 20:10:56.988000+00:00,
2026-01-07T20:10:56.988Z,DISCOVERY_DIAL_DECISION,16Uiu2HAmG1dfizGU24eHpH6A4srCgvg21XaKYFA421TojggamQjw,,,,,,,,,,,,,,,,,,,,,,,,2.0,0.0,,attempt_dial,,,,,,,,,,,,,,,,,,,,,,,,,,,,,,,,,,,,,,,,,,,,,,,,,,,,,2026-01-07 20:10:56.988000+00:00,
2026-01-07T20:10:56.989Z,DIAL_CHECK_START,16Uiu2HAmPZQz9NbBL8cq7PM6vtaFNigDAPPhYAXtjckhhR7AfVef,,,,,,,,,,,,,,,,,,,,,,,,2.0,0.0,3473.0,,,,,,,,,,,,,,,,,,,,,,,,,,,,,,,,,,,,,,,,,,,,,,,,,,,,,,2026-01-07 20:10:56.989000+00:00,
2026-01-07T20:10:56.989Z,DIAL_ATTEMPT_START,16Uiu2HAmPZQz9NbBL8cq7PM6vtaFNigDAPPhYAXtjckhhR7AfVef,,,,,,,,,,,,,,,,,,,3473.0,,,,1767816656989.0,,,,,,,,,,,,,,,,,,,,,,,,,,,,,,,,,,,,,,,,,,,,,,,,,,,,,,,,,2026-01-07 20:10:56.989000+00:00,
2026-01-07T20:10:56.989Z,DISCOVERY_DIAL_DECISION,16Uiu2HAmPZQz9NbBL8cq7PM6vtaFNigDAPPhYAXtjckhhR7AfVef,,,,,,,,,,,,,,,,,,,,,,,,2.0,0.0,,attempt_dial,,,,,,,,,,,,,,,,,,,,,,,,,,,,,,,,,,,,,,,,,,,,,,,,,,,,,2026-01-07 20:10:56.989000+00:00,
2026-01-07T20:10:56.991Z,DIAL_CHECK_START,16Uiu2HAmPZQz9NbBL8cq7PM6vtaFNigDAPPhYAXtjckhhR7AfVef,,,,,,,,,,,,,,,,,,,,,,,,0.0,0.0,3472.0,,,,,,,,,,,,,,,,,,,,,,,,,,,,,,,,,,,,,,,,,,,,,,,,,,,,,,2026-01-07 20:10:56.991000+00:00,
2026-01-07T20:10:56.991Z,DIAL_ATTEMPT_START,16Uiu2HAmPZQz9NbBL8cq7PM6vtaFNigDAPPhYAXtjckhhR7AfVef,,,,,,,,,,,,,,,,,,,3472.0,,,,1767816656991.0,,,,,,,,,,,,,,,,,,,,,,,,,,,,,,,,,,,,,,,,,,,,,,,,,,,,,,,,,2026-01-07 20:10:56.991000+00:00,
2026-01-07T20:10:56.991Z,DISCOVERY_DIAL_DECISION,16Uiu2HAmPZQz9NbBL8cq7PM6vtaFNigDAPPhYAXtjckhhR7AfVef,,,,,,,,,,,,,,,,,,,,,,,,0.0,0.0,,attempt_dial,,,,,,,,,,,,,,,,,,,,,,,,,,,,,,,,,,,,,,,,,,,,,,,,,,,,,2026-01-07 20:10:56.991000+00:00,
2026-01-07T20:10:57.027Z,DIAL_FAILURE,16Uiu2HAmPZQz9NbBL8cq7PM6vtaFNigDAPPhYAXtjckhhR7AfVef,,,,,,,,,,,,,,,,,,,,,,,,,,,,connection error 46.38.238.148:13000: connect ECONNREFUSED 46.38.238.148:13000,36.0,,,,,,,,,,,,,,,,,,,,,,,,,,,,,,,,,,,,,,,,,,,,,,,,,,,2026-01-07 20:10:57.027000+00:00,
2026-01-07T20:10:57.028Z,DIAL_FAILURE,16Uiu2HAmPZQz9NbBL8cq7PM6vtaFNigDAPPhYAXtjckhhR7AfVef,,,,,,,,,,,,,,,,,,,,,,,,,,,,connection error 46.38.238.148:13000: connect ECONNREFUSED 46.38.238.148:13000,39.0,,,,,,,,,,,,,,,,,,,,,,,,,,,,,,,,,,,,,,,,,,,,,,,,,,,2026-01-07 20:10:57.028000+00:00,
2026-01-07T20:10:58.268Z,DIAL_CHECK_START,16Uiu2HAmN5uMW6mwQeSGbBZ8rPDgYdWhfEXir5XAUCqnpkNYx2uV,,,,,,,,,,,,,,,,,,,,,,,,2.0,0.0,3471.0,,,,,,,,,,,,,,,,,,,,,,,,,,,,,,,,,,,,,,,,,,,,,,,,,,,,,,2026-01-07 20:10:58.268000+00:00,
2026-01-07T20:10:58.268Z,DIAL_ATTEMPT_START,16Uiu2HAmN5uMW6mwQeSGbBZ8rPDgYdWhfEXir5XAUCqnpkNYx2uV,,,,,,,,,,,,,,,,,,,3471.0,,,,1767816658268.0,,,,,,,,,,,,,,,,,,,,,,,,,,,,,,,,,,,,,,,,,,,,,,,,,,,,,,,,,2026-01-07 20:10:58.268000+00:00,
2026-01-07T20:10:58.269Z,DISCOVERY_DIAL_DECISION,16Uiu2HAmN5uMW6mwQeSGbBZ8rPDgYdWhfEXir5XAUCqnpkNYx2uV,,,,,,,,,,,,,,,,,,,,,,,,2.0,0.0,,attempt_dial,,,,,,,,,,,,,,,,,,,,,,,,,,,,,,,,,,,,,,,,,,,,,,,,,,,,,2026-01-07 20:10:58.269000+00:00,
2026-01-07T20:10:58.442Z,DIAL_CHECK_START,16Uiu2HAmNs4yvsSNfC5Jkp5375nxh69goxzHNu81goywrr9ezRxV,,,,,,,,,,,,,,,,,,,,,,,,2.0,0.0,3470.0,,,,,,,,,,,,,,,,,,,,,,,,,,,,,,,,,,,,,,,,,,,,,,,,,,,,,,2026-01-07 20:10:58.442000+00:00,
2026-01-07T20:10:58.442Z,DIAL_ATTEMPT_START,16Uiu2HAmNs4yvsSNfC5Jkp5375nxh69goxzHNu81goywrr9ezRxV,,,,,,,,,,,,,,,,,,,3470.0,,,,1767816658442.0,,,,,,,,,,,,,,,,,,,,,,,,,,,,,,,,,,,,,,,,,,,,,,,,,,,,,,,,,2026-01-07 20:10:58.442000+00:00,
2026-01-07T20:10:58.442Z,DISCOVERY_DIAL_DECISION,16Uiu2HAmNs4yvsSNfC5Jkp5375nxh69goxzHNu81goywrr9ezRxV,,,,,,,,,,,,,,,,,,,,,,,,2.0,0.0,,attempt_dial,,,,,,,,,,,,,,,,,,,,,,,,,,,,,,,,,,,,,,,,,,,,,,,,,,,,,2026-01-07 20:10:58.442000+00:00,
2026-01-07T20:10:58.517Z,DIAL_FAILURE,16Uiu2HAmNs4yvsSNfC5Jkp5375nxh69goxzHNu81goywrr9ezRxV,,,,,,,,,,,,,,,,,,,,,,,,,,,,read ECONNRESET,75.0,,,,,,,,,,,,,,,,,,,,,,,,,,,,,,,,,,,,,,,,,,,,,,,,,,,2026-01-07 20:10:58.517000+00:00,
2026-01-07T20:10:58.680Z,DIAL_CHECK_START,16Uiu2HAmNs4yvsSNfC5Jkp5375nxh69goxzHNu81goywrr9ezRxV,,,,,,,,,,,,,,,,,,,,,,,,2.0,0.0,3469.0,,,,,,,,,,,,,,,,,,,,,,,,,,,,,,,,,,,,,,,,,,,,,,,,,,,,,,2026-01-07 20:10:58.680000+00:00,
2026-01-07T20:10:58.680Z,DIAL_ATTEMPT_START,16Uiu2HAmNs4yvsSNfC5Jkp5375nxh69goxzHNu81goywrr9ezRxV,,,,,,,,,,,,,,,,,,,3469.0,,,,1767816658680.0,,,,,,,,,,,,,,,,,,,,,,,,,,,,,,,,,,,,,,,,,,,,,,,,,,,,,,,,,2026-01-07 20:10:58.680000+00:00,
2026-01-07T20:10:58.680Z,DISCOVERY_DIAL_DECISION,16Uiu2HAmNs4yvsSNfC5Jkp5375nxh69goxzHNu81goywrr9ezRxV,,,,,,,,,,,,,,,,,,,,,,,,2.0,0.0,,attempt_dial,,,,,,,,,,,,,,,,,,,,,,,,,,,,,,,,,,,,,,,,,,,,,,,,,,,,,2026-01-07 20:10:58.680000+00:00,
2026-01-07T20:10:58.757Z,DIAL_FAILURE,16Uiu2HAmNs4yvsSNfC5Jkp5375nxh69goxzHNu81goywrr9ezRxV,,,,,,,,,,,,,,,,,,,,,,,,,,,,unexpected end of input,77.0,,,,,,,,,,,,,,,,,,,,,,,,,,,,,,,,,,,,,,,,,,,,,,,,,,,2026-01-07 20:10:58.757000+00:00,
2026-01-07T20:11:05.862Z,DIAL_CHECK_START,16Uiu2HAmNs4yvsSNfC5Jkp5375nxh69goxzHNu81goywrr9ezRxV,,,,,,,,,,,,,,,,,,,,,,,,2.0,0.0,3468.0,,,,,,,,,,,,,,,,,,,,,,,,,,,,,,,,,,,,,,,,,,,,,,,,,,,,,,2026-01-07 20:11:05.862000+00:00,
2026-01-07T20:11:05.862Z,DIAL_ATTEMPT_START,16Uiu2HAmNs4yvsSNfC5Jkp5375nxh69goxzHNu81goywrr9ezRxV,,,,,,,,,,,,,,,,,,,3468.0,,,,1767816665862.0,,,,,,,,,,,,,,,,,,,,,,,,,,,,,,,,,,,,,,,,,,,,,,,,,,,,,,,,,2026-01-07 20:11:05.862000+00:00,
2026-01-07T20:11:05.862Z,DISCOVERY_DIAL_DECISION,16Uiu2HAmNs4yvsSNfC5Jkp5375nxh69goxzHNu81goywrr9ezRxV,,,,,,,,,,,,,,,,,,,,,,,,2.0,0.0,,attempt_dial,,,,,,,,,,,,,,,,,,,,,,,,,,,,,,,,,,,,,,,,,,,,,,,,,,,,,2026-01-07 20:11:05.862000+00:00,
2026-01-07T20:11:05.941Z,DIAL_FAILURE,16Uiu2HAmNs4yvsSNfC5Jkp5375nxh69goxzHNu81goywrr9ezRxV,,,,,,,,,,,,,,,,,,,,,,,,,,,,read ECONNRESET,79.0,,,,,,,,,,,,,,,,,,,,,,,,,,,,,,,,,,,,,,,,,,,,,,,,,,,2026-01-07 20:11:05.941000+00:00,
2026-01-07T20:11:06.385Z,DIAL_CHECK_START,16Uiu2HAmNs4yvsSNfC5Jkp5375nxh69goxzHNu81goywrr9ezRxV,,,,,,,,,,,,,,,,,,,,,,,,2.0,0.0,3467.0,,,,,,,,,,,,,,,,,,,,,,,,,,,,,,,,,,,,,,,,,,,,,,,,,,,,,,2026-01-07 20:11:06.385000+00:00,
2026-01-07T20:11:06.385Z,DIAL_ATTEMPT_START,16Uiu2HAmNs4yvsSNfC5Jkp5375nxh69goxzHNu81goywrr9ezRxV,,,,,,,,,,,,,,,,,,,3467.0,,,,1767816666385.0,,,,,,,,,,,,,,,,,,,,,,,,,,,,,,,,,,,,,,,,,,,,,,,,,,,,,,,,,2026-01-07 20:11:06.385000+00:00,
2026-01-07T20:11:06.385Z,DISCOVERY_DIAL_DECISION,16Uiu2HAmNs4yvsSNfC5Jkp5375nxh69goxzHNu81goywrr9ezRxV,,,,,,,,,,,,,,,,,,,,,,,,2.0,0.0,,attempt_dial,,,,,,,,,,,,,,,,,,,,,,,,,,,,,,,,,,,,,,,,,,,,,,,,,,,,,2026-01-07 20:11:06.385000+00:00,
2026-01-07T20:11:06.458Z,DIAL_FAILURE,16Uiu2HAmNs4yvsSNfC5Jkp5375nxh69goxzHNu81goywrr9ezRxV,,,,,,,,,,,,,,,,,,,,,,,,,,,,read ECONNRESET,73.0,,,,,,,,,,,,,,,,,,,,,,,,,,,,,,,,,,,,,,,,,,,,,,,,,,,2026-01-07 20:11:06.458000+00:00,
2026-01-07T20:11:06.804Z,DIAL_CHECK_START,16Uiu2HAmNs4yvsSNfC5Jkp5375nxh69goxzHNu81goywrr9ezRxV,,,,,,,,,,,,,,,,,,,,,,,,2.0,0.0,3466.0,,,,,,,,,,,,,,,,,,,,,,,,,,,,,,,,,,,,,,,,,,,,,,,,,,,,,,2026-01-07 20:11:06.804000+00:00,
2026-01-07T20:11:06.804Z,DIAL_ATTEMPT_START,16Uiu2HAmNs4yvsSNfC5Jkp5375nxh69goxzHNu81goywrr9ezRxV,,,,,,,,,,,,,,,,,,,3466.0,,,,1767816666804.0,,,,,,,,,,,,,,,,,,,,,,,,,,,,,,,,,,,,,,,,,,,,,,,,,,,,,,,,,2026-01-07 20:11:06.804000+00:00,
2026-01-07T20:11:06.805Z,DISCOVERY_DIAL_DECISION,16Uiu2HAmNs4yvsSNfC5Jkp5375nxh69goxzHNu81goywrr9ezRxV,,,,,,,,,,,,,,,,,,,,,,,,2.0,0.0,,attempt_dial,,,,,,,,,,,,,,,,,,,,,,,,,,,,,,,,,,,,,,,,,,,,,,,,,,,,,2026-01-07 20:11:06.805000+00:00,
2026-01-07T20:11:06.876Z,DIAL_FAILURE,16Uiu2HAmNs4yvsSNfC5Jkp5375nxh69goxzHNu81goywrr9ezRxV,,,,,,,,,,,,,,,,,,,,,,,,,,,,read ECONNRESET,72.0,,,,,,,,,,,,,,,,,,,,,,,,,,,,,,,,,,,,,,,,,,,,,,,,,,,2026-01-07 20:11:06.876000+00:00,
2026-01-07T20:11:06.909Z,DIAL_CHECK_START,16Uiu2HAmNs4yvsSNfC5Jkp5375nxh69goxzHNu81goywrr9ezRxV,,,,,,,,,,,,,,,,,,,,,,,,2.0,0.0,3465.0,,,,,,,,,,,,,,,,,,,,,,,,,,,,,,,,,,,,,,,,,,,,,,,,,,,,,,2026-01-07 20:11:06.909000+00:00,
2026-01-07T20:11:06.909Z,DIAL_ATTEMPT_START,16Uiu2HAmNs4yvsSNfC5Jkp5375nxh69goxzHNu81goywrr9ezRxV,,,,,,,,,,,,,,,,,,,3465.0,,,,1767816666909.0,,,,,,,,,,,,,,,,,,,,,,,,,,,,,,,,,,,,,,,,,,,,,,,,,,,,,,,,,2026-01-07 20:11:06.909000+00:00,
2026-01-07T20:11:06.909Z,DISCOVERY_DIAL_DECISION,16Uiu2HAmNs4yvsSNfC5Jkp5375nxh69goxzHNu81goywrr9ezRxV,,,,,,,,,,,,,,,,,,,,,,,,2.0,0.0,,attempt_dial,,,,,,,,,,,,,,,,,,,,,,,,,,,,,,,,,,,,,,,,,,,,,,,,,,,,,2026-01-07 20:11:06.909000+00:00,
2026-01-07T20:11:06.988Z,DIAL_FAILURE,16Uiu2HAmNs4yvsSNfC5Jkp5375nxh69goxzHNu81goywrr9ezRxV,,,,,,,,,,,,,,,,,,,,,,,,,,,,read ECONNRESET,79.0,,,,,,,,,,,,,,,,,,,,,,,,,,,,,,,,,,,,,,,,,,,,,,,,,,,2026-01-07 20:11:06.988000+00:00,
2026-01-07T20:11:08.425Z,DIAL_CHECK_START,16Uiu2HAmNs4yvsSNfC5Jkp5375nxh69goxzHNu81goywrr9ezRxV,,,,,,,,,,,,,,,,,,,,,,,,2.0,0.0,3464.0,,,,,,,,,,,,,,,,,,,,,,,,,,,,,,,,,,,,,,,,,,,,,,,,,,,,,,2026-01-07 20:11:08.425000+00:00,
2026-01-07T20:11:08.425Z,DIAL_ATTEMPT_START,16Uiu2HAmNs4yvsSNfC5Jkp5375nxh69goxzHNu81goywrr9ezRxV,,,,,,,,,,,,,,,,,,,3464.0,,,,1767816668425.0,,,,,,,,,,,,,,,,,,,,,,,,,,,,,,,,,,,,,,,,,,,,,,,,,,,,,,,,,2026-01-07 20:11:08.425000+00:00,
2026-01-07T20:11:08.425Z,DISCOVERY_DIAL_DECISION,16Uiu2HAmNs4yvsSNfC5Jkp5375nxh69goxzHNu81goywrr9ezRxV,,,,,,,,,,,,,,,,,,,,,,,,2.0,0.0,,attempt_dial,,,,,,,,,,,,,,,,,,,,,,,,,,,,,,,,,,,,,,,,,,,,,,,,,,,,,2026-01-07 20:11:08.425000+00:00,
2026-01-07T20:11:08.490Z,DIAL_FAILURE,16Uiu2HAmNs4yvsSNfC5Jkp5375nxh69goxzHNu81goywrr9ezRxV,,,,,,,,,,,,,,,,,,,,,,,,,,,,read ECONNRESET,65.0,,,,,,,,,,,,,,,,,,,,,,,,,,,,,,,,,,,,,,,,,,,,,,,,,,,2026-01-07 20:11:08.490000+00:00,
2026-01-07T20:11:08.531Z,DIAL_CHECK_START,16Uiu2HAmNs4yvsSNfC5Jkp5375nxh69goxzHNu81goywrr9ezRxV,,,,,,,,,,,,,,,,,,,,,,,,2.0,0.0,3463.0,,,,,,,,,,,,,,,,,,,,,,,,,,,,,,,,,,,,,,,,,,,,,,,,,,,,,,2026-01-07 20:11:08.531000+00:00,
2026-01-07T20:11:08.531Z,DIAL_ATTEMPT_START,16Uiu2HAmNs4yvsSNfC5Jkp5375nxh69goxzHNu81goywrr9ezRxV,,,,,,,,,,,,,,,,,,,3463.0,,,,1767816668531.0,,,,,,,,,,,,,,,,,,,,,,,,,,,,,,,,,,,,,,,,,,,,,,,,,,,,,,,,,2026-01-07 20:11:08.531000+00:00,
2026-01-07T20:11:08.531Z,DISCOVERY_DIAL_DECISION,16Uiu2HAmNs4yvsSNfC5Jkp5375nxh69goxzHNu81goywrr9ezRxV,,,,,,,,,,,,,,,,,,,,,,,,2.0,0.0,,attempt_dial,,,,,,,,,,,,,,,,,,,,,,,,,,,,,,,,,,,,,,,,,,,,,,,,,,,,,2026-01-07 20:11:08.531000+00:00,
2026-01-07T20:11:08.603Z,DIAL_FAILURE,16Uiu2HAmNs4yvsSNfC5Jkp5375nxh69goxzHNu81goywrr9ezRxV,,,,,,,,,,,,,,,,,,,,,,,,,,,,read ECONNRESET,72.0,,,,,,,,,,,,,,,,,,,,,,,,,,,,,,,,,,,,,,,,,,,,,,,,,,,2026-01-07 20:11:08.603000+00:00,
2026-01-07T20:11:11.948Z,DIAL_CHECK_START,16Uiu2HAmNs4yvsSNfC5Jkp5375nxh69goxzHNu81goywrr9ezRxV,,,,,,,,,,,,,,,,,,,,,,,,2.0,0.0,3462.0,,,,,,,,,,,,,,,,,,,,,,,,,,,,,,,,,,,,,,,,,,,,,,,,,,,,,,2026-01-07 20:11:11.948000+00:00,
2026-01-07T20:11:11.948Z,DIAL_ATTEMPT_START,16Uiu2HAmNs4yvsSNfC5Jkp5375nxh69goxzHNu81goywrr9ezRxV,,,,,,,,,,,,,,,,,,,3462.0,,,,1767816671948.0,,,,,,,,,,,,,,,,,,,,,,,,,,,,,,,,,,,,,,,,,,,,,,,,,,,,,,,,,2026-01-07 20:11:11.948000+00:00,
2026-01-07T20:11:11.948Z,DISCOVERY_DIAL_DECISION,16Uiu2HAmNs4yvsSNfC5Jkp5375nxh69goxzHNu81goywrr9ezRxV,,,,,,,,,,,,,,,,,,,,,,,,2.0,0.0,,attempt_dial,,,,,,,,,,,,,,,,,,,,,,,,,,,,,,,,,,,,,,,,,,,,,,,,,,,,,2026-01-07 20:11:11.948000+00:00,
2026-01-07T20:11:12.013Z,DIAL_FAILURE,16Uiu2HAmNs4yvsSNfC5Jkp5375nxh69goxzHNu81goywrr9ezRxV,,,,,,,,,,,,,,,,,,,,,,,,,,,,read ECONNRESET,65.0,,,,,,,,,,,,,,,,,,,,,,,,,,,,,,,,,,,,,,,,,,,,,,,,,,,2026-01-07 20:11:12.013000+00:00,
2026-01-07T20:11:12.929Z,DIAL_CHECK_START,16Uiu2HAm5VjTxu38Dq61eitjx32roRWsYH64WHmYK999rz76aDZZ,,,,,,,,,,,,,,,,,,,,,,,,2.0,0.0,3461.0,,,,,,,,,,,,,,,,,,,,,,,,,,,,,,,,,,,,,,,,,,,,,,,,,,,,,,2026-01-07 20:11:12.929000+00:00,
2026-01-07T20:11:12.929Z,DIAL_ATTEMPT_START,16Uiu2HAm5VjTxu38Dq61eitjx32roRWsYH64WHmYK999rz76aDZZ,,,,,,,,,,,,,,,,,,,3461.0,,,,1767816672929.0,,,,,,,,,,,,,,,,,,,,,,,,,,,,,,,,,,,,,,,,,,,,,,,,,,,,,,,,,2026-01-07 20:11:12.929000+00:00,
2026-01-07T20:11:12.929Z,DISCOVERY_DIAL_DECISION,16Uiu2HAm5VjTxu38Dq61eitjx32roRWsYH64WHmYK999rz76aDZZ,,,,,,,,,,,,,,,,,,,,,,,,2.0,0.0,,attempt_dial,,,,,,,,,,,,,,,,,,,,,,,,,,,,,,,,,,,,,,,,,,,,,,,,,,,,,2026-01-07 20:11:12.929000+00:00,
2026-01-07T20:11:13.050Z,DIAL_FAILURE,16Uiu2HAm5VjTxu38Dq61eitjx32roRWsYH64WHmYK999rz76aDZZ,,,,,,,,,,,,,,,,,,,,,,,,,,,,connection error 154.12.116.84:13000: connect EHOSTUNREACH 154.12.116.84:13000,121.0,,,,,,,,,,,,,,,,,,,,,,,,,,,,,,,,,,,,,,,,,,,,,,,,,,,2026-01-07 20:11:13.050000+00:00,
2026-01-07T20:11:13.052Z,DIAL_CHECK_START,16Uiu2HAmAy9F8vBW3LAyXVSk71D9psw4pWLebUyyZEbuJxSDDUM2,,,,,,,,,,,,,,,,,,,,,,,,2.0,0.0,3460.0,,,,,,,,,,,,,,,,,,,,,,,,,,,,,,,,,,,,,,,,,,,,,,,,,,,,,,2026-01-07 20:11:13.052000+00:00,
2026-01-07T20:11:13.052Z,DIAL_ATTEMPT_START,16Uiu2HAmAy9F8vBW3LAyXVSk71D9psw4pWLebUyyZEbuJxSDDUM2,,,,,,,,,,,,,,,,,,,3460.0,,,,1767816673052.0,,,,,,,,,,,,,,,,,,,,,,,,,,,,,,,,,,,,,,,,,,,,,,,,,,,,,,,,,2026-01-07 20:11:13.052000+00:00,
2026-01-07T20:11:13.052Z,DISCOVERY_DIAL_DECISION,16Uiu2HAmAy9F8vBW3LAyXVSk71D9psw4pWLebUyyZEbuJxSDDUM2,,,,,,,,,,,,,,,,,,,,,,,,2.0,0.0,,attempt_dial,,,,,,,,,,,,,,,,,,,,,,,,,,,,,,,,,,,,,,,,,,,,,,,,,,,,,2026-01-07 20:11:13.052000+00:00,
2026-01-07T20:11:13.078Z,DIAL_CHECK_START,16Uiu2HAmNs4yvsSNfC5Jkp5375nxh69goxzHNu81goywrr9ezRxV,,,,,,,,,,,,,,,,,,,,,,,,2.0,0.0,3459.0,,,,,,,,,,,,,,,,,,,,,,,,,,,,,,,,,,,,,,,,,,,,,,,,,,,,,,2026-01-07 20:11:13.078000+00:00,
2026-01-07T20:11:13.078Z,DIAL_ATTEMPT_START,16Uiu2HAmNs4yvsSNfC5Jkp5375nxh69goxzHNu81goywrr9ezRxV,,,,,,,,,,,,,,,,,,,3459.0,,,,1767816673078.0,,,,,,,,,,,,,,,,,,,,,,,,,,,,,,,,,,,,,,,,,,,,,,,,,,,,,,,,,2026-01-07 20:11:13.078000+00:00,
2026-01-07T20:11:13.078Z,DISCOVERY_DIAL_DECISION,16Uiu2HAmNs4yvsSNfC5Jkp5375nxh69goxzHNu81goywrr9ezRxV,,,,,,,,,,,,,,,,,,,,,,,,2.0,0.0,,attempt_dial,,,,,,,,,,,,,,,,,,,,,,,,,,,,,,,,,,,,,,,,,,,,,,,,,,,,,2026-01-07 20:11:13.078000+00:00,
2026-01-07T20:11:13.149Z,DIAL_FAILURE,16Uiu2HAmNs4yvsSNfC5Jkp5375nxh69goxzHNu81goywrr9ezRxV,,,,,,,,,,,,,,,,,,,,,,,,,,,,unexpected end of input,71.0,,,,,,,,,,,,,,,,,,,,,,,,,,,,,,,,,,,,,,,,,,,,,,,,,,,2026-01-07 20:11:13.149000+00:00,
2026-01-07T20:11:13.199Z,DIAL_CHECK_START,16Uiu2HAmNs4yvsSNfC5Jkp5375nxh69goxzHNu81goywrr9ezRxV,,,,,,,,,,,,,,,,,,,,,,,,2.0,0.0,3458.0,,,,,,,,,,,,,,,,,,,,,,,,,,,,,,,,,,,,,,,,,,,,,,,,,,,,,,2026-01-07 20:11:13.199000+00:00,
2026-01-07T20:11:13.199Z,DIAL_ATTEMPT_START,16Uiu2HAmNs4yvsSNfC5Jkp5375nxh69goxzHNu81goywrr9ezRxV,,,,,,,,,,,,,,,,,,,3458.0,,,,1767816673199.0,,,,,,,,,,,,,,,,,,,,,,,,,,,,,,,,,,,,,,,,,,,,,,,,,,,,,,,,,2026-01-07 20:11:13.199000+00:00,
2026-01-07T20:11:13.199Z,DISCOVERY_DIAL_DECISION,16Uiu2HAmNs4yvsSNfC5Jkp5375nxh69goxzHNu81goywrr9ezRxV,,,,,,,,,,,,,,,,,,,,,,,,2.0,0.0,,attempt_dial,,,,,,,,,,,,,,,,,,,,,,,,,,,,,,,,,,,,,,,,,,,,,,,,,,,,,2026-01-07 20:11:13.199000+00:00,
2026-01-07T20:11:13.270Z,DIAL_FAILURE,16Uiu2HAmNs4yvsSNfC5Jkp5375nxh69goxzHNu81goywrr9ezRxV,,,,,,,,,,,,,,,,,,,,,,,,,,,,unexpected end of input,71.0,,,,,,,,,,,,,,,,,,,,,,,,,,,,,,,,,,,,,,,,,,,,,,,,,,,2026-01-07 20:11:13.270000+00:00,
2026-01-07T20:11:13.330Z,DIAL_SUCCESS,16Uiu2HAmAy9F8vBW3LAyXVSk71D9psw4pWLebUyyZEbuJxSDDUM2,,,,,,,,,,,,,,,,,,,,,,,,,,,,,278.0,,,,,,,,,,,,,,,,,,,,,,,,,,,,,,,,,,,,,,,,,,,,,,,,,,,2026-01-07 20:11:13.330000+00:00,
2026-01-07T20:11:17.628Z,DIAL_CHECK_START,16Uiu2HAmNs4yvsSNfC5Jkp5375nxh69goxzHNu81goywrr9ezRxV,,,,,,,,,,,,,,,,,,,,,,,,2.0,0.0,3457.0,,,,,,,,,,,,,,,,,,,,,,,,,,,,,,,,,,,,,,,,,,,,,,,,,,,,,,2026-01-07 20:11:17.628000+00:00,
2026-01-07T20:11:17.628Z,DIAL_ATTEMPT_START,16Uiu2HAmNs4yvsSNfC5Jkp5375nxh69goxzHNu81goywrr9ezRxV,,,,,,,,,,,,,,,,,,,3457.0,,,,1767816677628.0,,,,,,,,,,,,,,,,,,,,,,,,,,,,,,,,,,,,,,,,,,,,,,,,,,,,,,,,,2026-01-07 20:11:17.628000+00:00,
2026-01-07T20:11:17.628Z,DISCOVERY_DIAL_DECISION,16Uiu2HAmNs4yvsSNfC5Jkp5375nxh69goxzHNu81goywrr9ezRxV,,,,,,,,,,,,,,,,,,,,,,,,2.0,0.0,,attempt_dial,,,,,,,,,,,,,,,,,,,,,,,,,,,,,,,,,,,,,,,,,,,,,,,,,,,,,2026-01-07 20:11:17.628000+00:00,
2026-01-07T20:11:17.700Z,DIAL_FAILURE,16Uiu2HAmNs4yvsSNfC5Jkp5375nxh69goxzHNu81goywrr9ezRxV,,,,,,,,,,,,,,,,,,,,,,,,,,,,read ECONNRESET,72.0,,,,,,,,,,,,,,,,,,,,,,,,,,,,,,,,,,,,,,,,,,,,,,,,,,,2026-01-07 20:11:17.700000+00:00,
2026-01-07T20:11:18.077Z,DIAL_CHECK_START,16Uiu2HAmNs4yvsSNfC5Jkp5375nxh69goxzHNu81goywrr9ezRxV,,,,,,,,,,,,,,,,,,,,,,,,2.0,0.0,3456.0,,,,,,,,,,,,,,,,,,,,,,,,,,,,,,,,,,,,,,,,,,,,,,,,,,,,,,2026-01-07 20:11:18.077000+00:00,
2026-01-07T20:11:18.077Z,DIAL_ATTEMPT_START,16Uiu2HAmNs4yvsSNfC5Jkp5375nxh69goxzHNu81goywrr9ezRxV,,,,,,,,,,,,,,,,,,,3456.0,,,,1767816678077.0,,,,,,,,,,,,,,,,,,,,,,,,,,,,,,,,,,,,,,,,,,,,,,,,,,,,,,,,,2026-01-07 20:11:18.077000+00:00,
2026-01-07T20:11:18.077Z,DISCOVERY_DIAL_DECISION,16Uiu2HAmNs4yvsSNfC5Jkp5375nxh69goxzHNu81goywrr9ezRxV,,,,,,,,,,,,,,,,,,,,,,,,2.0,0.0,,attempt_dial,,,,,,,,,,,,,,,,,,,,,,,,,,,,,,,,,,,,,,,,,,,,,,,,,,,,,2026-01-07 20:11:18.077000+00:00,
2026-01-07T20:11:18.143Z,DIAL_FAILURE,16Uiu2HAmNs4yvsSNfC5Jkp5375nxh69goxzHNu81goywrr9ezRxV,,,,,,,,,,,,,,,,,,,,,,,,,,,,unexpected end of input,66.0,,,,,,,,,,,,,,,,,,,,,,,,,,,,,,,,,,,,,,,,,,,,,,,,,,,2026-01-07 20:11:18.143000+00:00,
2026-01-07T20:11:18.329Z,DIAL_CHECK_START,16Uiu2HAmNs4yvsSNfC5Jkp5375nxh69goxzHNu81goywrr9ezRxV,,,,,,,,,,,,,,,,,,,,,,,,2.0,0.0,3455.0,,,,,,,,,,,,,,,,,,,,,,,,,,,,,,,,,,,,,,,,,,,,,,,,,,,,,,2026-01-07 20:11:18.329000+00:00,
2026-01-07T20:11:18.329Z,DIAL_ATTEMPT_START,16Uiu2HAmNs4yvsSNfC5Jkp5375nxh69goxzHNu81goywrr9ezRxV,,,,,,,,,,,,,,,,,,,3455.0,,,,1767816678329.0,,,,,,,,,,,,,,,,,,,,,,,,,,,,,,,,,,,,,,,,,,,,,,,,,,,,,,,,,2026-01-07 20:11:18.329000+00:00,
2026-01-07T20:11:18.329Z,DISCOVERY_DIAL_DECISION,16Uiu2HAmNs4yvsSNfC5Jkp5375nxh69goxzHNu81goywrr9ezRxV,,,,,,,,,,,,,,,,,,,,,,,,2.0,0.0,,attempt_dial,,,,,,,,,,,,,,,,,,,,,,,,,,,,,,,,,,,,,,,,,,,,,,,,,,,,,2026-01-07 20:11:18.329000+00:00,
2026-01-07T20:11:18.395Z,DIAL_FAILURE,16Uiu2HAmNs4yvsSNfC5Jkp5375nxh69goxzHNu81goywrr9ezRxV,,,,,,,,,,,,,,,,,,,,,,,,,,,,unexpected end of input,66.0,,,,,,,,,,,,,,,,,,,,,,,,,,,,,,,,,,,,,,,,,,,,,,,,,,,2026-01-07 20:11:18.395000+00:00,
2026-01-07T20:11:18.433Z,DIAL_CHECK_START,16Uiu2HAmNs4yvsSNfC5Jkp5375nxh69goxzHNu81goywrr9ezRxV,,,,,,,,,,,,,,,,,,,,,,,,2.0,0.0,3454.0,,,,,,,,,,,,,,,,,,,,,,,,,,,,,,,,,,,,,,,,,,,,,,,,,,,,,,2026-01-07 20:11:18.433000+00:00,
2026-01-07T20:11:18.434Z,DIAL_ATTEMPT_START,16Uiu2HAmNs4yvsSNfC5Jkp5375nxh69goxzHNu81goywrr9ezRxV,,,,,,,,,,,,,,,,,,,3454.0,,,,1767816678434.0,,,,,,,,,,,,,,,,,,,,,,,,,,,,,,,,,,,,,,,,,,,,,,,,,,,,,,,,,2026-01-07 20:11:18.434000+00:00,
2026-01-07T20:11:18.434Z,DISCOVERY_DIAL_DECISION,16Uiu2HAmNs4yvsSNfC5Jkp5375nxh69goxzHNu81goywrr9ezRxV,,,,,,,,,,,,,,,,,,,,,,,,2.0,0.0,,attempt_dial,,,,,,,,,,,,,,,,,,,,,,,,,,,,,,,,,,,,,,,,,,,,,,,,,,,,,2026-01-07 20:11:18.434000+00:00,
2026-01-07T20:11:18.505Z,DIAL_FAILURE,16Uiu2HAmNs4yvsSNfC5Jkp5375nxh69goxzHNu81goywrr9ezRxV,,,,,,,,,,,,,,,,,,,,,,,,,,,,unexpected end of input,71.0,,,,,,,,,,,,,,,,,,,,,,,,,,,,,,,,,,,,,,,,,,,,,,,,,,,2026-01-07 20:11:18.505000+00:00,
2026-01-07T20:11:18.556Z,DIAL_CHECK_START,16Uiu2HAmNs4yvsSNfC5Jkp5375nxh69goxzHNu81goywrr9ezRxV,,,,,,,,,,,,,,,,,,,,,,,,2.0,0.0,3453.0,,,,,,,,,,,,,,,,,,,,,,,,,,,,,,,,,,,,,,,,,,,,,,,,,,,,,,2026-01-07 20:11:18.556000+00:00,
2026-01-07T20:11:18.556Z,DIAL_ATTEMPT_START,16Uiu2HAmNs4yvsSNfC5Jkp5375nxh69goxzHNu81goywrr9ezRxV,,,,,,,,,,,,,,,,,,,3453.0,,,,1767816678556.0,,,,,,,,,,,,,,,,,,,,,,,,,,,,,,,,,,,,,,,,,,,,,,,,,,,,,,,,,2026-01-07 20:11:18.556000+00:00,
2026-01-07T20:11:18.556Z,DISCOVERY_DIAL_DECISION,16Uiu2HAmNs4yvsSNfC5Jkp5375nxh69goxzHNu81goywrr9ezRxV,,,,,,,,,,,,,,,,,,,,,,,,2.0,0.0,,attempt_dial,,,,,,,,,,,,,,,,,,,,,,,,,,,,,,,,,,,,,,,,,,,,,,,,,,,,,2026-01-07 20:11:18.556000+00:00,
2026-01-07T20:11:18.628Z,DIAL_FAILURE,16Uiu2HAmNs4yvsSNfC5Jkp5375nxh69goxzHNu81goywrr9ezRxV,,,,,,,,,,,,,,,,,,,,,,,,,,,,unexpected end of input,72.0,,,,,,,,,,,,,,,,,,,,,,,,,,,,,,,,,,,,,,,,,,,,,,,,,,,2026-01-07 20:11:18.628000+00:00,
2026-01-07T20:11:19.010Z,DIAL_CHECK_START,16Uiu2HAmDVBceFiyGYcJCiWeLDBRasG9uGxNmHKB2Bt4N4Bo8VF1,,,,,,,,,,,,,,,,,,,,,,,,2.0,0.0,3452.0,,,,,,,,,,,,,,,,,,,,,,,,,,,,,,,,,,,,,,,,,,,,,,,,,,,,,,2026-01-07 20:11:19.010000+00:00,
2026-01-07T20:11:19.010Z,DIAL_ATTEMPT_START,16Uiu2HAmDVBceFiyGYcJCiWeLDBRasG9uGxNmHKB2Bt4N4Bo8VF1,,,,,,,,,,,,,,,,,,,3452.0,,,,1767816679010.0,,,,,,,,,,,,,,,,,,,,,,,,,,,,,,,,,,,,,,,,,,,,,,,,,,,,,,,,,2026-01-07 20:11:19.010000+00:00,
2026-01-07T20:11:19.010Z,DISCOVERY_DIAL_DECISION,16Uiu2HAmDVBceFiyGYcJCiWeLDBRasG9uGxNmHKB2Bt4N4Bo8VF1,,,,,,,,,,,,,,,,,,,,,,,,2.0,0.0,,attempt_dial,,,,,,,,,,,,,,,,,,,,,,,,,,,,,,,,,,,,,,,,,,,,,,,,,,,,,2026-01-07 20:11:19.010000+00:00,
2026-01-07T20:11:19.011Z,DIAL_CHECK_START,16Uiu2HAmDVBceFiyGYcJCiWeLDBRasG9uGxNmHKB2Bt4N4Bo8VF1,,,,,,,,,,,,,,,,,,,,,,,,0.0,0.0,3451.0,,,,,,,,,,,,,,,,,,,,,,,,,,,,,,,,,,,,,,,,,,,,,,,,,,,,,,2026-01-07 20:11:19.011000+00:00,
2026-01-07T20:11:19.011Z,DIAL_ATTEMPT_START,16Uiu2HAmDVBceFiyGYcJCiWeLDBRasG9uGxNmHKB2Bt4N4Bo8VF1,,,,,,,,,,,,,,,,,,,3451.0,,,,1767816679011.0,,,,,,,,,,,,,,,,,,,,,,,,,,,,,,,,,,,,,,,,,,,,,,,,,,,,,,,,,2026-01-07 20:11:19.011000+00:00,
2026-01-07T20:11:19.011Z,DISCOVERY_DIAL_DECISION,16Uiu2HAmDVBceFiyGYcJCiWeLDBRasG9uGxNmHKB2Bt4N4Bo8VF1,,,,,,,,,,,,,,,,,,,,,,,,0.0,0.0,,attempt_dial,,,,,,,,,,,,,,,,,,,,,,,,,,,,,,,,,,,,,,,,,,,,,,,,,,,,,2026-01-07 20:11:19.011000+00:00,
2026-01-07T20:11:21.856Z,DIAL_CHECK_START,16Uiu2HAmNs4yvsSNfC5Jkp5375nxh69goxzHNu81goywrr9ezRxV,,,,,,,,,,,,,,,,,,,,,,,,2.0,0.0,3450.0,,,,,,,,,,,,,,,,,,,,,,,,,,,,,,,,,,,,,,,,,,,,,,,,,,,,,,2026-01-07 20:11:21.856000+00:00,
2026-01-07T20:11:21.856Z,DIAL_ATTEMPT_START,16Uiu2HAmNs4yvsSNfC5Jkp5375nxh69goxzHNu81goywrr9ezRxV,,,,,,,,,,,,,,,,,,,3450.0,,,,1767816681856.0,,,,,,,,,,,,,,,,,,,,,,,,,,,,,,,,,,,,,,,,,,,,,,,,,,,,,,,,,2026-01-07 20:11:21.856000+00:00,
2026-01-07T20:11:21.856Z,DISCOVERY_DIAL_DECISION,16Uiu2HAmNs4yvsSNfC5Jkp5375nxh69goxzHNu81goywrr9ezRxV,,,,,,,,,,,,,,,,,,,,,,,,2.0,0.0,,attempt_dial,,,,,,,,,,,,,,,,,,,,,,,,,,,,,,,,,,,,,,,,,,,,,,,,,,,,,2026-01-07 20:11:21.856000+00:00,
2026-01-07T20:11:21.979Z,DIAL_SUCCESS,16Uiu2HAmNs4yvsSNfC5Jkp5375nxh69goxzHNu81goywrr9ezRxV,,,,,,,,,,,,,,,,,,,,,,,,,,,,,123.0,,,,,,,,,,,,,,,,,,,,,,,,,,,,,,,,,,,,,,,,,,,,,,,,,,,2026-01-07 20:11:21.979000+00:00,
2026-01-07T20:11:26.093Z,HEARTBEAT_DISCOVERY_NEEDED,unknown,,,,,,,,188.0,0.0,none,2.0,0.0,0.0,NO,0.0,1.0,9340257.0,9340256.0,,,,,,,,,,,,,,,,,,,,,,,,,,,,,,,,,,,,,,,,,,,,,,,,,,,,,,,,,,,,,,2026-01-07 20:11:26.093000+00:00,
2026-01-07T20:11:26.093Z,DISCOVERY_START,discovery,,,,,,,,,,,,,,,,,,,188.0,,2.0,,,,,,,,,,,,,,,,,,,,,,,,,,,,,,,,,,,,,,,,,,,,,,,,,,,,,,,,,,,2026-01-07 20:11:26.093000+00:00,
2026-01-07T20:11:38.174Z,DIAL_CHECK_START,16Uiu2HAm7xXhjz9no2JFdetQGA3UdxFwySokEXLUnGHdQMVfQq1G,,,,,,,,,,,,,,,,,,,,,,,,2.0,0.0,3637.0,,,,,,,,,,,,,,,,,,,,,,,,,,,,,,,,,,,,,,,,,,,,,,,,,,,,,,2026-01-07 20:11:38.174000+00:00,
2026-01-07T20:11:38.174Z,DIAL_ATTEMPT_START,16Uiu2HAm7xXhjz9no2JFdetQGA3UdxFwySokEXLUnGHdQMVfQq1G,,,,,,,,,,,,,,,,,,,3637.0,,,,1767816698174.0,,,,,,,,,,,,,,,,,,,,,,,,,,,,,,,,,,,,,,,,,,,,,,,,,,,,,,,,,2026-01-07 20:11:38.174000+00:00,
2026-01-07T20:11:38.174Z,DISCOVERY_DIAL_DECISION,16Uiu2HAm7xXhjz9no2JFdetQGA3UdxFwySokEXLUnGHdQMVfQq1G,,,,,,,,,,,,,,,,,,,,,,,,2.0,0.0,,attempt_dial,,,,,,,,,,,,,,,,,,,,,,,,,,,,,,,,,,,,,,,,,,,,,,,,,,,,,2026-01-07 20:11:38.174000+00:00,
2026-01-07T20:11:38.340Z,DIAL_SUCCESS,16Uiu2HAm7xXhjz9no2JFdetQGA3UdxFwySokEXLUnGHdQMVfQq1G,,,,,,,,,,,,,,,,,,,,,,,,,,,,,166.0,,,,,,,,,,,,,,,,,,,,,,,,,,,,,,,,,,,,,,,,,,,,,,,,,,,2026-01-07 20:11:38.340000+00:00,
2026-01-07T20:11:39.363Z,DIAL_CHECK_START,16Uiu2HAmN5uMW6mwQeSGbBZ8rPDgYdWhfEXir5XAUCqnpkNYx2uV,,,,,,,,,,,,,,,,,,,,,,,,2.0,0.0,3636.0,,,,,,,,,,,,,,,,,,,,,,,,,,,,,,,,,,,,,,,,,,,,,,,,,,,,,,2026-01-07 20:11:39.363000+00:00,
2026-01-07T20:11:39.363Z,DIAL_ATTEMPT_START,16Uiu2HAmN5uMW6mwQeSGbBZ8rPDgYdWhfEXir5XAUCqnpkNYx2uV,,,,,,,,,,,,,,,,,,,3636.0,,,,1767816699363.0,,,,,,,,,,,,,,,,,,,,,,,,,,,,,,,,,,,,,,,,,,,,,,,,,,,,,,,,,2026-01-07 20:11:39.363000+00:00,
2026-01-07T20:11:39.363Z,DISCOVERY_DIAL_DECISION,16Uiu2HAmN5uMW6mwQeSGbBZ8rPDgYdWhfEXir5XAUCqnpkNYx2uV,,,,,,,,,,,,,,,,,,,,,,,,2.0,0.0,,attempt_dial,,,,,,,,,,,,,,,,,,,,,,,,,,,,,,,,,,,,,,,,,,,,,,,,,,,,,2026-01-07 20:11:39.363000+00:00,
2026-01-07T20:11:39.493Z,DIAL_CHECK_START,16Uiu2HAkw6iknoBUWWYMSZxEthVEniphwcJZxYpLioBQ4wc5wj4m,,,,,,,,,,,,,,,,,,,,,,,,2.0,0.0,3635.0,,,,,,,,,,,,,,,,,,,,,,,,,,,,,,,,,,,,,,,,,,,,,,,,,,,,,,2026-01-07 20:11:39.493000+00:00,
2026-01-07T20:11:39.493Z,DIAL_ATTEMPT_START,16Uiu2HAkw6iknoBUWWYMSZxEthVEniphwcJZxYpLioBQ4wc5wj4m,,,,,,,,,,,,,,,,,,,3635.0,,,,1767816699493.0,,,,,,,,,,,,,,,,,,,,,,,,,,,,,,,,,,,,,,,,,,,,,,,,,,,,,,,,,2026-01-07 20:11:39.493000+00:00,
2026-01-07T20:11:39.493Z,DISCOVERY_DIAL_DECISION,16Uiu2HAkw6iknoBUWWYMSZxEthVEniphwcJZxYpLioBQ4wc5wj4m,,,,,,,,,,,,,,,,,,,,,,,,2.0,0.0,,attempt_dial,,,,,,,,,,,,,,,,,,,,,,,,,,,,,,,,,,,,,,,,,,,,,,,,,,,,,2026-01-07 20:11:39.493000+00:00,
2026-01-07T20:11:39.955Z,DIAL_CHECK_START,16Uiu2HAmG1dfizGU24eHpH6A4srCgvg21XaKYFA421TojggamQjw,,,,,,,,,,,,,,,,,,,,,,,,2.0,0.0,3634.0,,,,,,,,,,,,,,,,,,,,,,,,,,,,,,,,,,,,,,,,,,,,,,,,,,,,,,2026-01-07 20:11:39.955000+00:00,
2026-01-07T20:11:39.955Z,DIAL_ATTEMPT_START,16Uiu2HAmG1dfizGU24eHpH6A4srCgvg21XaKYFA421TojggamQjw,,,,,,,,,,,,,,,,,,,3634.0,,,,1767816699955.0,,,,,,,,,,,,,,,,,,,,,,,,,,,,,,,,,,,,,,,,,,,,,,,,,,,,,,,,,2026-01-07 20:11:39.955000+00:00,
2026-01-07T20:11:39.955Z,DISCOVERY_DIAL_DECISION,16Uiu2HAmG1dfizGU24eHpH6A4srCgvg21XaKYFA421TojggamQjw,,,,,,,,,,,,,,,,,,,,,,,,2.0,0.0,,attempt_dial,,,,,,,,,,,,,,,,,,,,,,,,,,,,,,,,,,,,,,,,,,,,,,,,,,,,,2026-01-07 20:11:39.955000+00:00,
2026-01-07T20:11:40.024Z,DIAL_SUCCESS,16Uiu2HAkw6iknoBUWWYMSZxEthVEniphwcJZxYpLioBQ4wc5wj4m,,,,,,,,,,,,,,,,,,,,,,,,,,,,,531.0,,,,,,,,,,,,,,,,,,,,,,,,,,,,,,,,,,,,,,,,,,,,,,,,,,,2026-01-07 20:11:40.024000+00:00,
2026-01-07T20:11:41.594Z,DIAL_CHECK_START,16Uiu2HAkw6iknoBUWWYMSZxEthVEniphwcJZxYpLioBQ4wc5wj4m,,,,,,,,,,,,,,,,,,,,,,,,2.0,0.0,3633.0,,,,,,,,,,,,,,,,,,,,,,,,,,,,,,,,,,,,,,,,,,,,,,,,,,,,,,2026-01-07 20:11:41.594000+00:00,
2026-01-07T20:11:41.594Z,DIAL_ATTEMPT_START,16Uiu2HAkw6iknoBUWWYMSZxEthVEniphwcJZxYpLioBQ4wc5wj4m,,,,,,,,,,,,,,,,,,,3633.0,,,,1767816701594.0,,,,,,,,,,,,,,,,,,,,,,,,,,,,,,,,,,,,,,,,,,,,,,,,,,,,,,,,,2026-01-07 20:11:41.594000+00:00,
2026-01-07T20:11:41.595Z,DISCOVERY_DIAL_DECISION,16Uiu2HAkw6iknoBUWWYMSZxEthVEniphwcJZxYpLioBQ4wc5wj4m,,,,,,,,,,,,,,,,,,,,,,,,2.0,0.0,,attempt_dial,,,,,,,,,,,,,,,,,,,,,,,,,,,,,,,,,,,,,,,,,,,,,,,,,,,,,2026-01-07 20:11:41.595000+00:00,
2026-01-07T20:11:42.034Z,DIAL_CHECK_START,16Uiu2HAkw9MSrYKw7128rRCykVXUxaRxZrGggpdKjN9tELMZz1S8,,,,,,,,,,,,,,,,,,,,,,,,2.0,0.0,3632.0,,,,,,,,,,,,,,,,,,,,,,,,,,,,,,,,,,,,,,,,,,,,,,,,,,,,,,2026-01-07 20:11:42.034000+00:00,
2026-01-07T20:11:42.034Z,DIAL_ATTEMPT_START,16Uiu2HAkw9MSrYKw7128rRCykVXUxaRxZrGggpdKjN9tELMZz1S8,,,,,,,,,,,,,,,,,,,3632.0,,,,1767816702034.0,,,,,,,,,,,,,,,,,,,,,,,,,,,,,,,,,,,,,,,,,,,,,,,,,,,,,,,,,2026-01-07 20:11:42.034000+00:00,
2026-01-07T20:11:42.034Z,DISCOVERY_DIAL_DECISION,16Uiu2HAkw9MSrYKw7128rRCykVXUxaRxZrGggpdKjN9tELMZz1S8,,,,,,,,,,,,,,,,,,,,,,,,2.0,0.0,,attempt_dial,,,,,,,,,,,,,,,,,,,,,,,,,,,,,,,,,,,,,,,,,,,,,,,,,,,,,2026-01-07 20:11:42.034000+00:00,
2026-01-07T20:11:42.035Z,DIAL_CHECK_START,16Uiu2HAmMcw2xgAbDzWW1rEMWEFYcY4HHqp63jbCmQT4H6ZiLNso,,,,,,,,,,,,,,,,,,,,,,,,2.0,0.0,3631.0,,,,,,,,,,,,,,,,,,,,,,,,,,,,,,,,,,,,,,,,,,,,,,,,,,,,,,2026-01-07 20:11:42.035000+00:00,
2026-01-07T20:11:42.035Z,DIAL_ATTEMPT_START,16Uiu2HAmMcw2xgAbDzWW1rEMWEFYcY4HHqp63jbCmQT4H6ZiLNso,,,,,,,,,,,,,,,,,,,3631.0,,,,1767816702035.0,,,,,,,,,,,,,,,,,,,,,,,,,,,,,,,,,,,,,,,,,,,,,,,,,,,,,,,,,2026-01-07 20:11:42.035000+00:00,
2026-01-07T20:11:42.035Z,DISCOVERY_DIAL_DECISION,16Uiu2HAmMcw2xgAbDzWW1rEMWEFYcY4HHqp63jbCmQT4H6ZiLNso,,,,,,,,,,,,,,,,,,,,,,,,2.0,0.0,,attempt_dial,,,,,,,,,,,,,,,,,,,,,,,,,,,,,,,,,,,,,,,,,,,,,,,,,,,,,2026-01-07 20:11:42.035000+00:00,
2026-01-07T20:11:42.125Z,DIAL_SUCCESS,16Uiu2HAkw6iknoBUWWYMSZxEthVEniphwcJZxYpLioBQ4wc5wj4m,,,,,,,,,,,,,,,,,,,,,,,,,,,,,531.0,,,,,,,,,,,,,,,,,,,,,,,,,,,,,,,,,,,,,,,,,,,,,,,,,,,2026-01-07 20:11:42.125000+00:00,
2026-01-07T20:11:42.201Z,DIAL_SUCCESS,16Uiu2HAmMcw2xgAbDzWW1rEMWEFYcY4HHqp63jbCmQT4H6ZiLNso,,,,,,,,,,,,,,,,,,,,,,,,,,,,,166.0,,,,,,,,,,,,,,,,,,,,,,,,,,,,,,,,,,,,,,,,,,,,,,,,,,,2026-01-07 20:11:42.201000+00:00,
2026-01-07T20:11:42.746Z,DIAL_FAILURE,16Uiu2HAmQ3Tnt9KzkySoQCiAsv4zUJBXMCGXLR1DkLM3AU5FYc95,,,,,,,,,,,,,,,,,,,,,,,,,,,,connection error 152.53.47.180:9008: connect ETIMEDOUT 152.53.47.180:9008,134298.0,,,,,,,,,,,,,,,,,,,,,,,,,,,,,,,,,,,,,,,,,,,,,,,,,,,2026-01-07 20:11:42.746000+00:00,
2026-01-07T20:11:44.851Z,DIAL_CHECK_START,16Uiu2HAm3u5yZFP7jgnnE8oHEokTS1vAuCd6Jf1m4faLo6DTbpmK,,,,,,,,,,,,,,,,,,,,,,,,2.0,0.0,3630.0,,,,,,,,,,,,,,,,,,,,,,,,,,,,,,,,,,,,,,,,,,,,,,,,,,,,,,2026-01-07 20:11:44.851000+00:00,
2026-01-07T20:11:44.851Z,DIAL_ATTEMPT_START,16Uiu2HAm3u5yZFP7jgnnE8oHEokTS1vAuCd6Jf1m4faLo6DTbpmK,,,,,,,,,,,,,,,,,,,3630.0,,,,1767816704851.0,,,,,,,,,,,,,,,,,,,,,,,,,,,,,,,,,,,,,,,,,,,,,,,,,,,,,,,,,2026-01-07 20:11:44.851000+00:00,
2026-01-07T20:11:44.851Z,DISCOVERY_DIAL_DECISION,16Uiu2HAm3u5yZFP7jgnnE8oHEokTS1vAuCd6Jf1m4faLo6DTbpmK,,,,,,,,,,,,,,,,,,,,,,,,2.0,0.0,,attempt_dial,,,,,,,,,,,,,,,,,,,,,,,,,,,,,,,,,,,,,,,,,,,,,,,,,,,,,2026-01-07 20:11:44.851000+00:00,
2026-01-07T20:11:44.992Z,DIAL_SUCCESS,16Uiu2HAm3u5yZFP7jgnnE8oHEokTS1vAuCd6Jf1m4faLo6DTbpmK,,,,,,,,,,,,,,,,,,,,,,,,,,,,,141.0,,,,,,,,,,,,,,,,,,,,,,,,,,,,,,,,,,,,,,,,,,,,,,,,,,,2026-01-07 20:11:44.992000+00:00,
2026-01-07T20:11:46.780Z,DIAL_CHECK_START,16Uiu2HAmTmFrBfiBqc8K3n9N92hM1ywb8wzbgtJ3B6qFGJysg918,,,,,,,,,,,,,,,,,,,,,,,,34.0,4.0,3629.0,,,,,,,,,,,,,,,,,,,,,,,,,,,,,,,,,,,,,,,,,,,,,,,,,,,,,,2026-01-07 20:11:46.780000+00:00,
2026-01-07T20:11:46.780Z,DIAL_ATTEMPT_START,16Uiu2HAmTmFrBfiBqc8K3n9N92hM1ywb8wzbgtJ3B6qFGJysg918,,,,,,,,,,,,,,,,,,,3629.0,,,,1767816706780.0,,,,,,,,,,,,,,,,,,,,,,,,,,,,,,,,,,,,,,,,,,,,,,,,,,,,,,,,,2026-01-07 20:11:46.780000+00:00,
2026-01-07T20:11:46.780Z,DISCOVERY_DIAL_DECISION,16Uiu2HAmTmFrBfiBqc8K3n9N92hM1ywb8wzbgtJ3B6qFGJysg918,,,,,,,,,,,,,,,,,,,,,,,,34.0,4.0,,attempt_dial,,,,,,,,,,,,,,,,,,,,,,,,,,,,,,,,,,,,,,,,,,,,,,,,,,,,,2026-01-07 20:11:46.780000+00:00,
2026-01-07T20:11:46.926Z,DIAL_SUCCESS,16Uiu2HAmTmFrBfiBqc8K3n9N92hM1ywb8wzbgtJ3B6qFGJysg918,,,,,,,,,,,,,,,,,,,,,,,,,,,,,146.0,,,,,,,,,,,,,,,,,,,,,,,,,,,,,,,,,,,,,,,,,,,,,,,,,,,2026-01-07 20:11:46.926000+00:00,
2026-01-07T20:11:47.623Z,DIAL_CHECK_START,16Uiu2HAkxocuT6N3UrrGTC7Bze2sgKaruL9nTdAyjgjXdfk841yt,,,,,,,,,,,,,,,,,,,,,,,,2.0,0.0,3628.0,,,,,,,,,,,,,,,,,,,,,,,,,,,,,,,,,,,,,,,,,,,,,,,,,,,,,,2026-01-07 20:11:47.623000+00:00,
2026-01-07T20:11:47.623Z,DIAL_ATTEMPT_START,16Uiu2HAkxocuT6N3UrrGTC7Bze2sgKaruL9nTdAyjgjXdfk841yt,,,,,,,,,,,,,,,,,,,3628.0,,,,1767816707623.0,,,,,,,,,,,,,,,,,,,,,,,,,,,,,,,,,,,,,,,,,,,,,,,,,,,,,,,,,2026-01-07 20:11:47.623000+00:00,
2026-01-07T20:11:47.623Z,DISCOVERY_DIAL_DECISION,16Uiu2HAkxocuT6N3UrrGTC7Bze2sgKaruL9nTdAyjgjXdfk841yt,,,,,,,,,,,,,,,,,,,,,,,,2.0,0.0,,attempt_dial,,,,,,,,,,,,,,,,,,,,,,,,,,,,,,,,,,,,,,,,,,,,,,,,,,,,,2026-01-07 20:11:47.623000+00:00,
2026-01-07T20:11:48.168Z,DIAL_SUCCESS,16Uiu2HAkxocuT6N3UrrGTC7Bze2sgKaruL9nTdAyjgjXdfk841yt,,,,,,,,,,,,,,,,,,,,,,,,,,,,,545.0,,,,,,,,,,,,,,,,,,,,,,,,,,,,,,,,,,,,,,,,,,,,,,,,,,,2026-01-07 20:11:48.168000+00:00,
2026-01-07T20:11:48.536Z,DIAL_CHECK_START,16Uiu2HAmMmZcJdHYxisZ7zG5fdENCAHMEVgoH91T7NN4RP4sSGTw,,,,,,,,,,,,,,,,,,,,,,,,2.0,0.0,3627.0,,,,,,,,,,,,,,,,,,,,,,,,,,,,,,,,,,,,,,,,,,,,,,,,,,,,,,2026-01-07 20:11:48.536000+00:00,
2026-01-07T20:11:48.536Z,DIAL_ATTEMPT_START,16Uiu2HAmMmZcJdHYxisZ7zG5fdENCAHMEVgoH91T7NN4RP4sSGTw,,,,,,,,,,,,,,,,,,,3627.0,,,,1767816708536.0,,,,,,,,,,,,,,,,,,,,,,,,,,,,,,,,,,,,,,,,,,,,,,,,,,,,,,,,,2026-01-07 20:11:48.536000+00:00,
2026-01-07T20:11:48.536Z,DISCOVERY_DIAL_DECISION,16Uiu2HAmMmZcJdHYxisZ7zG5fdENCAHMEVgoH91T7NN4RP4sSGTw,,,,,,,,,,,,,,,,,,,,,,,,2.0,0.0,,attempt_dial,,,,,,,,,,,,,,,,,,,,,,,,,,,,,,,,,,,,,,,,,,,,,,,,,,,,,2026-01-07 20:11:48.536000+00:00,
2026-01-07T20:11:54.918Z,DIAL_CHECK_START,16Uiu2HAm99XNJ1VpsSQF7tfamKh41aWbn38U73yQugj1MmcZrges,,,,,,,,,,,,,,,,,,,,,,,,2.0,0.0,3626.0,,,,,,,,,,,,,,,,,,,,,,,,,,,,,,,,,,,,,,,,,,,,,,,,,,,,,,2026-01-07 20:11:54.918000+00:00,
2026-01-07T20:11:54.918Z,DIAL_ATTEMPT_START,16Uiu2HAm99XNJ1VpsSQF7tfamKh41aWbn38U73yQugj1MmcZrges,,,,,,,,,,,,,,,,,,,3626.0,,,,1767816714918.0,,,,,,,,,,,,,,,,,,,,,,,,,,,,,,,,,,,,,,,,,,,,,,,,,,,,,,,,,2026-01-07 20:11:54.918000+00:00,
2026-01-07T20:11:54.918Z,DISCOVERY_DIAL_DECISION,16Uiu2HAm99XNJ1VpsSQF7tfamKh41aWbn38U73yQugj1MmcZrges,,,,,,,,,,,,,,,,,,,,,,,,2.0,0.0,,attempt_dial,,,,,,,,,,,,,,,,,,,,,,,,,,,,,,,,,,,,,,,,,,,,,,,,,,,,,2026-01-07 20:11:54.918000+00:00,
2026-01-07T20:11:54.919Z,DIAL_CHECK_START,16Uiu2HAmCuaWcokQ39CQVk7Zi69wE3QkqbtkgS7de1HkcK95JTzt,,,,,,,,,,,,,,,,,,,,,,,,2.0,0.0,3625.0,,,,,,,,,,,,,,,,,,,,,,,,,,,,,,,,,,,,,,,,,,,,,,,,,,,,,,2026-01-07 20:11:54.919000+00:00,
2026-01-07T20:11:54.919Z,DIAL_ATTEMPT_START,16Uiu2HAmCuaWcokQ39CQVk7Zi69wE3QkqbtkgS7de1HkcK95JTzt,,,,,,,,,,,,,,,,,,,3625.0,,,,1767816714919.0,,,,,,,,,,,,,,,,,,,,,,,,,,,,,,,,,,,,,,,,,,,,,,,,,,,,,,,,,2026-01-07 20:11:54.919000+00:00,
2026-01-07T20:11:54.919Z,DISCOVERY_DIAL_DECISION,16Uiu2HAmCuaWcokQ39CQVk7Zi69wE3QkqbtkgS7de1HkcK95JTzt,,,,,,,,,,,,,,,,,,,,,,,,2.0,0.0,,attempt_dial,,,,,,,,,,,,,,,,,,,,,,,,,,,,,,,,,,,,,,,,,,,,,,,,,,,,,2026-01-07 20:11:54.919000+00:00,
2026-01-07T20:11:55.425Z,DIAL_SUCCESS,16Uiu2HAm99XNJ1VpsSQF7tfamKh41aWbn38U73yQugj1MmcZrges,,,,,,,,,,,,,,,,,,,,,,,,,,,,,507.0,,,,,,,,,,,,,,,,,,,,,,,,,,,,,,,,,,,,,,,,,,,,,,,,,,,2026-01-07 20:11:55.425000+00:00,
2026-01-07T20:11:56.094Z,HEARTBEAT_DISCOVERY_NEEDED,unknown,,,,,,,,186.0,0.0,none,2.0,0.0,0.0,NO,0.0,1.0,9340259.0,9340258.0,,,,,,,,,,,,,,,,,,,,,,,,,,,,,,,,,,,,,,,,,,,,,,,,,,,,,,,,,,,,,,2026-01-07 20:11:56.094000+00:00,
2026-01-07T20:11:56.094Z,DISCOVERY_START,discovery,,,,,,,,,,,,,,,,,,,186.0,,2.0,,,,,,,,,,,,,,,,,,,,,,,,,,,,,,,,,,,,,,,,,,,,,,,,,,,,,,,,,,,2026-01-07 20:11:56.094000+00:00,
2026-01-07T20:11:56.096Z,DISCOVERY_FINDNODE_RESULT,unknown,,,,,,,,,,,,,,,,,,,,,,,,,,,,,,,,,,,,,,,,,,,,,,,,,,,,,,,,,,,,,,,,,,,16.0,60004.0,,,,,,,,,,,,2026-01-07 20:11:56.096000+00:00,
2026-01-07T20:12:03.224Z,DIAL_FAILURE,16Uiu2HAmG1GT56Jzxprbni3cEeCjHBKYAhGgGm9nRVp8F9Jx3bgF,,,,,,,,,,,,,,,,,,,,,,,,,,,,connection error 134.199.117.179:13100: connect ETIMEDOUT 134.199.117.179:13100,134865.0,,,,,,,,,,,,,,,,,,,,,,,,,,,,,,,,,,,,,,,,,,,,,,,,,,,2026-01-07 20:12:03.224000+00:00,
2026-01-07T20:12:23.709Z,DIAL_FAILURE,16Uiu2HAmUekdVNfnMwtQ27firnXVPEtscK8EG6JkMhMNQMqmkiKW,,,,,,,,,,,,,,,,,,,,,,,,,,,,connection error 23.111.181.158:13000: connect ETIMEDOUT 23.111.181.158:13000,136488.0,,,,,,,,,,,,,,,,,,,,,,,,,,,,,,,,,,,,,,,,,,,,,,,,,,,2026-01-07 20:12:23.709000+00:00,
2026-01-07T20:12:26.095Z,HEARTBEAT_DISCOVERY_NEEDED,unknown,,,,,,,,189.0,0.0,none,2.0,0.0,0.0,NO,0.0,0.0,9340262.0,9340262.0,,,,,,,,,,,,,,,,,,,,,,,,,,,,,,,,,,,,,,,,,,,,,,,,,,,,,,,,,,,,,,2026-01-07 20:12:26.095000+00:00,
2026-01-07T20:12:26.095Z,DISCOVERY_START,discovery,,,,,,,,,,,,,,,,,,,189.0,,2.0,,,,,,,,,,,,,,,,,,,,,,,,,,,,,,,,,,,,,,,,,,,,,,,,,,,,,,,,,,,2026-01-07 20:12:26.095000+00:00,
2026-01-07T20:12:26.095Z,DISCOVERY_FINDNODE_START,unknown,,,,,,,,,,,,,,,,,,,3999.0,,,0.0,1767816746095.0,,,,,,,,,,,,,,,,,,,,,,,,,,,,,,,,,,,,,,,,,,,,,,,,,,,,,,,,,2026-01-07 20:12:26.095000+00:00,
2026-01-07T20:12:26.393Z,DIAL_CHECK_START,16Uiu2HAmCbTnzhXgiY1pEfqxKbcVTi7K5BG4TsenyJwHJZxn5jjz,,,,,,,,,,,,,,,,,,,,,,,,2.0,0.0,3999.0,,,,,,,,,,,,,,,,,,,,,,,,,,,,,,,,,,,,,,,,,,,,,,,,,,,,,,2026-01-07 20:12:26.393000+00:00,
2026-01-07T20:12:26.393Z,DIAL_ATTEMPT_START,16Uiu2HAmCbTnzhXgiY1pEfqxKbcVTi7K5BG4TsenyJwHJZxn5jjz,,,,,,,,,,,,,,,,,,,3999.0,,,,1767816746393.0,,,,,,,,,,,,,,,,,,,,,,,,,,,,,,,,,,,,,,,,,,,,,,,,,,,,,,,,,2026-01-07 20:12:26.393000+00:00,
2026-01-07T20:12:26.393Z,DISCOVERY_DIAL_DECISION,16Uiu2HAmCbTnzhXgiY1pEfqxKbcVTi7K5BG4TsenyJwHJZxn5jjz,,,,,,,,,,,,,,,,,,,,,,,,2.0,0.0,,attempt_dial,,,,,,,,,,,,,,,,,,,,,,,,,,,,,,,,,,,,,,,,,,,,,,,,,,,,,2026-01-07 20:12:26.393000+00:00,
2026-01-07T20:12:26.394Z,DIAL_CHECK_START,16Uiu2HAmCbTnzhXgiY1pEfqxKbcVTi7K5BG4TsenyJwHJZxn5jjz,,,,,,,,,,,,,,,,,,,,,,,,0.0,0.0,3998.0,,,,,,,,,,,,,,,,,,,,,,,,,,,,,,,,,,,,,,,,,,,,,,,,,,,,,,2026-01-07 20:12:26.394000+00:00,
2026-01-07T20:12:26.394Z,DIAL_ATTEMPT_START,16Uiu2HAmCbTnzhXgiY1pEfqxKbcVTi7K5BG4TsenyJwHJZxn5jjz,,,,,,,,,,,,,,,,,,,3998.0,,,,1767816746394.0,,,,,,,,,,,,,,,,,,,,,,,,,,,,,,,,,,,,,,,,,,,,,,,,,,,,,,,,,2026-01-07 20:12:26.394000+00:00,
2026-01-07T20:12:26.394Z,DISCOVERY_DIAL_DECISION,16Uiu2HAmCbTnzhXgiY1pEfqxKbcVTi7K5BG4TsenyJwHJZxn5jjz,,,,,,,,,,,,,,,,,,,,,,,,0.0,0.0,,attempt_dial,,,,,,,,,,,,,,,,,,,,,,,,,,,,,,,,,,,,,,,,,,,,,,,,,,,,,2026-01-07 20:12:26.394000+00:00,
2026-01-07T20:12:26.542Z,DIAL_SUCCESS,16Uiu2HAmCbTnzhXgiY1pEfqxKbcVTi7K5BG4TsenyJwHJZxn5jjz,,,,,,,,,,,,,,,,,,,,,,,,,,,,,148.0,,,,,,,,,,,,,,,,,,,,,,,,,,,,,,,,,,,,,,,,,,,,,,,,,,,2026-01-07 20:12:26.542000+00:00,
2026-01-07T20:12:26.542Z,DIAL_SUCCESS,16Uiu2HAmCbTnzhXgiY1pEfqxKbcVTi7K5BG4TsenyJwHJZxn5jjz,,,,,,,,,,,,,,,,,,,,,,,,,,,,,149.0,,,,,,,,,,,,,,,,,,,,,,,,,,,,,,,,,,,,,,,,,,,,,,,,,,,2026-01-07 20:12:26.542000+00:00,
2026-01-07T20:12:26.905Z,DIAL_CHECK_START,16Uiu2HAmUEfgQ4g7wjbH4qH6HM4rpgrF5V2wjVocSRoFDzbYsqXe,,,,,,,,,,,,,,,,,,,,,,,,2.0,0.0,3997.0,,,,,,,,,,,,,,,,,,,,,,,,,,,,,,,,,,,,,,,,,,,,,,,,,,,,,,2026-01-07 20:12:26.905000+00:00,
2026-01-07T20:12:26.905Z,DIAL_ATTEMPT_START,16Uiu2HAmUEfgQ4g7wjbH4qH6HM4rpgrF5V2wjVocSRoFDzbYsqXe,,,,,,,,,,,,,,,,,,,3997.0,,,,1767816746905.0,,,,,,,,,,,,,,,,,,,,,,,,,,,,,,,,,,,,,,,,,,,,,,,,,,,,,,,,,2026-01-07 20:12:26.905000+00:00,
2026-01-07T20:12:26.905Z,DISCOVERY_DIAL_DECISION,16Uiu2HAmUEfgQ4g7wjbH4qH6HM4rpgrF5V2wjVocSRoFDzbYsqXe,,,,,,,,,,,,,,,,,,,,,,,,2.0,0.0,,attempt_dial,,,,,,,,,,,,,,,,,,,,,,,,,,,,,,,,,,,,,,,,,,,,,,,,,,,,,2026-01-07 20:12:26.905000+00:00,
2026-01-07T20:12:27.069Z,DIAL_SUCCESS,16Uiu2HAmUEfgQ4g7wjbH4qH6HM4rpgrF5V2wjVocSRoFDzbYsqXe,,,,,,,,,,,,,,,,,,,,,,,,,,,,,164.0,,,,,,,,,,,,,,,,,,,,,,,,,,,,,,,,,,,,,,,,,,,,,,,,,,,2026-01-07 20:12:27.069000+00:00,
2026-01-07T20:12:27.114Z,DIAL_CHECK_START,16Uiu2HAmE3oRuSxh8t4YeNVeNZc1pFt2KfUjNbGXEfDpgFPxJ2Ei,,,,,,,,,,,,,,,,,,,,,,,,2.0,0.0,3996.0,,,,,,,,,,,,,,,,,,,,,,,,,,,,,,,,,,,,,,,,,,,,,,,,,,,,,,2026-01-07 20:12:27.114000+00:00,
2026-01-07T20:12:27.114Z,DIAL_ATTEMPT_START,16Uiu2HAmE3oRuSxh8t4YeNVeNZc1pFt2KfUjNbGXEfDpgFPxJ2Ei,,,,,,,,,,,,,,,,,,,3996.0,,,,1767816747114.0,,,,,,,,,,,,,,,,,,,,,,,,,,,,,,,,,,,,,,,,,,,,,,,,,,,,,,,,,2026-01-07 20:12:27.114000+00:00,
2026-01-07T20:12:27.114Z,DISCOVERY_DIAL_DECISION,16Uiu2HAmE3oRuSxh8t4YeNVeNZc1pFt2KfUjNbGXEfDpgFPxJ2Ei,,,,,,,,,,,,,,,,,,,,,,,,2.0,0.0,,attempt_dial,,,,,,,,,,,,,,,,,,,,,,,,,,,,,,,,,,,,,,,,,,,,,,,,,,,,,2026-01-07 20:12:27.114000+00:00,
2026-01-07T20:12:27.297Z,DIAL_SUCCESS,16Uiu2HAmE3oRuSxh8t4YeNVeNZc1pFt2KfUjNbGXEfDpgFPxJ2Ei,,,,,,,,,,,,,,,,,,,,,,,,,,,,,183.0,,,,,,,,,,,,,,,,,,,,,,,,,,,,,,,,,,,,,,,,,,,,,,,,,,,2026-01-07 20:12:27.297000+00:00,
2026-01-07T20:12:27.591Z,DIAL_CHECK_START,16Uiu2HAm3Ryx2MhLdpkNMBswZ8svdBp5sMghH6MbvfevRfEDQhGQ,,,,,,,,,,,,,,,,,,,,,,,,2.0,0.0,3995.0,,,,,,,,,,,,,,,,,,,,,,,,,,,,,,,,,,,,,,,,,,,,,,,,,,,,,,2026-01-07 20:12:27.591000+00:00,
2026-01-07T20:12:27.591Z,DIAL_ATTEMPT_START,16Uiu2HAm3Ryx2MhLdpkNMBswZ8svdBp5sMghH6MbvfevRfEDQhGQ,,,,,,,,,,,,,,,,,,,3995.0,,,,1767816747591.0,,,,,,,,,,,,,,,,,,,,,,,,,,,,,,,,,,,,,,,,,,,,,,,,,,,,,,,,,2026-01-07 20:12:27.591000+00:00,
2026-01-07T20:12:27.591Z,DISCOVERY_DIAL_DECISION,16Uiu2HAm3Ryx2MhLdpkNMBswZ8svdBp5sMghH6MbvfevRfEDQhGQ,,,,,,,,,,,,,,,,,,,,,,,,2.0,0.0,,attempt_dial,,,,,,,,,,,,,,,,,,,,,,,,,,,,,,,,,,,,,,,,,,,,,,,,,,,,,2026-01-07 20:12:27.591000+00:00,
2026-01-07T20:12:27.592Z,DIAL_CHECK_START,16Uiu2HAm3Ryx2MhLdpkNMBswZ8svdBp5sMghH6MbvfevRfEDQhGQ,,,,,,,,,,,,,,,,,,,,,,,,0.0,0.0,3994.0,,,,,,,,,,,,,,,,,,,,,,,,,,,,,,,,,,,,,,,,,,,,,,,,,,,,,,2026-01-07 20:12:27.592000+00:00,
2026-01-07T20:12:27.592Z,DIAL_ATTEMPT_START,16Uiu2HAm3Ryx2MhLdpkNMBswZ8svdBp5sMghH6MbvfevRfEDQhGQ,,,,,,,,,,,,,,,,,,,3994.0,,,,1767816747592.0,,,,,,,,,,,,,,,,,,,,,,,,,,,,,,,,,,,,,,,,,,,,,,,,,,,,,,,,,2026-01-07 20:12:27.592000+00:00,
2026-01-07T20:12:27.592Z,DISCOVERY_DIAL_DECISION,16Uiu2HAm3Ryx2MhLdpkNMBswZ8svdBp5sMghH6MbvfevRfEDQhGQ,,,,,,,,,,,,,,,,,,,,,,,,0.0,0.0,,attempt_dial,,,,,,,,,,,,,,,,,,,,,,,,,,,,,,,,,,,,,,,,,,,,,,,,,,,,,2026-01-07 20:12:27.592000+00:00,
2026-01-07T20:12:36.538Z,DIAL_CHECK_START,16Uiu2HAmFY3qdiaMhTNNsrrjE2im534LA1E95Z66xkRaSg2prXsj,,,,,,,,,,,,,,,,,,,,,,,,2.0,0.0,3993.0,,,,,,,,,,,,,,,,,,,,,,,,,,,,,,,,,,,,,,,,,,,,,,,,,,,,,,2026-01-07 20:12:36.538000+00:00,
2026-01-07T20:12:36.538Z,DIAL_ATTEMPT_START,16Uiu2HAmFY3qdiaMhTNNsrrjE2im534LA1E95Z66xkRaSg2prXsj,,,,,,,,,,,,,,,,,,,3993.0,,,,1767816756538.0,,,,,,,,,,,,,,,,,,,,,,,,,,,,,,,,,,,,,,,,,,,,,,,,,,,,,,,,,2026-01-07 20:12:36.538000+00:00,
2026-01-07T20:12:36.538Z,DISCOVERY_DIAL_DECISION,16Uiu2HAmFY3qdiaMhTNNsrrjE2im534LA1E95Z66xkRaSg2prXsj,,,,,,,,,,,,,,,,,,,,,,,,2.0,0.0,,attempt_dial,,,,,,,,,,,,,,,,,,,,,,,,,,,,,,,,,,,,,,,,,,,,,,,,,,,,,2026-01-07 20:12:36.538000+00:00,
2026-01-07T20:12:36.715Z,DIAL_SUCCESS,16Uiu2HAmFY3qdiaMhTNNsrrjE2im534LA1E95Z66xkRaSg2prXsj,,,,,,,,,,,,,,,,,,,,,,,,,,,,,177.0,,,,,,,,,,,,,,,,,,,,,,,,,,,,,,,,,,,,,,,,,,,,,,,,,,,2026-01-07 20:12:36.715000+00:00,
2026-01-07T20:12:56.099Z,HEARTBEAT_DISCOVERY_NEEDED,unknown,,,,,,,,185.0,0.0,none,2.0,0.0,0.0,NO,0.0,0.0,9340264.0,9340264.0,,,,,,,,,,,,,,,,,,,,,,,,,,,,,,,,,,,,,,,,,,,,,,,,,,,,,,,,,,,,,,2026-01-07 20:12:56.099000+00:00,
2026-01-07T20:12:56.099Z,DISCOVERY_START,discovery,,,,,,,,,,,,,,,,,,,185.0,,2.0,,,,,,,,,,,,,,,,,,,,,,,,,,,,,,,,,,,,,,,,,,,,,,,,,,,,,,,,,,,2026-01-07 20:12:56.099000+00:00,
2026-01-07T20:13:04.289Z,DIAL_CHECK_START,16Uiu2HAmGG6GFEKhXijCtcTWc73AAJs2oZyM7sFFF24SV921rhtd,,,,,,,,,,,,,,,,,,,,,,,,2.0,0.0,4177.0,,,,,,,,,,,,,,,,,,,,,,,,,,,,,,,,,,,,,,,,,,,,,,,,,,,,,,2026-01-07 20:13:04.289000+00:00,
2026-01-07T20:13:04.289Z,DIAL_ATTEMPT_START,16Uiu2HAmGG6GFEKhXijCtcTWc73AAJs2oZyM7sFFF24SV921rhtd,,,,,,,,,,,,,,,,,,,4177.0,,,,1767816784289.0,,,,,,,,,,,,,,,,,,,,,,,,,,,,,,,,,,,,,,,,,,,,,,,,,,,,,,,,,2026-01-07 20:13:04.289000+00:00,
2026-01-07T20:13:04.289Z,DISCOVERY_DIAL_DECISION,16Uiu2HAmGG6GFEKhXijCtcTWc73AAJs2oZyM7sFFF24SV921rhtd,,,,,,,,,,,,,,,,,,,,,,,,2.0,0.0,,attempt_dial,,,,,,,,,,,,,,,,,,,,,,,,,,,,,,,,,,,,,,,,,,,,,,,,,,,,,2026-01-07 20:13:04.289000+00:00,
2026-01-07T20:13:06.112Z,DIAL_CHECK_START,16Uiu2HAm8zM6Gj5BTak7FzBj6ZHN6Uv4zZHpVbo5PSKHJDmbomo2,,,,,,,,,,,,,,,,,,,,,,,,2.0,0.0,4176.0,,,,,,,,,,,,,,,,,,,,,,,,,,,,,,,,,,,,,,,,,,,,,,,,,,,,,,2026-01-07 20:13:06.112000+00:00,
2026-01-07T20:13:06.112Z,DIAL_ATTEMPT_START,16Uiu2HAm8zM6Gj5BTak7FzBj6ZHN6Uv4zZHpVbo5PSKHJDmbomo2,,,,,,,,,,,,,,,,,,,4176.0,,,,1767816786112.0,,,,,,,,,,,,,,,,,,,,,,,,,,,,,,,,,,,,,,,,,,,,,,,,,,,,,,,,,2026-01-07 20:13:06.112000+00:00,
2026-01-07T20:13:06.112Z,DISCOVERY_DIAL_DECISION,16Uiu2HAm8zM6Gj5BTak7FzBj6ZHN6Uv4zZHpVbo5PSKHJDmbomo2,,,,,,,,,,,,,,,,,,,,,,,,2.0,0.0,,attempt_dial,,,,,,,,,,,,,,,,,,,,,,,,,,,,,,,,,,,,,,,,,,,,,,,,,,,,,2026-01-07 20:13:06.112000+00:00,
2026-01-07T20:13:06.194Z,DIAL_FAILURE,16Uiu2HAm8zM6Gj5BTak7FzBj6ZHN6Uv4zZHpVbo5PSKHJDmbomo2,,,,,,,,,,,,,,,,,,,,,,,,,,,,unexpected end of input,82.0,,,,,,,,,,,,,,,,,,,,,,,,,,,,,,,,,,,,,,,,,,,,,,,,,,,2026-01-07 20:13:06.194000+00:00,
2026-01-07T20:13:10.638Z,DIAL_CHECK_START,16Uiu2HAmPrrR7rZ6scA19bC1MqtNt1sgoasBER6Y2wPXGk6fizPV,,,,,,,,,,,,,,,,,,,,,,,,2.0,0.0,4175.0,,,,,,,,,,,,,,,,,,,,,,,,,,,,,,,,,,,,,,,,,,,,,,,,,,,,,,2026-01-07 20:13:10.638000+00:00,
2026-01-07T20:13:10.638Z,DIAL_ATTEMPT_START,16Uiu2HAmPrrR7rZ6scA19bC1MqtNt1sgoasBER6Y2wPXGk6fizPV,,,,,,,,,,,,,,,,,,,4175.0,,,,1767816790638.0,,,,,,,,,,,,,,,,,,,,,,,,,,,,,,,,,,,,,,,,,,,,,,,,,,,,,,,,,2026-01-07 20:13:10.638000+00:00,
2026-01-07T20:13:10.638Z,DISCOVERY_DIAL_DECISION,16Uiu2HAmPrrR7rZ6scA19bC1MqtNt1sgoasBER6Y2wPXGk6fizPV,,,,,,,,,,,,,,,,,,,,,,,,2.0,0.0,,attempt_dial,,,,,,,,,,,,,,,,,,,,,,,,,,,,,,,,,,,,,,,,,,,,,,,,,,,,,2026-01-07 20:13:10.638000+00:00,
2026-01-07T20:13:11.060Z,DIAL_SUCCESS,16Uiu2HAmPrrR7rZ6scA19bC1MqtNt1sgoasBER6Y2wPXGk6fizPV,,,,,,,,,,,,,,,,,,,,,,,,,,,,,422.0,,,,,,,,,,,,,,,,,,,,,,,,,,,,,,,,,,,,,,,,,,,,,,,,,,,2026-01-07 20:13:11.060000+00:00,
2026-01-07T20:13:13.748Z,DIAL_CHECK_START,16Uiu2HAm8zM6Gj5BTak7FzBj6ZHN6Uv4zZHpVbo5PSKHJDmbomo2,,,,,,,,,,,,,,,,,,,,,,,,2.0,0.0,4174.0,,,,,,,,,,,,,,,,,,,,,,,,,,,,,,,,,,,,,,,,,,,,,,,,,,,,,,2026-01-07 20:13:13.748000+00:00,
2026-01-07T20:13:13.748Z,DIAL_ATTEMPT_START,16Uiu2HAm8zM6Gj5BTak7FzBj6ZHN6Uv4zZHpVbo5PSKHJDmbomo2,,,,,,,,,,,,,,,,,,,4174.0,,,,1767816793748.0,,,,,,,,,,,,,,,,,,,,,,,,,,,,,,,,,,,,,,,,,,,,,,,,,,,,,,,,,2026-01-07 20:13:13.748000+00:00,
2026-01-07T20:13:13.748Z,DISCOVERY_DIAL_DECISION,16Uiu2HAm8zM6Gj5BTak7FzBj6ZHN6Uv4zZHpVbo5PSKHJDmbomo2,,,,,,,,,,,,,,,,,,,,,,,,2.0,0.0,,attempt_dial,,,,,,,,,,,,,,,,,,,,,,,,,,,,,,,,,,,,,,,,,,,,,,,,,,,,,2026-01-07 20:13:13.748000+00:00,
2026-01-07T20:13:13.827Z,DIAL_FAILURE,16Uiu2HAm8zM6Gj5BTak7FzBj6ZHN6Uv4zZHpVbo5PSKHJDmbomo2,,,,,,,,,,,,,,,,,,,,,,,,,,,,unexpected end of input,79.0,,,,,,,,,,,,,,,,,,,,,,,,,,,,,,,,,,,,,,,,,,,,,,,,,,,2026-01-07 20:13:13.827000+00:00,
2026-01-07T20:13:20.300Z,DIAL_CHECK_START,16Uiu2HAm2ZPNUQUnjGa8P3FVmBYfCTKK1GpiJDHR8W6HscVTYKvJ,,,,,,,,,,,,,,,,,,,,,,,,2.0,0.0,4173.0,,,,,,,,,,,,,,,,,,,,,,,,,,,,,,,,,,,,,,,,,,,,,,,,,,,,,,2026-01-07 20:13:20.300000+00:00,
2026-01-07T20:13:20.300Z,DIAL_ATTEMPT_START,16Uiu2HAm2ZPNUQUnjGa8P3FVmBYfCTKK1GpiJDHR8W6HscVTYKvJ,,,,,,,,,,,,,,,,,,,4173.0,,,,1767816800300.0,,,,,,,,,,,,,,,,,,,,,,,,,,,,,,,,,,,,,,,,,,,,,,,,,,,,,,,,,2026-01-07 20:13:20.300000+00:00,
2026-01-07T20:13:20.300Z,DISCOVERY_DIAL_DECISION,16Uiu2HAm2ZPNUQUnjGa8P3FVmBYfCTKK1GpiJDHR8W6HscVTYKvJ,,,,,,,,,,,,,,,,,,,,,,,,2.0,0.0,,attempt_dial,,,,,,,,,,,,,,,,,,,,,,,,,,,,,,,,,,,,,,,,,,,,,,,,,,,,,2026-01-07 20:13:20.300000+00:00,
2026-01-07T20:13:20.301Z,DIAL_CHECK_START,16Uiu2HAm2ZPNUQUnjGa8P3FVmBYfCTKK1GpiJDHR8W6HscVTYKvJ,,,,,,,,,,,,,,,,,,,,,,,,0.0,0.0,4172.0,,,,,,,,,,,,,,,,,,,,,,,,,,,,,,,,,,,,,,,,,,,,,,,,,,,,,,2026-01-07 20:13:20.301000+00:00,
2026-01-07T20:13:20.301Z,DIAL_ATTEMPT_START,16Uiu2HAm2ZPNUQUnjGa8P3FVmBYfCTKK1GpiJDHR8W6HscVTYKvJ,,,,,,,,,,,,,,,,,,,4172.0,,,,1767816800301.0,,,,,,,,,,,,,,,,,,,,,,,,,,,,,,,,,,,,,,,,,,,,,,,,,,,,,,,,,2026-01-07 20:13:20.301000+00:00,
2026-01-07T20:13:20.301Z,DISCOVERY_DIAL_DECISION,16Uiu2HAm2ZPNUQUnjGa8P3FVmBYfCTKK1GpiJDHR8W6HscVTYKvJ,,,,,,,,,,,,,,,,,,,,,,,,0.0,0.0,,attempt_dial,,,,,,,,,,,,,,,,,,,,,,,,,,,,,,,,,,,,,,,,,,,,,,,,,,,,,2026-01-07 20:13:20.301000+00:00,
2026-01-07T20:13:20.464Z,DIAL_SUCCESS,16Uiu2HAm2ZPNUQUnjGa8P3FVmBYfCTKK1GpiJDHR8W6HscVTYKvJ,,,,,,,,,,,,,,,,,,,,,,,,,,,,,163.0,,,,,,,,,,,,,,,,,,,,,,,,,,,,,,,,,,,,,,,,,,,,,,,,,,,2026-01-07 20:13:20.464000+00:00,
2026-01-07T20:13:20.464Z,DIAL_SUCCESS,16Uiu2HAm2ZPNUQUnjGa8P3FVmBYfCTKK1GpiJDHR8W6HscVTYKvJ,,,,,,,,,,,,,,,,,,,,,,,,,,,,,164.0,,,,,,,,,,,,,,,,,,,,,,,,,,,,,,,,,,,,,,,,,,,,,,,,,,,2026-01-07 20:13:20.464000+00:00,
2026-01-07T20:13:21.475Z,DIAL_CHECK_START,16Uiu2HAm8zM6Gj5BTak7FzBj6ZHN6Uv4zZHpVbo5PSKHJDmbomo2,,,,,,,,,,,,,,,,,,,,,,,,2.0,0.0,4171.0,,,,,,,,,,,,,,,,,,,,,,,,,,,,,,,,,,,,,,,,,,,,,,,,,,,,,,2026-01-07 20:13:21.475000+00:00,
2026-01-07T20:13:21.475Z,DIAL_ATTEMPT_START,16Uiu2HAm8zM6Gj5BTak7FzBj6ZHN6Uv4zZHpVbo5PSKHJDmbomo2,,,,,,,,,,,,,,,,,,,4171.0,,,,1767816801475.0,,,,,,,,,,,,,,,,,,,,,,,,,,,,,,,,,,,,,,,,,,,,,,,,,,,,,,,,,2026-01-07 20:13:21.475000+00:00,
2026-01-07T20:13:21.475Z,DISCOVERY_DIAL_DECISION,16Uiu2HAm8zM6Gj5BTak7FzBj6ZHN6Uv4zZHpVbo5PSKHJDmbomo2,,,,,,,,,,,,,,,,,,,,,,,,2.0,0.0,,attempt_dial,,,,,,,,,,,,,,,,,,,,,,,,,,,,,,,,,,,,,,,,,,,,,,,,,,,,,2026-01-07 20:13:21.475000+00:00,
2026-01-07T20:13:21.554Z,DIAL_FAILURE,16Uiu2HAm8zM6Gj5BTak7FzBj6ZHN6Uv4zZHpVbo5PSKHJDmbomo2,,,,,,,,,,,,,,,,,,,,,,,,,,,,unexpected end of input,79.0,,,,,,,,,,,,,,,,,,,,,,,,,,,,,,,,,,,,,,,,,,,,,,,,,,,2026-01-07 20:13:21.554000+00:00,
2026-01-07T20:13:22.262Z,DIAL_CHECK_START,16Uiu2HAm8zM6Gj5BTak7FzBj6ZHN6Uv4zZHpVbo5PSKHJDmbomo2,,,,,,,,,,,,,,,,,,,,,,,,2.0,0.0,4170.0,,,,,,,,,,,,,,,,,,,,,,,,,,,,,,,,,,,,,,,,,,,,,,,,,,,,,,2026-01-07 20:13:22.262000+00:00,
2026-01-07T20:13:22.262Z,DIAL_ATTEMPT_START,16Uiu2HAm8zM6Gj5BTak7FzBj6ZHN6Uv4zZHpVbo5PSKHJDmbomo2,,,,,,,,,,,,,,,,,,,4170.0,,,,1767816802262.0,,,,,,,,,,,,,,,,,,,,,,,,,,,,,,,,,,,,,,,,,,,,,,,,,,,,,,,,,2026-01-07 20:13:22.262000+00:00,
2026-01-07T20:13:22.262Z,DISCOVERY_DIAL_DECISION,16Uiu2HAm8zM6Gj5BTak7FzBj6ZHN6Uv4zZHpVbo5PSKHJDmbomo2,,,,,,,,,,,,,,,,,,,,,,,,2.0,0.0,,attempt_dial,,,,,,,,,,,,,,,,,,,,,,,,,,,,,,,,,,,,,,,,,,,,,,,,,,,,,2026-01-07 20:13:22.262000+00:00,
2026-01-07T20:13:22.341Z,DIAL_FAILURE,16Uiu2HAm8zM6Gj5BTak7FzBj6ZHN6Uv4zZHpVbo5PSKHJDmbomo2,,,,,,,,,,,,,,,,,,,,,,,,,,,,read ECONNRESET,79.0,,,,,,,,,,,,,,,,,,,,,,,,,,,,,,,,,,,,,,,,,,,,,,,,,,,2026-01-07 20:13:22.341000+00:00,
2026-01-07T20:13:22.898Z,DIAL_CHECK_START,16Uiu2HAm8zM6Gj5BTak7FzBj6ZHN6Uv4zZHpVbo5PSKHJDmbomo2,,,,,,,,,,,,,,,,,,,,,,,,2.0,0.0,4169.0,,,,,,,,,,,,,,,,,,,,,,,,,,,,,,,,,,,,,,,,,,,,,,,,,,,,,,2026-01-07 20:13:22.898000+00:00,
2026-01-07T20:13:22.898Z,DIAL_ATTEMPT_START,16Uiu2HAm8zM6Gj5BTak7FzBj6ZHN6Uv4zZHpVbo5PSKHJDmbomo2,,,,,,,,,,,,,,,,,,,4169.0,,,,1767816802898.0,,,,,,,,,,,,,,,,,,,,,,,,,,,,,,,,,,,,,,,,,,,,,,,,,,,,,,,,,2026-01-07 20:13:22.898000+00:00,
2026-01-07T20:13:22.898Z,DISCOVERY_DIAL_DECISION,16Uiu2HAm8zM6Gj5BTak7FzBj6ZHN6Uv4zZHpVbo5PSKHJDmbomo2,,,,,,,,,,,,,,,,,,,,,,,,2.0,0.0,,attempt_dial,,,,,,,,,,,,,,,,,,,,,,,,,,,,,,,,,,,,,,,,,,,,,,,,,,,,,2026-01-07 20:13:22.898000+00:00,
2026-01-07T20:13:22.977Z,DIAL_FAILURE,16Uiu2HAm8zM6Gj5BTak7FzBj6ZHN6Uv4zZHpVbo5PSKHJDmbomo2,,,,,,,,,,,,,,,,,,,,,,,,,,,,unexpected end of input,79.0,,,,,,,,,,,,,,,,,,,,,,,,,,,,,,,,,,,,,,,,,,,,,,,,,,,2026-01-07 20:13:22.977000+00:00,
2026-01-07T20:13:24.359Z,DIAL_CHECK_START,16Uiu2HAm8zM6Gj5BTak7FzBj6ZHN6Uv4zZHpVbo5PSKHJDmbomo2,,,,,,,,,,,,,,,,,,,,,,,,2.0,0.0,4168.0,,,,,,,,,,,,,,,,,,,,,,,,,,,,,,,,,,,,,,,,,,,,,,,,,,,,,,2026-01-07 20:13:24.359000+00:00,
2026-01-07T20:13:24.359Z,DIAL_ATTEMPT_START,16Uiu2HAm8zM6Gj5BTak7FzBj6ZHN6Uv4zZHpVbo5PSKHJDmbomo2,,,,,,,,,,,,,,,,,,,4168.0,,,,1767816804359.0,,,,,,,,,,,,,,,,,,,,,,,,,,,,,,,,,,,,,,,,,,,,,,,,,,,,,,,,,2026-01-07 20:13:24.359000+00:00,
2026-01-07T20:13:24.359Z,DISCOVERY_DIAL_DECISION,16Uiu2HAm8zM6Gj5BTak7FzBj6ZHN6Uv4zZHpVbo5PSKHJDmbomo2,,,,,,,,,,,,,,,,,,,,,,,,2.0,0.0,,attempt_dial,,,,,,,,,,,,,,,,,,,,,,,,,,,,,,,,,,,,,,,,,,,,,,,,,,,,,2026-01-07 20:13:24.359000+00:00,
2026-01-07T20:13:24.438Z,DIAL_FAILURE,16Uiu2HAm8zM6Gj5BTak7FzBj6ZHN6Uv4zZHpVbo5PSKHJDmbomo2,,,,,,,,,,,,,,,,,,,,,,,,,,,,unexpected end of input,79.0,,,,,,,,,,,,,,,,,,,,,,,,,,,,,,,,,,,,,,,,,,,,,,,,,,,2026-01-07 20:13:24.438000+00:00,
2026-01-07T20:13:24.731Z,DIAL_CHECK_START,16Uiu2HAm8zM6Gj5BTak7FzBj6ZHN6Uv4zZHpVbo5PSKHJDmbomo2,,,,,,,,,,,,,,,,,,,,,,,,2.0,0.0,4167.0,,,,,,,,,,,,,,,,,,,,,,,,,,,,,,,,,,,,,,,,,,,,,,,,,,,,,,2026-01-07 20:13:24.731000+00:00,
2026-01-07T20:13:24.731Z,DIAL_ATTEMPT_START,16Uiu2HAm8zM6Gj5BTak7FzBj6ZHN6Uv4zZHpVbo5PSKHJDmbomo2,,,,,,,,,,,,,,,,,,,4167.0,,,,1767816804731.0,,,,,,,,,,,,,,,,,,,,,,,,,,,,,,,,,,,,,,,,,,,,,,,,,,,,,,,,,2026-01-07 20:13:24.731000+00:00,
2026-01-07T20:13:24.731Z,DISCOVERY_DIAL_DECISION,16Uiu2HAm8zM6Gj5BTak7FzBj6ZHN6Uv4zZHpVbo5PSKHJDmbomo2,,,,,,,,,,,,,,,,,,,,,,,,2.0,0.0,,attempt_dial,,,,,,,,,,,,,,,,,,,,,,,,,,,,,,,,,,,,,,,,,,,,,,,,,,,,,2026-01-07 20:13:24.731000+00:00,
2026-01-07T20:13:24.811Z,DIAL_FAILURE,16Uiu2HAm8zM6Gj5BTak7FzBj6ZHN6Uv4zZHpVbo5PSKHJDmbomo2,,,,,,,,,,,,,,,,,,,,,,,,,,,,unexpected end of input,80.0,,,,,,,,,,,,,,,,,,,,,,,,,,,,,,,,,,,,,,,,,,,,,,,,,,,2026-01-07 20:13:24.811000+00:00,
2026-01-07T20:13:25.065Z,DIAL_CHECK_START,16Uiu2HAm8zM6Gj5BTak7FzBj6ZHN6Uv4zZHpVbo5PSKHJDmbomo2,,,,,,,,,,,,,,,,,,,,,,,,2.0,0.0,4166.0,,,,,,,,,,,,,,,,,,,,,,,,,,,,,,,,,,,,,,,,,,,,,,,,,,,,,,2026-01-07 20:13:25.065000+00:00,
2026-01-07T20:13:25.065Z,DIAL_ATTEMPT_START,16Uiu2HAm8zM6Gj5BTak7FzBj6ZHN6Uv4zZHpVbo5PSKHJDmbomo2,,,,,,,,,,,,,,,,,,,4166.0,,,,1767816805065.0,,,,,,,,,,,,,,,,,,,,,,,,,,,,,,,,,,,,,,,,,,,,,,,,,,,,,,,,,2026-01-07 20:13:25.065000+00:00,
2026-01-07T20:13:25.066Z,DISCOVERY_DIAL_DECISION,16Uiu2HAm8zM6Gj5BTak7FzBj6ZHN6Uv4zZHpVbo5PSKHJDmbomo2,,,,,,,,,,,,,,,,,,,,,,,,2.0,0.0,,attempt_dial,,,,,,,,,,,,,,,,,,,,,,,,,,,,,,,,,,,,,,,,,,,,,,,,,,,,,2026-01-07 20:13:25.066000+00:00,
2026-01-07T20:13:25.146Z,DIAL_FAILURE,16Uiu2HAm8zM6Gj5BTak7FzBj6ZHN6Uv4zZHpVbo5PSKHJDmbomo2,,,,,,,,,,,,,,,,,,,,,,,,,,,,read ECONNRESET,81.0,,,,,,,,,,,,,,,,,,,,,,,,,,,,,,,,,,,,,,,,,,,,,,,,,,,2026-01-07 20:13:25.146000+00:00,
2026-01-07T20:13:26.100Z,HEARTBEAT_DISCOVERY_NEEDED,unknown,,,,,,,,185.0,0.0,none,2.0,0.0,0.0,NO,0.0,0.0,9340267.0,9340267.0,,,,,,,,,,,,,,,,,,,,,,,,,,,,,,,,,,,,,,,,,,,,,,,,,,,,,,,,,,,,,,2026-01-07 20:13:26.100000+00:00,
2026-01-07T20:13:26.100Z,DISCOVERY_START,discovery,,,,,,,,,,,,,,,,,,,185.0,,2.0,,,,,,,,,,,,,,,,,,,,,,,,,,,,,,,,,,,,,,,,,,,,,,,,,,,,,,,,,,,2026-01-07 20:13:26.100000+00:00,
2026-01-07T20:13:26.102Z,DISCOVERY_FINDNODE_RESULT,unknown,,,,,,,,,,,,,,,,,,,,,,,,,,,,,,,,,,,,,,,,,,,,,,,,,,,,,,,,,,,,,,,,,,,16.0,60007.0,,,,,,,,,,,,2026-01-07 20:13:26.102000+00:00,
2026-01-07T20:13:26.241Z,DIAL_CHECK_START,16Uiu2HAm8zM6Gj5BTak7FzBj6ZHN6Uv4zZHpVbo5PSKHJDmbomo2,,,,,,,,,,,,,,,,,,,,,,,,2.0,0.0,4350.0,,,,,,,,,,,,,,,,,,,,,,,,,,,,,,,,,,,,,,,,,,,,,,,,,,,,,,2026-01-07 20:13:26.241000+00:00,
2026-01-07T20:13:26.241Z,DIAL_ATTEMPT_START,16Uiu2HAm8zM6Gj5BTak7FzBj6ZHN6Uv4zZHpVbo5PSKHJDmbomo2,,,,,,,,,,,,,,,,,,,4350.0,,,,1767816806241.0,,,,,,,,,,,,,,,,,,,,,,,,,,,,,,,,,,,,,,,,,,,,,,,,,,,,,,,,,2026-01-07 20:13:26.241000+00:00,
2026-01-07T20:13:26.241Z,DISCOVERY_DIAL_DECISION,16Uiu2HAm8zM6Gj5BTak7FzBj6ZHN6Uv4zZHpVbo5PSKHJDmbomo2,,,,,,,,,,,,,,,,,,,,,,,,2.0,0.0,,attempt_dial,,,,,,,,,,,,,,,,,,,,,,,,,,,,,,,,,,,,,,,,,,,,,,,,,,,,,2026-01-07 20:13:26.241000+00:00,
2026-01-07T20:13:26.322Z,DIAL_FAILURE,16Uiu2HAm8zM6Gj5BTak7FzBj6ZHN6Uv4zZHpVbo5PSKHJDmbomo2,,,,,,,,,,,,,,,,,,,,,,,,,,,,unexpected end of input,81.0,,,,,,,,,,,,,,,,,,,,,,,,,,,,,,,,,,,,,,,,,,,,,,,,,,,2026-01-07 20:13:26.322000+00:00,
2026-01-07T20:13:33.335Z,DIAL_FAILURE,16Uiu2HAmDVBceFiyGYcJCiWeLDBRasG9uGxNmHKB2Bt4N4Bo8VF1,,,,,,,,,,,,,,,,,,,,,,,,,,,,connection error 3.12.131.175:13000: connect ETIMEDOUT 3.12.131.175:13000,134324.0,,,,,,,,,,,,,,,,,,,,,,,,,,,,,,,,,,,,,,,,,,,,,,,,,,,2026-01-07 20:13:33.335000+00:00,
2026-01-07T20:13:56.110Z,HEARTBEAT_DISCOVERY_NEEDED,unknown,,,,,,,,185.0,0.0,none,2.0,0.0,0.0,NO,0.0,0.0,9340269.0,9340269.0,,,,,,,,,,,,,,,,,,,,,,,,,,,,,,,,,,,,,,,,,,,,,,,,,,,,,,,,,,,,,,2026-01-07 20:13:56.110000+00:00,
2026-01-07T20:13:56.110Z,DISCOVERY_START,discovery,,,,,,,,,,,,,,,,,,,185.0,,2.0,,,,,,,,,,,,,,,,,,,,,,,,,,,,,,,,,,,,,,,,,,,,,,,,,,,,,,,,,,,2026-01-07 20:13:56.110000+00:00,
2026-01-07T20:13:56.110Z,DISCOVERY_FINDNODE_START,unknown,,,,,,,,,,,,,,,,,,,4534.0,,,0.0,1767816836110.0,,,,,,,,,,,,,,,,,,,,,,,,,,,,,,,,,,,,,,,,,,,,,,,,,,,,,,,,,2026-01-07 20:13:56.110000+00:00,
2026-01-07T20:13:56.472Z,DIAL_CHECK_START,16Uiu2HAmCV2JGqneznezrP3abgdzF965qpSG5zrmwauvhfnVAwaJ,,,,,,,,,,,,,,,,,,,,,,,,2.0,0.0,4534.0,,,,,,,,,,,,,,,,,,,,,,,,,,,,,,,,,,,,,,,,,,,,,,,,,,,,,,2026-01-07 20:13:56.472000+00:00,
2026-01-07T20:13:56.472Z,DIAL_ATTEMPT_START,16Uiu2HAmCV2JGqneznezrP3abgdzF965qpSG5zrmwauvhfnVAwaJ,,,,,,,,,,,,,,,,,,,4534.0,,,,1767816836472.0,,,,,,,,,,,,,,,,,,,,,,,,,,,,,,,,,,,,,,,,,,,,,,,,,,,,,,,,,2026-01-07 20:13:56.472000+00:00,
2026-01-07T20:13:56.472Z,DISCOVERY_DIAL_DECISION,16Uiu2HAmCV2JGqneznezrP3abgdzF965qpSG5zrmwauvhfnVAwaJ,,,,,,,,,,,,,,,,,,,,,,,,2.0,0.0,,attempt_dial,,,,,,,,,,,,,,,,,,,,,,,,,,,,,,,,,,,,,,,,,,,,,,,,,,,,,2026-01-07 20:13:56.472000+00:00,
2026-01-07T20:13:56.473Z,DIAL_CHECK_START,16Uiu2HAmCV2JGqneznezrP3abgdzF965qpSG5zrmwauvhfnVAwaJ,,,,,,,,,,,,,,,,,,,,,,,,0.0,0.0,4533.0,,,,,,,,,,,,,,,,,,,,,,,,,,,,,,,,,,,,,,,,,,,,,,,,,,,,,,2026-01-07 20:13:56.473000+00:00,
2026-01-07T20:13:56.473Z,DIAL_ATTEMPT_START,16Uiu2HAmCV2JGqneznezrP3abgdzF965qpSG5zrmwauvhfnVAwaJ,,,,,,,,,,,,,,,,,,,4533.0,,,,1767816836473.0,,,,,,,,,,,,,,,,,,,,,,,,,,,,,,,,,,,,,,,,,,,,,,,,,,,,,,,,,2026-01-07 20:13:56.473000+00:00,
2026-01-07T20:13:56.473Z,DISCOVERY_DIAL_DECISION,16Uiu2HAmCV2JGqneznezrP3abgdzF965qpSG5zrmwauvhfnVAwaJ,,,,,,,,,,,,,,,,,,,,,,,,0.0,0.0,,attempt_dial,,,,,,,,,,,,,,,,,,,,,,,,,,,,,,,,,,,,,,,,,,,,,,,,,,,,,2026-01-07 20:13:56.473000+00:00,
2026-01-07T20:13:56.599Z,DIAL_CHECK_START,16Uiu2HAmCjYjEP5FUnLM7sQPoKRwRhaCQd77Yndh377GRKFRkQ7g,,,,,,,,,,,,,,,,,,,,,,,,2.0,0.0,4532.0,,,,,,,,,,,,,,,,,,,,,,,,,,,,,,,,,,,,,,,,,,,,,,,,,,,,,,2026-01-07 20:13:56.599000+00:00,
2026-01-07T20:13:56.599Z,DIAL_ATTEMPT_START,16Uiu2HAmCjYjEP5FUnLM7sQPoKRwRhaCQd77Yndh377GRKFRkQ7g,,,,,,,,,,,,,,,,,,,4532.0,,,,1767816836599.0,,,,,,,,,,,,,,,,,,,,,,,,,,,,,,,,,,,,,,,,,,,,,,,,,,,,,,,,,2026-01-07 20:13:56.599000+00:00,
2026-01-07T20:13:56.599Z,DISCOVERY_DIAL_DECISION,16Uiu2HAmCjYjEP5FUnLM7sQPoKRwRhaCQd77Yndh377GRKFRkQ7g,,,,,,,,,,,,,,,,,,,,,,,,2.0,0.0,,attempt_dial,,,,,,,,,,,,,,,,,,,,,,,,,,,,,,,,,,,,,,,,,,,,,,,,,,,,,2026-01-07 20:13:56.599000+00:00,
2026-01-07T20:13:56.625Z,DIAL_CHECK_START,16Uiu2HAmTU6jdYKbg4Xov7z6xTxGVDKNvcXHETLiA45NXS38smHd,,,,,,,,,,,,,,,,,,,,,,,,2.0,0.0,4531.0,,,,,,,,,,,,,,,,,,,,,,,,,,,,,,,,,,,,,,,,,,,,,,,,,,,,,,2026-01-07 20:13:56.625000+00:00,
2026-01-07T20:13:56.625Z,DIAL_ATTEMPT_START,16Uiu2HAmTU6jdYKbg4Xov7z6xTxGVDKNvcXHETLiA45NXS38smHd,,,,,,,,,,,,,,,,,,,4531.0,,,,1767816836625.0,,,,,,,,,,,,,,,,,,,,,,,,,,,,,,,,,,,,,,,,,,,,,,,,,,,,,,,,,2026-01-07 20:13:56.625000+00:00,
2026-01-07T20:13:56.625Z,DISCOVERY_DIAL_DECISION,16Uiu2HAmTU6jdYKbg4Xov7z6xTxGVDKNvcXHETLiA45NXS38smHd,,,,,,,,,,,,,,,,,,,,,,,,2.0,0.0,,attempt_dial,,,,,,,,,,,,,,,,,,,,,,,,,,,,,,,,,,,,,,,,,,,,,,,,,,,,,2026-01-07 20:13:56.625000+00:00,
2026-01-07T20:13:56.734Z,DIAL_FAILURE,16Uiu2HAmCV2JGqneznezrP3abgdzF965qpSG5zrmwauvhfnVAwaJ,,,,,,,,,,,,,,,,,,,,,,,,,,,,unexpected end of input,261.0,,,,,,,,,,,,,,,,,,,,,,,,,,,,,,,,,,,,,,,,,,,,,,,,,,,2026-01-07 20:13:56.734000+00:00,
2026-01-07T20:13:56.734Z,DIAL_FAILURE,16Uiu2HAmCV2JGqneznezrP3abgdzF965qpSG5zrmwauvhfnVAwaJ,,,,,,,,,,,,,,,,,,,,,,,,,,,,unexpected end of input,262.0,,,,,,,,,,,,,,,,,,,,,,,,,,,,,,,,,,,,,,,,,,,,,,,,,,,2026-01-07 20:13:56.734000+00:00,
2026-01-07T20:13:57.050Z,DIAL_SUCCESS,16Uiu2HAmCjYjEP5FUnLM7sQPoKRwRhaCQd77Yndh377GRKFRkQ7g,,,,,,,,,,,,,,,,,,,,,,,,,,,,,451.0,,,,,,,,,,,,,,,,,,,,,,,,,,,,,,,,,,,,,,,,,,,,,,,,,,,2026-01-07 20:13:57.050000+00:00,
2026-01-07T20:13:57.080Z,DIAL_CHECK_START,16Uiu2HAkyfri5epE8JxTEHRuaAwZ15H5WfxZZv6ss84vQPqVapqg,,,,,,,,,,,,,,,,,,,,,,,,2.0,0.0,4530.0,,,,,,,,,,,,,,,,,,,,,,,,,,,,,,,,,,,,,,,,,,,,,,,,,,,,,,2026-01-07 20:13:57.080000+00:00,
2026-01-07T20:13:57.080Z,DIAL_ATTEMPT_START,16Uiu2HAkyfri5epE8JxTEHRuaAwZ15H5WfxZZv6ss84vQPqVapqg,,,,,,,,,,,,,,,,,,,4530.0,,,,1767816837080.0,,,,,,,,,,,,,,,,,,,,,,,,,,,,,,,,,,,,,,,,,,,,,,,,,,,,,,,,,2026-01-07 20:13:57.080000+00:00,
2026-01-07T20:13:57.080Z,DISCOVERY_DIAL_DECISION,16Uiu2HAkyfri5epE8JxTEHRuaAwZ15H5WfxZZv6ss84vQPqVapqg,,,,,,,,,,,,,,,,,,,,,,,,2.0,0.0,,attempt_dial,,,,,,,,,,,,,,,,,,,,,,,,,,,,,,,,,,,,,,,,,,,,,,,,,,,,,2026-01-07 20:13:57.080000+00:00,
2026-01-07T20:13:57.080Z,DIAL_CHECK_START,16Uiu2HAkyfri5epE8JxTEHRuaAwZ15H5WfxZZv6ss84vQPqVapqg,,,,,,,,,,,,,,,,,,,,,,,,0.0,0.0,4529.0,,,,,,,,,,,,,,,,,,,,,,,,,,,,,,,,,,,,,,,,,,,,,,,,,,,,,,2026-01-07 20:13:57.080000+00:00,
2026-01-07T20:13:57.080Z,DIAL_ATTEMPT_START,16Uiu2HAkyfri5epE8JxTEHRuaAwZ15H5WfxZZv6ss84vQPqVapqg,,,,,,,,,,,,,,,,,,,4529.0,,,,1767816837080.0,,,,,,,,,,,,,,,,,,,,,,,,,,,,,,,,,,,,,,,,,,,,,,,,,,,,,,,,,2026-01-07 20:13:57.080000+00:00,
2026-01-07T20:13:57.080Z,DISCOVERY_DIAL_DECISION,16Uiu2HAkyfri5epE8JxTEHRuaAwZ15H5WfxZZv6ss84vQPqVapqg,,,,,,,,,,,,,,,,,,,,,,,,0.0,0.0,,attempt_dial,,,,,,,,,,,,,,,,,,,,,,,,,,,,,,,,,,,,,,,,,,,,,,,,,,,,,2026-01-07 20:13:57.080000+00:00,
2026-01-07T20:13:57.375Z,DIAL_CHECK_START,16Uiu2HAkujePArPAmhAZqk79rj4TBZfLfV4UAUJGjJJRMy2Yfx1h,,,,,,,,,,,,,,,,,,,,,,,,2.0,0.0,4528.0,,,,,,,,,,,,,,,,,,,,,,,,,,,,,,,,,,,,,,,,,,,,,,,,,,,,,,2026-01-07 20:13:57.375000+00:00,
2026-01-07T20:13:57.375Z,DIAL_ATTEMPT_START,16Uiu2HAkujePArPAmhAZqk79rj4TBZfLfV4UAUJGjJJRMy2Yfx1h,,,,,,,,,,,,,,,,,,,4528.0,,,,1767816837375.0,,,,,,,,,,,,,,,,,,,,,,,,,,,,,,,,,,,,,,,,,,,,,,,,,,,,,,,,,2026-01-07 20:13:57.375000+00:00,
2026-01-07T20:13:57.375Z,DISCOVERY_DIAL_DECISION,16Uiu2HAkujePArPAmhAZqk79rj4TBZfLfV4UAUJGjJJRMy2Yfx1h,,,,,,,,,,,,,,,,,,,,,,,,2.0,0.0,,attempt_dial,,,,,,,,,,,,,,,,,,,,,,,,,,,,,,,,,,,,,,,,,,,,,,,,,,,,,2026-01-07 20:13:57.375000+00:00,
2026-01-07T20:13:57.376Z,DIAL_CHECK_START,16Uiu2HAkujePArPAmhAZqk79rj4TBZfLfV4UAUJGjJJRMy2Yfx1h,,,,,,,,,,,,,,,,,,,,,,,,0.0,0.0,4527.0,,,,,,,,,,,,,,,,,,,,,,,,,,,,,,,,,,,,,,,,,,,,,,,,,,,,,,2026-01-07 20:13:57.376000+00:00,
2026-01-07T20:13:57.376Z,DIAL_ATTEMPT_START,16Uiu2HAkujePArPAmhAZqk79rj4TBZfLfV4UAUJGjJJRMy2Yfx1h,,,,,,,,,,,,,,,,,,,4527.0,,,,1767816837376.0,,,,,,,,,,,,,,,,,,,,,,,,,,,,,,,,,,,,,,,,,,,,,,,,,,,,,,,,,2026-01-07 20:13:57.376000+00:00,
2026-01-07T20:13:57.376Z,DISCOVERY_DIAL_DECISION,16Uiu2HAkujePArPAmhAZqk79rj4TBZfLfV4UAUJGjJJRMy2Yfx1h,,,,,,,,,,,,,,,,,,,,,,,,0.0,0.0,,attempt_dial,,,,,,,,,,,,,,,,,,,,,,,,,,,,,,,,,,,,,,,,,,,,,,,,,,,,,2026-01-07 20:13:57.376000+00:00,
2026-01-07T20:13:57.736Z,DIAL_SUCCESS,16Uiu2HAmTU6jdYKbg4Xov7z6xTxGVDKNvcXHETLiA45NXS38smHd,,,,,,,,,,,,,,,,,,,,,,,,,,,,,1111.0,,,,,,,,,,,,,,,,,,,,,,,,,,,,,,,,,,,,,,,,,,,,,,,,,,,2026-01-07 20:13:57.736000+00:00,
2026-01-07T20:13:58.412Z,DIAL_CHECK_START,16Uiu2HAm45dccU5nu48e2mCCWfuxFMwEP8t4Zz2Twtd2qNHXQVBv,,,,,,,,,,,,,,,,,,,,,,,,2.0,0.0,4526.0,,,,,,,,,,,,,,,,,,,,,,,,,,,,,,,,,,,,,,,,,,,,,,,,,,,,,,2026-01-07 20:13:58.412000+00:00,
2026-01-07T20:13:58.412Z,DIAL_ATTEMPT_START,16Uiu2HAm45dccU5nu48e2mCCWfuxFMwEP8t4Zz2Twtd2qNHXQVBv,,,,,,,,,,,,,,,,,,,4526.0,,,,1767816838412.0,,,,,,,,,,,,,,,,,,,,,,,,,,,,,,,,,,,,,,,,,,,,,,,,,,,,,,,,,2026-01-07 20:13:58.412000+00:00,
2026-01-07T20:13:58.413Z,DISCOVERY_DIAL_DECISION,16Uiu2HAm45dccU5nu48e2mCCWfuxFMwEP8t4Zz2Twtd2qNHXQVBv,,,,,,,,,,,,,,,,,,,,,,,,2.0,0.0,,attempt_dial,,,,,,,,,,,,,,,,,,,,,,,,,,,,,,,,,,,,,,,,,,,,,,,,,,,,,2026-01-07 20:13:58.413000+00:00,
2026-01-07T20:13:58.416Z,DIAL_CHECK_START,16Uiu2HAm45dccU5nu48e2mCCWfuxFMwEP8t4Zz2Twtd2qNHXQVBv,,,,,,,,,,,,,,,,,,,,,,,,0.0,0.0,4525.0,,,,,,,,,,,,,,,,,,,,,,,,,,,,,,,,,,,,,,,,,,,,,,,,,,,,,,2026-01-07 20:13:58.416000+00:00,
2026-01-07T20:13:58.416Z,DIAL_ATTEMPT_START,16Uiu2HAm45dccU5nu48e2mCCWfuxFMwEP8t4Zz2Twtd2qNHXQVBv,,,,,,,,,,,,,,,,,,,4525.0,,,,1767816838416.0,,,,,,,,,,,,,,,,,,,,,,,,,,,,,,,,,,,,,,,,,,,,,,,,,,,,,,,,,2026-01-07 20:13:58.416000+00:00,
2026-01-07T20:13:58.416Z,DISCOVERY_DIAL_DECISION,16Uiu2HAm45dccU5nu48e2mCCWfuxFMwEP8t4Zz2Twtd2qNHXQVBv,,,,,,,,,,,,,,,,,,,,,,,,0.0,0.0,,attempt_dial,,,,,,,,,,,,,,,,,,,,,,,,,,,,,,,,,,,,,,,,,,,,,,,,,,,,,2026-01-07 20:13:58.416000+00:00,
2026-01-07T20:13:58.565Z,DIAL_SUCCESS,16Uiu2HAm45dccU5nu48e2mCCWfuxFMwEP8t4Zz2Twtd2qNHXQVBv,,,,,,,,,,,,,,,,,,,,,,,,,,,,,149.0,,,,,,,,,,,,,,,,,,,,,,,,,,,,,,,,,,,,,,,,,,,,,,,,,,,2026-01-07 20:13:58.565000+00:00,
2026-01-07T20:13:58.565Z,DIAL_SUCCESS,16Uiu2HAm45dccU5nu48e2mCCWfuxFMwEP8t4Zz2Twtd2qNHXQVBv,,,,,,,,,,,,,,,,,,,,,,,,,,,,,153.0,,,,,,,,,,,,,,,,,,,,,,,,,,,,,,,,,,,,,,,,,,,,,,,,,,,2026-01-07 20:13:58.565000+00:00,
2026-01-07T20:14:01.401Z,DIAL_CHECK_START,16Uiu2HAmGHHAyKduQvzazvvNRXFzyDvV4KhJiUQWTdjpoig8Qp6c,,,,,,,,,,,,,,,,,,,,,,,,2.0,0.0,4524.0,,,,,,,,,,,,,,,,,,,,,,,,,,,,,,,,,,,,,,,,,,,,,,,,,,,,,,2026-01-07 20:14:01.401000+00:00,
2026-01-07T20:14:01.401Z,DIAL_ATTEMPT_START,16Uiu2HAmGHHAyKduQvzazvvNRXFzyDvV4KhJiUQWTdjpoig8Qp6c,,,,,,,,,,,,,,,,,,,4524.0,,,,1767816841401.0,,,,,,,,,,,,,,,,,,,,,,,,,,,,,,,,,,,,,,,,,,,,,,,,,,,,,,,,,2026-01-07 20:14:01.401000+00:00,
2026-01-07T20:14:01.401Z,DISCOVERY_DIAL_DECISION,16Uiu2HAmGHHAyKduQvzazvvNRXFzyDvV4KhJiUQWTdjpoig8Qp6c,,,,,,,,,,,,,,,,,,,,,,,,2.0,0.0,,attempt_dial,,,,,,,,,,,,,,,,,,,,,,,,,,,,,,,,,,,,,,,,,,,,,,,,,,,,,2026-01-07 20:14:01.401000+00:00,
2026-01-07T20:14:01.944Z,DIAL_SUCCESS,16Uiu2HAmGHHAyKduQvzazvvNRXFzyDvV4KhJiUQWTdjpoig8Qp6c,,,,,,,,,,,,,,,,,,,,,,,,,,,,,543.0,,,,,,,,,,,,,,,,,,,,,,,,,,,,,,,,,,,,,,,,,,,,,,,,,,,2026-01-07 20:14:01.944000+00:00,
2026-01-07T20:14:10.310Z,DIAL_CHECK_START,16Uiu2HAmEaeDhpJu5LxUAg2k1EU9jBfZmYDikfTPkZwkvM4QEVm2,,,,,,,,,,,,,,,,,,,,,,,,2.0,0.0,4523.0,,,,,,,,,,,,,,,,,,,,,,,,,,,,,,,,,,,,,,,,,,,,,,,,,,,,,,2026-01-07 20:14:10.310000+00:00,
2026-01-07T20:14:10.310Z,DIAL_ATTEMPT_START,16Uiu2HAmEaeDhpJu5LxUAg2k1EU9jBfZmYDikfTPkZwkvM4QEVm2,,,,,,,,,,,,,,,,,,,4523.0,,,,1767816850310.0,,,,,,,,,,,,,,,,,,,,,,,,,,,,,,,,,,,,,,,,,,,,,,,,,,,,,,,,,2026-01-07 20:14:10.310000+00:00,
2026-01-07T20:14:10.311Z,DISCOVERY_DIAL_DECISION,16Uiu2HAmEaeDhpJu5LxUAg2k1EU9jBfZmYDikfTPkZwkvM4QEVm2,,,,,,,,,,,,,,,,,,,,,,,,2.0,0.0,,attempt_dial,,,,,,,,,,,,,,,,,,,,,,,,,,,,,,,,,,,,,,,,,,,,,,,,,,,,,2026-01-07 20:14:10.311000+00:00,
2026-01-07T20:14:10.311Z,DIAL_CHECK_START,16Uiu2HAmEaeDhpJu5LxUAg2k1EU9jBfZmYDikfTPkZwkvM4QEVm2,,,,,,,,,,,,,,,,,,,,,,,,0.0,0.0,4522.0,,,,,,,,,,,,,,,,,,,,,,,,,,,,,,,,,,,,,,,,,,,,,,,,,,,,,,2026-01-07 20:14:10.311000+00:00,
2026-01-07T20:14:10.311Z,DIAL_ATTEMPT_START,16Uiu2HAmEaeDhpJu5LxUAg2k1EU9jBfZmYDikfTPkZwkvM4QEVm2,,,,,,,,,,,,,,,,,,,4522.0,,,,1767816850311.0,,,,,,,,,,,,,,,,,,,,,,,,,,,,,,,,,,,,,,,,,,,,,,,,,,,,,,,,,2026-01-07 20:14:10.311000+00:00,
2026-01-07T20:14:10.311Z,DISCOVERY_DIAL_DECISION,16Uiu2HAmEaeDhpJu5LxUAg2k1EU9jBfZmYDikfTPkZwkvM4QEVm2,,,,,,,,,,,,,,,,,,,,,,,,0.0,0.0,,attempt_dial,,,,,,,,,,,,,,,,,,,,,,,,,,,,,,,,,,,,,,,,,,,,,,,,,,,,,2026-01-07 20:14:10.311000+00:00,
2026-01-07T20:14:10.584Z,DIAL_SUCCESS,16Uiu2HAmEaeDhpJu5LxUAg2k1EU9jBfZmYDikfTPkZwkvM4QEVm2,,,,,,,,,,,,,,,,,,,,,,,,,,,,,273.0,,,,,,,,,,,,,,,,,,,,,,,,,,,,,,,,,,,,,,,,,,,,,,,,,,,2026-01-07 20:14:10.584000+00:00,
2026-01-07T20:14:10.585Z,DIAL_SUCCESS,16Uiu2HAmEaeDhpJu5LxUAg2k1EU9jBfZmYDikfTPkZwkvM4QEVm2,,,,,,,,,,,,,,,,,,,,,,,,,,,,,275.0,,,,,,,,,,,,,,,,,,,,,,,,,,,,,,,,,,,,,,,,,,,,,,,,,,,2026-01-07 20:14:10.585000+00:00,
2026-01-07T20:14:15.077Z,DIAL_CHECK_START,16Uiu2HAmGHHAyKduQvzazvvNRXFzyDvV4KhJiUQWTdjpoig8Qp6c,,,,,,,,,,,,,,,,,,,,,,,,2.0,0.0,4521.0,,,,,,,,,,,,,,,,,,,,,,,,,,,,,,,,,,,,,,,,,,,,,,,,,,,,,,2026-01-07 20:14:15.077000+00:00,
2026-01-07T20:14:15.077Z,DIAL_ATTEMPT_START,16Uiu2HAmGHHAyKduQvzazvvNRXFzyDvV4KhJiUQWTdjpoig8Qp6c,,,,,,,,,,,,,,,,,,,4521.0,,,,1767816855077.0,,,,,,,,,,,,,,,,,,,,,,,,,,,,,,,,,,,,,,,,,,,,,,,,,,,,,,,,,2026-01-07 20:14:15.077000+00:00,
2026-01-07T20:14:15.077Z,DISCOVERY_DIAL_DECISION,16Uiu2HAmGHHAyKduQvzazvvNRXFzyDvV4KhJiUQWTdjpoig8Qp6c,,,,,,,,,,,,,,,,,,,,,,,,2.0,0.0,,attempt_dial,,,,,,,,,,,,,,,,,,,,,,,,,,,,,,,,,,,,,,,,,,,,,,,,,,,,,2026-01-07 20:14:15.077000+00:00,
2026-01-07T20:14:15.605Z,DIAL_SUCCESS,16Uiu2HAmGHHAyKduQvzazvvNRXFzyDvV4KhJiUQWTdjpoig8Qp6c,,,,,,,,,,,,,,,,,,,,,,,,,,,,,528.0,,,,,,,,,,,,,,,,,,,,,,,,,,,,,,,,,,,,,,,,,,,,,,,,,,,2026-01-07 20:14:15.605000+00:00,
2026-01-07T20:14:19.460Z,DIAL_CHECK_START,16Uiu2HAmGHHAyKduQvzazvvNRXFzyDvV4KhJiUQWTdjpoig8Qp6c,,,,,,,,,,,,,,,,,,,,,,,,2.0,0.0,4520.0,,,,,,,,,,,,,,,,,,,,,,,,,,,,,,,,,,,,,,,,,,,,,,,,,,,,,,2026-01-07 20:14:19.460000+00:00,
2026-01-07T20:14:19.460Z,DIAL_ATTEMPT_START,16Uiu2HAmGHHAyKduQvzazvvNRXFzyDvV4KhJiUQWTdjpoig8Qp6c,,,,,,,,,,,,,,,,,,,4520.0,,,,1767816859460.0,,,,,,,,,,,,,,,,,,,,,,,,,,,,,,,,,,,,,,,,,,,,,,,,,,,,,,,,,2026-01-07 20:14:19.460000+00:00,
2026-01-07T20:14:19.460Z,DISCOVERY_DIAL_DECISION,16Uiu2HAmGHHAyKduQvzazvvNRXFzyDvV4KhJiUQWTdjpoig8Qp6c,,,,,,,,,,,,,,,,,,,,,,,,2.0,0.0,,attempt_dial,,,,,,,,,,,,,,,,,,,,,,,,,,,,,,,,,,,,,,,,,,,,,,,,,,,,,2026-01-07 20:14:19.460000+00:00,
2026-01-07T20:14:19.988Z,DIAL_SUCCESS,16Uiu2HAmGHHAyKduQvzazvvNRXFzyDvV4KhJiUQWTdjpoig8Qp6c,,,,,,,,,,,,,,,,,,,,,,,,,,,,,528.0,,,,,,,,,,,,,,,,,,,,,,,,,,,,,,,,,,,,,,,,,,,,,,,,,,,2026-01-07 20:14:19.988000+00:00,
2026-01-07T20:14:26.104Z,DIAL_CHECK_START,16Uiu2HAmPAWeKQM7TxLVY8Ugb235uwBe65MEYsHZU1nmFddHMAXc,,,,,,,,,,,,,,,,,,,,,,,,2.0,0.0,4519.0,,,,,,,,,,,,,,,,,,,,,,,,,,,,,,,,,,,,,,,,,,,,,,,,,,,,,,2026-01-07 20:14:26.104000+00:00,
2026-01-07T20:14:26.104Z,DIAL_ATTEMPT_START,16Uiu2HAmPAWeKQM7TxLVY8Ugb235uwBe65MEYsHZU1nmFddHMAXc,,,,,,,,,,,,,,,,,,,4519.0,,,,1767816866104.0,,,,,,,,,,,,,,,,,,,,,,,,,,,,,,,,,,,,,,,,,,,,,,,,,,,,,,,,,2026-01-07 20:14:26.104000+00:00,
2026-01-07T20:14:26.104Z,DISCOVERY_DIAL_DECISION,16Uiu2HAmPAWeKQM7TxLVY8Ugb235uwBe65MEYsHZU1nmFddHMAXc,,,,,,,,,,,,,,,,,,,,,,,,2.0,0.0,,attempt_dial,,,,,,,,,,,,,,,,,,,,,,,,,,,,,,,,,,,,,,,,,,,,,,,,,,,,,2026-01-07 20:14:26.104000+00:00,
2026-01-07T20:14:26.105Z,DIAL_CHECK_START,16Uiu2HAmPAWeKQM7TxLVY8Ugb235uwBe65MEYsHZU1nmFddHMAXc,,,,,,,,,,,,,,,,,,,,,,,,0.0,0.0,4518.0,,,,,,,,,,,,,,,,,,,,,,,,,,,,,,,,,,,,,,,,,,,,,,,,,,,,,,2026-01-07 20:14:26.105000+00:00,
2026-01-07T20:14:26.105Z,DIAL_ATTEMPT_START,16Uiu2HAmPAWeKQM7TxLVY8Ugb235uwBe65MEYsHZU1nmFddHMAXc,,,,,,,,,,,,,,,,,,,4518.0,,,,1767816866105.0,,,,,,,,,,,,,,,,,,,,,,,,,,,,,,,,,,,,,,,,,,,,,,,,,,,,,,,,,2026-01-07 20:14:26.105000+00:00,
2026-01-07T20:14:26.105Z,DISCOVERY_DIAL_DECISION,16Uiu2HAmPAWeKQM7TxLVY8Ugb235uwBe65MEYsHZU1nmFddHMAXc,,,,,,,,,,,,,,,,,,,,,,,,0.0,0.0,,attempt_dial,,,,,,,,,,,,,,,,,,,,,,,,,,,,,,,,,,,,,,,,,,,,,,,,,,,,,2026-01-07 20:14:26.105000+00:00,
2026-01-07T20:14:26.113Z,HEARTBEAT_DISCOVERY_NEEDED,unknown,,,,,,,,185.0,0.0,none,2.0,0.0,0.0,NO,0.0,0.0,9340272.0,9340272.0,,,,,,,,,,,,,,,,,,,,,,,,,,,,,,,,,,,,,,,,,,,,,,,,,,,,,,,,,,,,,,2026-01-07 20:14:26.113000+00:00,
2026-01-07T20:14:26.113Z,DISCOVERY_START,discovery,,,,,,,,,,,,,,,,,,,185.0,,2.0,,,,,,,,,,,,,,,,,,,,,,,,,,,,,,,,,,,,,,,,,,,,,,,,,,,,,,,,,,,2026-01-07 20:14:26.113000+00:00,
2026-01-07T20:14:34.213Z,DIAL_CHECK_START,16Uiu2HAm3vgCpcBuNwm3FfruZRo9jqBy3ZhT6BeQsBRNk88awD5e,,,,,,,,,,,,,,,,,,,,,,,,2.0,0.0,4702.0,,,,,,,,,,,,,,,,,,,,,,,,,,,,,,,,,,,,,,,,,,,,,,,,,,,,,,2026-01-07 20:14:34.213000+00:00,
2026-01-07T20:14:34.213Z,DIAL_ATTEMPT_START,16Uiu2HAm3vgCpcBuNwm3FfruZRo9jqBy3ZhT6BeQsBRNk88awD5e,,,,,,,,,,,,,,,,,,,4702.0,,,,1767816874213.0,,,,,,,,,,,,,,,,,,,,,,,,,,,,,,,,,,,,,,,,,,,,,,,,,,,,,,,,,2026-01-07 20:14:34.213000+00:00,
2026-01-07T20:14:34.214Z,DISCOVERY_DIAL_DECISION,16Uiu2HAm3vgCpcBuNwm3FfruZRo9jqBy3ZhT6BeQsBRNk88awD5e,,,,,,,,,,,,,,,,,,,,,,,,2.0,0.0,,attempt_dial,,,,,,,,,,,,,,,,,,,,,,,,,,,,,,,,,,,,,,,,,,,,,,,,,,,,,2026-01-07 20:14:34.214000+00:00,
2026-01-07T20:14:34.216Z,DIAL_CHECK_START,16Uiu2HAm3vgCpcBuNwm3FfruZRo9jqBy3ZhT6BeQsBRNk88awD5e,,,,,,,,,,,,,,,,,,,,,,,,0.0,0.0,4701.0,,,,,,,,,,,,,,,,,,,,,,,,,,,,,,,,,,,,,,,,,,,,,,,,,,,,,,2026-01-07 20:14:34.216000+00:00,
2026-01-07T20:14:34.216Z,DIAL_ATTEMPT_START,16Uiu2HAm3vgCpcBuNwm3FfruZRo9jqBy3ZhT6BeQsBRNk88awD5e,,,,,,,,,,,,,,,,,,,4701.0,,,,1767816874216.0,,,,,,,,,,,,,,,,,,,,,,,,,,,,,,,,,,,,,,,,,,,,,,,,,,,,,,,,,2026-01-07 20:14:34.216000+00:00,
2026-01-07T20:14:34.216Z,DISCOVERY_DIAL_DECISION,16Uiu2HAm3vgCpcBuNwm3FfruZRo9jqBy3ZhT6BeQsBRNk88awD5e,,,,,,,,,,,,,,,,,,,,,,,,0.0,0.0,,attempt_dial,,,,,,,,,,,,,,,,,,,,,,,,,,,,,,,,,,,,,,,,,,,,,,,,,,,,,2026-01-07 20:14:34.216000+00:00,
2026-01-07T20:14:34.445Z,DIAL_FAILURE,16Uiu2HAm3vgCpcBuNwm3FfruZRo9jqBy3ZhT6BeQsBRNk88awD5e,,,,,,,,,,,,,,,,,,,,,,,,,,,,unexpected end of input,229.0,,,,,,,,,,,,,,,,,,,,,,,,,,,,,,,,,,,,,,,,,,,,,,,,,,,2026-01-07 20:14:34.445000+00:00,
2026-01-07T20:14:34.445Z,DIAL_FAILURE,16Uiu2HAm3vgCpcBuNwm3FfruZRo9jqBy3ZhT6BeQsBRNk88awD5e,,,,,,,,,,,,,,,,,,,,,,,,,,,,unexpected end of input,232.0,,,,,,,,,,,,,,,,,,,,,,,,,,,,,,,,,,,,,,,,,,,,,,,,,,,2026-01-07 20:14:34.445000+00:00,
2026-01-07T20:14:36.605Z,DIAL_CHECK_START,16Uiu2HAm3vgCpcBuNwm3FfruZRo9jqBy3ZhT6BeQsBRNk88awD5e,,,,,,,,,,,,,,,,,,,,,,,,2.0,0.0,4700.0,,,,,,,,,,,,,,,,,,,,,,,,,,,,,,,,,,,,,,,,,,,,,,,,,,,,,,2026-01-07 20:14:36.605000+00:00,
2026-01-07T20:14:36.605Z,DIAL_ATTEMPT_START,16Uiu2HAm3vgCpcBuNwm3FfruZRo9jqBy3ZhT6BeQsBRNk88awD5e,,,,,,,,,,,,,,,,,,,4700.0,,,,1767816876605.0,,,,,,,,,,,,,,,,,,,,,,,,,,,,,,,,,,,,,,,,,,,,,,,,,,,,,,,,,2026-01-07 20:14:36.605000+00:00,
2026-01-07T20:14:36.606Z,DISCOVERY_DIAL_DECISION,16Uiu2HAm3vgCpcBuNwm3FfruZRo9jqBy3ZhT6BeQsBRNk88awD5e,,,,,,,,,,,,,,,,,,,,,,,,2.0,0.0,,attempt_dial,,,,,,,,,,,,,,,,,,,,,,,,,,,,,,,,,,,,,,,,,,,,,,,,,,,,,2026-01-07 20:14:36.606000+00:00,
2026-01-07T20:14:36.607Z,DIAL_CHECK_START,16Uiu2HAm1WSiV1yoCuXCEguUz2Gjq7uS2wL4e1FrN3771sHFxQfK,,,,,,,,,,,,,,,,,,,,,,,,2.0,0.0,4699.0,,,,,,,,,,,,,,,,,,,,,,,,,,,,,,,,,,,,,,,,,,,,,,,,,,,,,,2026-01-07 20:14:36.607000+00:00,
2026-01-07T20:14:36.607Z,DIAL_ATTEMPT_START,16Uiu2HAm1WSiV1yoCuXCEguUz2Gjq7uS2wL4e1FrN3771sHFxQfK,,,,,,,,,,,,,,,,,,,4699.0,,,,1767816876607.0,,,,,,,,,,,,,,,,,,,,,,,,,,,,,,,,,,,,,,,,,,,,,,,,,,,,,,,,,2026-01-07 20:14:36.607000+00:00,
2026-01-07T20:14:36.607Z,DISCOVERY_DIAL_DECISION,16Uiu2HAm1WSiV1yoCuXCEguUz2Gjq7uS2wL4e1FrN3771sHFxQfK,,,,,,,,,,,,,,,,,,,,,,,,2.0,0.0,,attempt_dial,,,,,,,,,,,,,,,,,,,,,,,,,,,,,,,,,,,,,,,,,,,,,,,,,,,,,2026-01-07 20:14:36.607000+00:00,
2026-01-07T20:14:36.609Z,DIAL_CHECK_START,16Uiu2HAm1WSiV1yoCuXCEguUz2Gjq7uS2wL4e1FrN3771sHFxQfK,,,,,,,,,,,,,,,,,,,,,,,,0.0,0.0,4698.0,,,,,,,,,,,,,,,,,,,,,,,,,,,,,,,,,,,,,,,,,,,,,,,,,,,,,,2026-01-07 20:14:36.609000+00:00,
2026-01-07T20:14:36.609Z,DIAL_ATTEMPT_START,16Uiu2HAm1WSiV1yoCuXCEguUz2Gjq7uS2wL4e1FrN3771sHFxQfK,,,,,,,,,,,,,,,,,,,4698.0,,,,1767816876609.0,,,,,,,,,,,,,,,,,,,,,,,,,,,,,,,,,,,,,,,,,,,,,,,,,,,,,,,,,2026-01-07 20:14:36.609000+00:00,
2026-01-07T20:14:36.609Z,DISCOVERY_DIAL_DECISION,16Uiu2HAm1WSiV1yoCuXCEguUz2Gjq7uS2wL4e1FrN3771sHFxQfK,,,,,,,,,,,,,,,,,,,,,,,,0.0,0.0,,attempt_dial,,,,,,,,,,,,,,,,,,,,,,,,,,,,,,,,,,,,,,,,,,,,,,,,,,,,,2026-01-07 20:14:36.609000+00:00,
2026-01-07T20:14:36.771Z,DIAL_SUCCESS,16Uiu2HAm1WSiV1yoCuXCEguUz2Gjq7uS2wL4e1FrN3771sHFxQfK,,,,,,,,,,,,,,,,,,,,,,,,,,,,,162.0,,,,,,,,,,,,,,,,,,,,,,,,,,,,,,,,,,,,,,,,,,,,,,,,,,,2026-01-07 20:14:36.771000+00:00,
2026-01-07T20:14:36.771Z,DIAL_SUCCESS,16Uiu2HAm1WSiV1yoCuXCEguUz2Gjq7uS2wL4e1FrN3771sHFxQfK,,,,,,,,,,,,,,,,,,,,,,,,,,,,,164.0,,,,,,,,,,,,,,,,,,,,,,,,,,,,,,,,,,,,,,,,,,,,,,,,,,,2026-01-07 20:14:36.771000+00:00,
2026-01-07T20:14:36.834Z,DIAL_FAILURE,16Uiu2HAm3vgCpcBuNwm3FfruZRo9jqBy3ZhT6BeQsBRNk88awD5e,,,,,,,,,,,,,,,,,,,,,,,,,,,,unexpected end of input,229.0,,,,,,,,,,,,,,,,,,,,,,,,,,,,,,,,,,,,,,,,,,,,,,,,,,,2026-01-07 20:14:36.834000+00:00,
2026-01-07T20:14:38.760Z,DIAL_CHECK_START,16Uiu2HAm3vgCpcBuNwm3FfruZRo9jqBy3ZhT6BeQsBRNk88awD5e,,,,,,,,,,,,,,,,,,,,,,,,2.0,0.0,4697.0,,,,,,,,,,,,,,,,,,,,,,,,,,,,,,,,,,,,,,,,,,,,,,,,,,,,,,2026-01-07 20:14:38.760000+00:00,
2026-01-07T20:14:38.761Z,DIAL_ATTEMPT_START,16Uiu2HAm3vgCpcBuNwm3FfruZRo9jqBy3ZhT6BeQsBRNk88awD5e,,,,,,,,,,,,,,,,,,,4697.0,,,,1767816878761.0,,,,,,,,,,,,,,,,,,,,,,,,,,,,,,,,,,,,,,,,,,,,,,,,,,,,,,,,,2026-01-07 20:14:38.761000+00:00,
2026-01-07T20:14:38.761Z,DISCOVERY_DIAL_DECISION,16Uiu2HAm3vgCpcBuNwm3FfruZRo9jqBy3ZhT6BeQsBRNk88awD5e,,,,,,,,,,,,,,,,,,,,,,,,2.0,0.0,,attempt_dial,,,,,,,,,,,,,,,,,,,,,,,,,,,,,,,,,,,,,,,,,,,,,,,,,,,,,2026-01-07 20:14:38.761000+00:00,
2026-01-07T20:14:38.993Z,DIAL_FAILURE,16Uiu2HAm3vgCpcBuNwm3FfruZRo9jqBy3ZhT6BeQsBRNk88awD5e,,,,,,,,,,,,,,,,,,,,,,,,,,,,unexpected end of input,232.0,,,,,,,,,,,,,,,,,,,,,,,,,,,,,,,,,,,,,,,,,,,,,,,,,,,2026-01-07 20:14:38.993000+00:00,
2026-01-07T20:14:40.281Z,DIAL_CHECK_START,16Uiu2HAm3vgCpcBuNwm3FfruZRo9jqBy3ZhT6BeQsBRNk88awD5e,,,,,,,,,,,,,,,,,,,,,,,,2.0,0.0,4696.0,,,,,,,,,,,,,,,,,,,,,,,,,,,,,,,,,,,,,,,,,,,,,,,,,,,,,,2026-01-07 20:14:40.281000+00:00,
2026-01-07T20:14:40.281Z,DIAL_ATTEMPT_START,16Uiu2HAm3vgCpcBuNwm3FfruZRo9jqBy3ZhT6BeQsBRNk88awD5e,,,,,,,,,,,,,,,,,,,4696.0,,,,1767816880281.0,,,,,,,,,,,,,,,,,,,,,,,,,,,,,,,,,,,,,,,,,,,,,,,,,,,,,,,,,2026-01-07 20:14:40.281000+00:00,
2026-01-07T20:14:40.281Z,DISCOVERY_DIAL_DECISION,16Uiu2HAm3vgCpcBuNwm3FfruZRo9jqBy3ZhT6BeQsBRNk88awD5e,,,,,,,,,,,,,,,,,,,,,,,,2.0,0.0,,attempt_dial,,,,,,,,,,,,,,,,,,,,,,,,,,,,,,,,,,,,,,,,,,,,,,,,,,,,,2026-01-07 20:14:40.281000+00:00,
2026-01-07T20:14:40.510Z,DIAL_FAILURE,16Uiu2HAm3vgCpcBuNwm3FfruZRo9jqBy3ZhT6BeQsBRNk88awD5e,,,,,,,,,,,,,,,,,,,,,,,,,,,,unexpected end of input,229.0,,,,,,,,,,,,,,,,,,,,,,,,,,,,,,,,,,,,,,,,,,,,,,,,,,,2026-01-07 20:14:40.510000+00:00,
2026-01-07T20:14:42.967Z,DIAL_FAILURE,16Uiu2HAm3Ryx2MhLdpkNMBswZ8svdBp5sMghH6MbvfevRfEDQhGQ,,,,,,,,,,,,,,,,,,,,,,,,,,,,connection error 169.155.44.139:21000: connect ETIMEDOUT 169.155.44.139:21000,135375.0,,,,,,,,,,,,,,,,,,,,,,,,,,,,,,,,,,,,,,,,,,,,,,,,,,,2026-01-07 20:14:42.967000+00:00,
2026-01-07T20:14:43.902Z,DIAL_CHECK_START,16Uiu2HAm3vgCpcBuNwm3FfruZRo9jqBy3ZhT6BeQsBRNk88awD5e,,,,,,,,,,,,,,,,,,,,,,,,2.0,0.0,4695.0,,,,,,,,,,,,,,,,,,,,,,,,,,,,,,,,,,,,,,,,,,,,,,,,,,,,,,2026-01-07 20:14:43.902000+00:00,
2026-01-07T20:14:43.902Z,DIAL_ATTEMPT_START,16Uiu2HAm3vgCpcBuNwm3FfruZRo9jqBy3ZhT6BeQsBRNk88awD5e,,,,,,,,,,,,,,,,,,,4695.0,,,,1767816883902.0,,,,,,,,,,,,,,,,,,,,,,,,,,,,,,,,,,,,,,,,,,,,,,,,,,,,,,,,,2026-01-07 20:14:43.902000+00:00,
2026-01-07T20:14:43.902Z,DISCOVERY_DIAL_DECISION,16Uiu2HAm3vgCpcBuNwm3FfruZRo9jqBy3ZhT6BeQsBRNk88awD5e,,,,,,,,,,,,,,,,,,,,,,,,2.0,0.0,,attempt_dial,,,,,,,,,,,,,,,,,,,,,,,,,,,,,,,,,,,,,,,,,,,,,,,,,,,,,2026-01-07 20:14:43.902000+00:00,
2026-01-07T20:14:44.131Z,DIAL_FAILURE,16Uiu2HAm3vgCpcBuNwm3FfruZRo9jqBy3ZhT6BeQsBRNk88awD5e,,,,,,,,,,,,,,,,,,,,,,,,,,,,unexpected end of input,229.0,,,,,,,,,,,,,,,,,,,,,,,,,,,,,,,,,,,,,,,,,,,,,,,,,,,2026-01-07 20:14:44.131000+00:00,
2026-01-07T20:14:46.052Z,DIAL_CHECK_START,16Uiu2HAm3NW2CQw7v4hAeHexxh1RNH9rEjGyxYzgtLiRB8kTNAWp,,,,,,,,,,,,,,,,,,,,,,,,2.0,0.0,4694.0,,,,,,,,,,,,,,,,,,,,,,,,,,,,,,,,,,,,,,,,,,,,,,,,,,,,,,2026-01-07 20:14:46.052000+00:00,
2026-01-07T20:14:46.052Z,DIAL_ATTEMPT_START,16Uiu2HAm3NW2CQw7v4hAeHexxh1RNH9rEjGyxYzgtLiRB8kTNAWp,,,,,,,,,,,,,,,,,,,4694.0,,,,1767816886052.0,,,,,,,,,,,,,,,,,,,,,,,,,,,,,,,,,,,,,,,,,,,,,,,,,,,,,,,,,2026-01-07 20:14:46.052000+00:00,
2026-01-07T20:14:46.052Z,DISCOVERY_DIAL_DECISION,16Uiu2HAm3NW2CQw7v4hAeHexxh1RNH9rEjGyxYzgtLiRB8kTNAWp,,,,,,,,,,,,,,,,,,,,,,,,2.0,0.0,,attempt_dial,,,,,,,,,,,,,,,,,,,,,,,,,,,,,,,,,,,,,,,,,,,,,,,,,,,,,2026-01-07 20:14:46.052000+00:00,
2026-01-07T20:14:46.602Z,DIAL_CHECK_START,16Uiu2HAmEaeDhpJu5LxUAg2k1EU9jBfZmYDikfTPkZwkvM4QEVm2,,,,,,,,,,,,,,,,,,,,,,,,2.0,0.0,4693.0,,,,,,,,,,,,,,,,,,,,,,,,,,,,,,,,,,,,,,,,,,,,,,,,,,,,,,2026-01-07 20:14:46.602000+00:00,
2026-01-07T20:14:46.602Z,DIAL_ATTEMPT_START,16Uiu2HAmEaeDhpJu5LxUAg2k1EU9jBfZmYDikfTPkZwkvM4QEVm2,,,,,,,,,,,,,,,,,,,4693.0,,,,1767816886602.0,,,,,,,,,,,,,,,,,,,,,,,,,,,,,,,,,,,,,,,,,,,,,,,,,,,,,,,,,2026-01-07 20:14:46.602000+00:00,
2026-01-07T20:14:46.602Z,DISCOVERY_DIAL_DECISION,16Uiu2HAmEaeDhpJu5LxUAg2k1EU9jBfZmYDikfTPkZwkvM4QEVm2,,,,,,,,,,,,,,,,,,,,,,,,2.0,0.0,,attempt_dial,,,,,,,,,,,,,,,,,,,,,,,,,,,,,,,,,,,,,,,,,,,,,,,,,,,,,2026-01-07 20:14:46.602000+00:00,
2026-01-07T20:14:46.875Z,DIAL_SUCCESS,16Uiu2HAmEaeDhpJu5LxUAg2k1EU9jBfZmYDikfTPkZwkvM4QEVm2,,,,,,,,,,,,,,,,,,,,,,,,,,,,,273.0,,,,,,,,,,,,,,,,,,,,,,,,,,,,,,,,,,,,,,,,,,,,,,,,,,,2026-01-07 20:14:46.875000+00:00,
2026-01-07T20:14:48.005Z,DIAL_CHECK_START,16Uiu2HAmGotpR8u96ER4RfwCQobCqobqqwt5JZ5Sjcy9z51RaNRh,,,,,,,,,,,,,,,,,,,,,,,,2.0,0.0,4692.0,,,,,,,,,,,,,,,,,,,,,,,,,,,,,,,,,,,,,,,,,,,,,,,,,,,,,,2026-01-07 20:14:48.005000+00:00,
2026-01-07T20:14:48.005Z,DIAL_ATTEMPT_START,16Uiu2HAmGotpR8u96ER4RfwCQobCqobqqwt5JZ5Sjcy9z51RaNRh,,,,,,,,,,,,,,,,,,,4692.0,,,,1767816888005.0,,,,,,,,,,,,,,,,,,,,,,,,,,,,,,,,,,,,,,,,,,,,,,,,,,,,,,,,,2026-01-07 20:14:48.005000+00:00,
2026-01-07T20:14:48.005Z,DISCOVERY_DIAL_DECISION,16Uiu2HAmGotpR8u96ER4RfwCQobCqobqqwt5JZ5Sjcy9z51RaNRh,,,,,,,,,,,,,,,,,,,,,,,,2.0,0.0,,attempt_dial,,,,,,,,,,,,,,,,,,,,,,,,,,,,,,,,,,,,,,,,,,,,,,,,,,,,,2026-01-07 20:14:48.005000+00:00,
2026-01-07T20:14:48.006Z,DIAL_CHECK_START,16Uiu2HAmGotpR8u96ER4RfwCQobCqobqqwt5JZ5Sjcy9z51RaNRh,,,,,,,,,,,,,,,,,,,,,,,,0.0,0.0,4691.0,,,,,,,,,,,,,,,,,,,,,,,,,,,,,,,,,,,,,,,,,,,,,,,,,,,,,,2026-01-07 20:14:48.006000+00:00,
2026-01-07T20:14:48.006Z,DIAL_ATTEMPT_START,16Uiu2HAmGotpR8u96ER4RfwCQobCqobqqwt5JZ5Sjcy9z51RaNRh,,,,,,,,,,,,,,,,,,,4691.0,,,,1767816888006.0,,,,,,,,,,,,,,,,,,,,,,,,,,,,,,,,,,,,,,,,,,,,,,,,,,,,,,,,,2026-01-07 20:14:48.006000+00:00,
2026-01-07T20:14:48.006Z,DISCOVERY_DIAL_DECISION,16Uiu2HAmGotpR8u96ER4RfwCQobCqobqqwt5JZ5Sjcy9z51RaNRh,,,,,,,,,,,,,,,,,,,,,,,,0.0,0.0,,attempt_dial,,,,,,,,,,,,,,,,,,,,,,,,,,,,,,,,,,,,,,,,,,,,,,,,,,,,,2026-01-07 20:14:48.006000+00:00,
2026-01-07T20:14:48.480Z,DIAL_SUCCESS,16Uiu2HAmGotpR8u96ER4RfwCQobCqobqqwt5JZ5Sjcy9z51RaNRh,,,,,,,,,,,,,,,,,,,,,,,,,,,,,474.0,,,,,,,,,,,,,,,,,,,,,,,,,,,,,,,,,,,,,,,,,,,,,,,,,,,2026-01-07 20:14:48.480000+00:00,
2026-01-07T20:14:48.480Z,DIAL_SUCCESS,16Uiu2HAmGotpR8u96ER4RfwCQobCqobqqwt5JZ5Sjcy9z51RaNRh,,,,,,,,,,,,,,,,,,,,,,,,,,,,,475.0,,,,,,,,,,,,,,,,,,,,,,,,,,,,,,,,,,,,,,,,,,,,,,,,,,,2026-01-07 20:14:48.480000+00:00,
2026-01-07T20:14:51.827Z,DIAL_CHECK_START,16Uiu2HAmGotpR8u96ER4RfwCQobCqobqqwt5JZ5Sjcy9z51RaNRh,,,,,,,,,,,,,,,,,,,,,,,,2.0,0.0,4690.0,,,,,,,,,,,,,,,,,,,,,,,,,,,,,,,,,,,,,,,,,,,,,,,,,,,,,,2026-01-07 20:14:51.827000+00:00,
2026-01-07T20:14:51.827Z,DIAL_ATTEMPT_START,16Uiu2HAmGotpR8u96ER4RfwCQobCqobqqwt5JZ5Sjcy9z51RaNRh,,,,,,,,,,,,,,,,,,,4690.0,,,,1767816891827.0,,,,,,,,,,,,,,,,,,,,,,,,,,,,,,,,,,,,,,,,,,,,,,,,,,,,,,,,,2026-01-07 20:14:51.827000+00:00,
2026-01-07T20:14:51.827Z,DISCOVERY_DIAL_DECISION,16Uiu2HAmGotpR8u96ER4RfwCQobCqobqqwt5JZ5Sjcy9z51RaNRh,,,,,,,,,,,,,,,,,,,,,,,,2.0,0.0,,attempt_dial,,,,,,,,,,,,,,,,,,,,,,,,,,,,,,,,,,,,,,,,,,,,,,,,,,,,,2026-01-07 20:14:51.827000+00:00,
2026-01-07T20:14:51.974Z,DIAL_CHECK_START,16Uiu2HAm1SiNEnCV1t7hHExcP3dnA6mqZveECLhcZQp6ism7R4Lm,,,,,,,,,,,,,,,,,,,,,,,,2.0,0.0,4689.0,,,,,,,,,,,,,,,,,,,,,,,,,,,,,,,,,,,,,,,,,,,,,,,,,,,,,,2026-01-07 20:14:51.974000+00:00,
2026-01-07T20:14:51.974Z,DIAL_ATTEMPT_START,16Uiu2HAm1SiNEnCV1t7hHExcP3dnA6mqZveECLhcZQp6ism7R4Lm,,,,,,,,,,,,,,,,,,,4689.0,,,,1767816891974.0,,,,,,,,,,,,,,,,,,,,,,,,,,,,,,,,,,,,,,,,,,,,,,,,,,,,,,,,,2026-01-07 20:14:51.974000+00:00,
2026-01-07T20:14:51.974Z,DISCOVERY_DIAL_DECISION,16Uiu2HAm1SiNEnCV1t7hHExcP3dnA6mqZveECLhcZQp6ism7R4Lm,,,,,,,,,,,,,,,,,,,,,,,,2.0,0.0,,attempt_dial,,,,,,,,,,,,,,,,,,,,,,,,,,,,,,,,,,,,,,,,,,,,,,,,,,,,,2026-01-07 20:14:51.974000+00:00,
2026-01-07T20:14:51.976Z,DIAL_CHECK_START,16Uiu2HAm1SiNEnCV1t7hHExcP3dnA6mqZveECLhcZQp6ism7R4Lm,,,,,,,,,,,,,,,,,,,,,,,,0.0,0.0,4688.0,,,,,,,,,,,,,,,,,,,,,,,,,,,,,,,,,,,,,,,,,,,,,,,,,,,,,,2026-01-07 20:14:51.976000+00:00,
2026-01-07T20:14:51.976Z,DIAL_ATTEMPT_START,16Uiu2HAm1SiNEnCV1t7hHExcP3dnA6mqZveECLhcZQp6ism7R4Lm,,,,,,,,,,,,,,,,,,,4688.0,,,,1767816891976.0,,,,,,,,,,,,,,,,,,,,,,,,,,,,,,,,,,,,,,,,,,,,,,,,,,,,,,,,,2026-01-07 20:14:51.976000+00:00,
2026-01-07T20:14:51.976Z,DISCOVERY_DIAL_DECISION,16Uiu2HAm1SiNEnCV1t7hHExcP3dnA6mqZveECLhcZQp6ism7R4Lm,,,,,,,,,,,,,,,,,,,,,,,,0.0,0.0,,attempt_dial,,,,,,,,,,,,,,,,,,,,,,,,,,,,,,,,,,,,,,,,,,,,,,,,,,,,,2026-01-07 20:14:51.976000+00:00,
2026-01-07T20:14:52.297Z,DIAL_SUCCESS,16Uiu2HAmGotpR8u96ER4RfwCQobCqobqqwt5JZ5Sjcy9z51RaNRh,,,,,,,,,,,,,,,,,,,,,,,,,,,,,470.0,,,,,,,,,,,,,,,,,,,,,,,,,,,,,,,,,,,,,,,,,,,,,,,,,,,2026-01-07 20:14:52.297000+00:00,
2026-01-07T20:14:53.668Z,DIAL_CHECK_START,16Uiu2HAm3vgCpcBuNwm3FfruZRo9jqBy3ZhT6BeQsBRNk88awD5e,,,,,,,,,,,,,,,,,,,,,,,,2.0,0.0,4687.0,,,,,,,,,,,,,,,,,,,,,,,,,,,,,,,,,,,,,,,,,,,,,,,,,,,,,,2026-01-07 20:14:53.668000+00:00,
2026-01-07T20:14:53.668Z,DIAL_ATTEMPT_START,16Uiu2HAm3vgCpcBuNwm3FfruZRo9jqBy3ZhT6BeQsBRNk88awD5e,,,,,,,,,,,,,,,,,,,4687.0,,,,1767816893668.0,,,,,,,,,,,,,,,,,,,,,,,,,,,,,,,,,,,,,,,,,,,,,,,,,,,,,,,,,2026-01-07 20:14:53.668000+00:00,
2026-01-07T20:14:53.668Z,DISCOVERY_DIAL_DECISION,16Uiu2HAm3vgCpcBuNwm3FfruZRo9jqBy3ZhT6BeQsBRNk88awD5e,,,,,,,,,,,,,,,,,,,,,,,,2.0,0.0,,attempt_dial,,,,,,,,,,,,,,,,,,,,,,,,,,,,,,,,,,,,,,,,,,,,,,,,,,,,,2026-01-07 20:14:53.668000+00:00,
2026-01-07T20:14:53.897Z,DIAL_FAILURE,16Uiu2HAm3vgCpcBuNwm3FfruZRo9jqBy3ZhT6BeQsBRNk88awD5e,,,,,,,,,,,,,,,,,,,,,,,,,,,,unexpected end of input,229.0,,,,,,,,,,,,,,,,,,,,,,,,,,,,,,,,,,,,,,,,,,,,,,,,,,,2026-01-07 20:14:53.897000+00:00,
2026-01-07T20:14:56.113Z,HEARTBEAT_DISCOVERY_NEEDED,unknown,,,,,,,,186.0,0.0,none,2.0,0.0,0.0,NO,0.0,0.0,9340274.0,9340274.0,,,,,,,,,,,,,,,,,,,,,,,,,,,,,,,,,,,,,,,,,,,,,,,,,,,,,,,,,,,,,,2026-01-07 20:14:56.113000+00:00,
2026-01-07T20:14:56.113Z,DISCOVERY_START,discovery,,,,,,,,,,,,,,,,,,,186.0,,2.0,,,,,,,,,,,,,,,,,,,,,,,,,,,,,,,,,,,,,,,,,,,,,,,,,,,,,,,,,,,2026-01-07 20:14:56.113000+00:00,
2026-01-07T20:14:56.115Z,DISCOVERY_FINDNODE_RESULT,unknown,,,,,,,,,,,,,,,,,,,,,,,,,,,,,,,,,,,,,,,,,,,,,,,,,,,,,,,,,,,,,,,,,,,16.0,60005.0,,,,,,,,,,,,2026-01-07 20:14:56.115000+00:00,
2026-01-07T20:15:26.114Z,HEARTBEAT_DISCOVERY_NEEDED,unknown,,,,,,,,187.0,0.0,none,2.0,0.0,0.0,NO,0.0,2.0,9340277.0,9340275.0,,,,,,,,,,,,,,,,,,,,,,,,,,,,,,,,,,,,,,,,,,,,,,,,,,,,,,,,,,,,,,2026-01-07 20:15:26.114000+00:00,
2026-01-07T20:15:26.114Z,DISCOVERY_START,discovery,,,,,,,,,,,,,,,,,,,187.0,,2.0,,,,,,,,,,,,,,,,,,,,,,,,,,,,,,,,,,,,,,,,,,,,,,,,,,,,,,,,,,,2026-01-07 20:15:26.114000+00:00,
2026-01-07T20:15:26.114Z,DISCOVERY_FINDNODE_START,unknown,,,,,,,,,,,,,,,,,,,5059.0,,,0.0,1767816926114.0,,,,,,,,,,,,,,,,,,,,,,,,,,,,,,,,,,,,,,,,,,,,,,,,,,,,,,,,,2026-01-07 20:15:26.114000+00:00,
2026-01-07T20:15:36.817Z,DIAL_CHECK_START,16Uiu2HAmGZM39dR8mjR22DAwYt2sWFu6ww9ZkRctvXqa6ZJJq7Yh,,,,,,,,,,,,,,,,,,,,,,,,2.0,0.0,5059.0,,,,,,,,,,,,,,,,,,,,,,,,,,,,,,,,,,,,,,,,,,,,,,,,,,,,,,2026-01-07 20:15:36.817000+00:00,
2026-01-07T20:15:36.817Z,DIAL_ATTEMPT_START,16Uiu2HAmGZM39dR8mjR22DAwYt2sWFu6ww9ZkRctvXqa6ZJJq7Yh,,,,,,,,,,,,,,,,,,,5059.0,,,,1767816936817.0,,,,,,,,,,,,,,,,,,,,,,,,,,,,,,,,,,,,,,,,,,,,,,,,,,,,,,,,,2026-01-07 20:15:36.817000+00:00,
2026-01-07T20:15:36.817Z,DISCOVERY_DIAL_DECISION,16Uiu2HAmGZM39dR8mjR22DAwYt2sWFu6ww9ZkRctvXqa6ZJJq7Yh,,,,,,,,,,,,,,,,,,,,,,,,2.0,0.0,,attempt_dial,,,,,,,,,,,,,,,,,,,,,,,,,,,,,,,,,,,,,,,,,,,,,,,,,,,,,2026-01-07 20:15:36.817000+00:00,
2026-01-07T20:15:36.818Z,DIAL_CHECK_START,16Uiu2HAmGZM39dR8mjR22DAwYt2sWFu6ww9ZkRctvXqa6ZJJq7Yh,,,,,,,,,,,,,,,,,,,,,,,,0.0,0.0,5058.0,,,,,,,,,,,,,,,,,,,,,,,,,,,,,,,,,,,,,,,,,,,,,,,,,,,,,,2026-01-07 20:15:36.818000+00:00,
2026-01-07T20:15:36.818Z,DIAL_ATTEMPT_START,16Uiu2HAmGZM39dR8mjR22DAwYt2sWFu6ww9ZkRctvXqa6ZJJq7Yh,,,,,,,,,,,,,,,,,,,5058.0,,,,1767816936818.0,,,,,,,,,,,,,,,,,,,,,,,,,,,,,,,,,,,,,,,,,,,,,,,,,,,,,,,,,2026-01-07 20:15:36.818000+00:00,
2026-01-07T20:15:36.818Z,DISCOVERY_DIAL_DECISION,16Uiu2HAmGZM39dR8mjR22DAwYt2sWFu6ww9ZkRctvXqa6ZJJq7Yh,,,,,,,,,,,,,,,,,,,,,,,,0.0,0.0,,attempt_dial,,,,,,,,,,,,,,,,,,,,,,,,,,,,,,,,,,,,,,,,,,,,,,,,,,,,,2026-01-07 20:15:36.818000+00:00,
2026-01-07T20:15:45.179Z,DIAL_CHECK_START,16Uiu2HAm39qk213SFPSFbuSpih5LNeppNXP3fG3bLg2CwNzmPmHL,,,,,,,,,,,,,,,,,,,,,,,,2.0,0.0,5057.0,,,,,,,,,,,,,,,,,,,,,,,,,,,,,,,,,,,,,,,,,,,,,,,,,,,,,,2026-01-07 20:15:45.179000+00:00,
2026-01-07T20:15:45.179Z,DIAL_ATTEMPT_START,16Uiu2HAm39qk213SFPSFbuSpih5LNeppNXP3fG3bLg2CwNzmPmHL,,,,,,,,,,,,,,,,,,,5057.0,,,,1767816945179.0,,,,,,,,,,,,,,,,,,,,,,,,,,,,,,,,,,,,,,,,,,,,,,,,,,,,,,,,,2026-01-07 20:15:45.179000+00:00,
2026-01-07T20:15:45.179Z,DISCOVERY_DIAL_DECISION,16Uiu2HAm39qk213SFPSFbuSpih5LNeppNXP3fG3bLg2CwNzmPmHL,,,,,,,,,,,,,,,,,,,,,,,,2.0,0.0,,attempt_dial,,,,,,,,,,,,,,,,,,,,,,,,,,,,,,,,,,,,,,,,,,,,,,,,,,,,,2026-01-07 20:15:45.179000+00:00,
2026-01-07T20:15:45.180Z,DIAL_CHECK_START,16Uiu2HAm39qk213SFPSFbuSpih5LNeppNXP3fG3bLg2CwNzmPmHL,,,,,,,,,,,,,,,,,,,,,,,,0.0,0.0,5056.0,,,,,,,,,,,,,,,,,,,,,,,,,,,,,,,,,,,,,,,,,,,,,,,,,,,,,,2026-01-07 20:15:45.180000+00:00,
2026-01-07T20:15:45.180Z,DIAL_ATTEMPT_START,16Uiu2HAm39qk213SFPSFbuSpih5LNeppNXP3fG3bLg2CwNzmPmHL,,,,,,,,,,,,,,,,,,,5056.0,,,,1767816945180.0,,,,,,,,,,,,,,,,,,,,,,,,,,,,,,,,,,,,,,,,,,,,,,,,,,,,,,,,,2026-01-07 20:15:45.180000+00:00,
2026-01-07T20:15:45.180Z,DISCOVERY_DIAL_DECISION,16Uiu2HAm39qk213SFPSFbuSpih5LNeppNXP3fG3bLg2CwNzmPmHL,,,,,,,,,,,,,,,,,,,,,,,,0.0,0.0,,attempt_dial,,,,,,,,,,,,,,,,,,,,,,,,,,,,,,,,,,,,,,,,,,,,,,,,,,,,,2026-01-07 20:15:45.180000+00:00,
2026-01-07T20:15:46.034Z,DIAL_SUCCESS,16Uiu2HAm39qk213SFPSFbuSpih5LNeppNXP3fG3bLg2CwNzmPmHL,,,,,,,,,,,,,,,,,,,,,,,,,,,,,854.0,,,,,,,,,,,,,,,,,,,,,,,,,,,,,,,,,,,,,,,,,,,,,,,,,,,2026-01-07 20:15:46.034000+00:00,
2026-01-07T20:15:46.034Z,DIAL_SUCCESS,16Uiu2HAm39qk213SFPSFbuSpih5LNeppNXP3fG3bLg2CwNzmPmHL,,,,,,,,,,,,,,,,,,,,,,,,,,,,,855.0,,,,,,,,,,,,,,,,,,,,,,,,,,,,,,,,,,,,,,,,,,,,,,,,,,,2026-01-07 20:15:46.034000+00:00,
2026-01-07T20:15:56.114Z,HEARTBEAT_DISCOVERY_NEEDED,unknown,,,,,,,,189.0,0.0,none,2.0,0.0,0.0,NO,0.0,0.0,9340279.0,9340279.0,,,,,,,,,,,,,,,,,,,,,,,,,,,,,,,,,,,,,,,,,,,,,,,,,,,,,,,,,,,,,,2026-01-07 20:15:56.114000+00:00,
2026-01-07T20:15:56.114Z,DISCOVERY_START,discovery,,,,,,,,,,,,,,,,,,,189.0,,2.0,,,,,,,,,,,,,,,,,,,,,,,,,,,,,,,,,,,,,,,,,,,,,,,,,,,,,,,,,,,2026-01-07 20:15:56.114000+00:00,
2026-01-07T20:15:57.225Z,DIAL_FAILURE,16Uiu2HAkyfri5epE8JxTEHRuaAwZ15H5WfxZZv6ss84vQPqVapqg,,,,,,,,,,,,,,,,,,,,,,,,,,,,Timed out,120145.0,,,,,,,,,,,,,,,,,,,,,,,,,,,,,,,,,,,,,,,,,,,,,,,,,,,2026-01-07 20:15:57.225000+00:00,
2026-01-07T20:15:59.659Z,DIAL_CHECK_START,16Uiu2HAmUyESrtHF4W23fptS7urYfPpceX76vqezTeLCcejiWTQR,,,,,,,,,,,,,,,,,,,,,,,,2.0,0.0,5244.0,,,,,,,,,,,,,,,,,,,,,,,,,,,,,,,,,,,,,,,,,,,,,,,,,,,,,,2026-01-07 20:15:59.659000+00:00,
2026-01-07T20:15:59.659Z,DIAL_ATTEMPT_START,16Uiu2HAmUyESrtHF4W23fptS7urYfPpceX76vqezTeLCcejiWTQR,,,,,,,,,,,,,,,,,,,5244.0,,,,1767816959659.0,,,,,,,,,,,,,,,,,,,,,,,,,,,,,,,,,,,,,,,,,,,,,,,,,,,,,,,,,2026-01-07 20:15:59.659000+00:00,
2026-01-07T20:15:59.659Z,DISCOVERY_DIAL_DECISION,16Uiu2HAmUyESrtHF4W23fptS7urYfPpceX76vqezTeLCcejiWTQR,,,,,,,,,,,,,,,,,,,,,,,,2.0,0.0,,attempt_dial,,,,,,,,,,,,,,,,,,,,,,,,,,,,,,,,,,,,,,,,,,,,,,,,,,,,,2026-01-07 20:15:59.659000+00:00,
2026-01-07T20:15:59.660Z,DIAL_CHECK_START,16Uiu2HAmUyESrtHF4W23fptS7urYfPpceX76vqezTeLCcejiWTQR,,,,,,,,,,,,,,,,,,,,,,,,0.0,0.0,5243.0,,,,,,,,,,,,,,,,,,,,,,,,,,,,,,,,,,,,,,,,,,,,,,,,,,,,,,2026-01-07 20:15:59.660000+00:00,
2026-01-07T20:15:59.660Z,DIAL_ATTEMPT_START,16Uiu2HAmUyESrtHF4W23fptS7urYfPpceX76vqezTeLCcejiWTQR,,,,,,,,,,,,,,,,,,,5243.0,,,,1767816959660.0,,,,,,,,,,,,,,,,,,,,,,,,,,,,,,,,,,,,,,,,,,,,,,,,,,,,,,,,,2026-01-07 20:15:59.660000+00:00,
2026-01-07T20:15:59.660Z,DISCOVERY_DIAL_DECISION,16Uiu2HAmUyESrtHF4W23fptS7urYfPpceX76vqezTeLCcejiWTQR,,,,,,,,,,,,,,,,,,,,,,,,0.0,0.0,,attempt_dial,,,,,,,,,,,,,,,,,,,,,,,,,,,,,,,,,,,,,,,,,,,,,,,,,,,,,2026-01-07 20:15:59.660000+00:00,
2026-01-07T20:16:08.935Z,DIAL_CHECK_START,16Uiu2HAmRg6qxdjaabbnqg6t9kWywgpJwDaNjrqjwLK573UCpf4V,,,,,,,,,,,,,,,,,,,,,,,,64.0,4.0,5242.0,,,,,,,,,,,,,,,,,,,,,,,,,,,,,,,,,,,,,,,,,,,,,,,,,,,,,,2026-01-07 20:16:08.935000+00:00,
2026-01-07T20:16:08.935Z,DIAL_ATTEMPT_START,16Uiu2HAmRg6qxdjaabbnqg6t9kWywgpJwDaNjrqjwLK573UCpf4V,,,,,,,,,,,,,,,,,,,5242.0,,,,1767816968935.0,,,,,,,,,,,,,,,,,,,,,,,,,,,,,,,,,,,,,,,,,,,,,,,,,,,,,,,,,2026-01-07 20:16:08.935000+00:00,
2026-01-07T20:16:08.935Z,DISCOVERY_DIAL_DECISION,16Uiu2HAmRg6qxdjaabbnqg6t9kWywgpJwDaNjrqjwLK573UCpf4V,,,,,,,,,,,,,,,,,,,,,,,,64.0,4.0,,attempt_dial,,,,,,,,,,,,,,,,,,,,,,,,,,,,,,,,,,,,,,,,,,,,,,,,,,,,,2026-01-07 20:16:08.935000+00:00,
2026-01-07T20:16:08.936Z,DIAL_CHECK_START,16Uiu2HAmRg6qxdjaabbnqg6t9kWywgpJwDaNjrqjwLK573UCpf4V,,,,,,,,,,,,,,,,,,,,,,,,0.0,0.0,5241.0,,,,,,,,,,,,,,,,,,,,,,,,,,,,,,,,,,,,,,,,,,,,,,,,,,,,,,2026-01-07 20:16:08.936000+00:00,
2026-01-07T20:16:08.936Z,DIAL_ATTEMPT_START,16Uiu2HAmRg6qxdjaabbnqg6t9kWywgpJwDaNjrqjwLK573UCpf4V,,,,,,,,,,,,,,,,,,,5241.0,,,,1767816968936.0,,,,,,,,,,,,,,,,,,,,,,,,,,,,,,,,,,,,,,,,,,,,,,,,,,,,,,,,,2026-01-07 20:16:08.936000+00:00,
2026-01-07T20:16:08.936Z,DISCOVERY_DIAL_DECISION,16Uiu2HAmRg6qxdjaabbnqg6t9kWywgpJwDaNjrqjwLK573UCpf4V,,,,,,,,,,,,,,,,,,,,,,,,0.0,0.0,,attempt_dial,,,,,,,,,,,,,,,,,,,,,,,,,,,,,,,,,,,,,,,,,,,,,,,,,,,,,2026-01-07 20:16:08.936000+00:00,
2026-01-07T20:16:09.502Z,DIAL_SUCCESS,16Uiu2HAmRg6qxdjaabbnqg6t9kWywgpJwDaNjrqjwLK573UCpf4V,,,,,,,,,,,,,,,,,,,,,,,,,,,,,566.0,,,,,,,,,,,,,,,,,,,,,,,,,,,,,,,,,,,,,,,,,,,,,,,,,,,2026-01-07 20:16:09.502000+00:00,
2026-01-07T20:16:09.502Z,DIAL_SUCCESS,16Uiu2HAmRg6qxdjaabbnqg6t9kWywgpJwDaNjrqjwLK573UCpf4V,,,,,,,,,,,,,,,,,,,,,,,,,,,,,567.0,,,,,,,,,,,,,,,,,,,,,,,,,,,,,,,,,,,,,,,,,,,,,,,,,,,2026-01-07 20:16:09.502000+00:00,
2026-01-07T20:16:11.571Z,DIAL_CHECK_START,16Uiu2HAmBourK8UA3tyEckv2bi4Rqm96zaxKrkkWTCgLQ1BFd5xG,,,,,,,,,,,,,,,,,,,,,,,,2.0,0.0,5240.0,,,,,,,,,,,,,,,,,,,,,,,,,,,,,,,,,,,,,,,,,,,,,,,,,,,,,,2026-01-07 20:16:11.571000+00:00,
2026-01-07T20:16:11.571Z,DIAL_ATTEMPT_START,16Uiu2HAmBourK8UA3tyEckv2bi4Rqm96zaxKrkkWTCgLQ1BFd5xG,,,,,,,,,,,,,,,,,,,5240.0,,,,1767816971571.0,,,,,,,,,,,,,,,,,,,,,,,,,,,,,,,,,,,,,,,,,,,,,,,,,,,,,,,,,2026-01-07 20:16:11.571000+00:00,
2026-01-07T20:16:11.571Z,DISCOVERY_DIAL_DECISION,16Uiu2HAmBourK8UA3tyEckv2bi4Rqm96zaxKrkkWTCgLQ1BFd5xG,,,,,,,,,,,,,,,,,,,,,,,,2.0,0.0,,attempt_dial,,,,,,,,,,,,,,,,,,,,,,,,,,,,,,,,,,,,,,,,,,,,,,,,,,,,,2026-01-07 20:16:11.571000+00:00,
2026-01-07T20:16:11.572Z,DIAL_CHECK_START,16Uiu2HAmBourK8UA3tyEckv2bi4Rqm96zaxKrkkWTCgLQ1BFd5xG,,,,,,,,,,,,,,,,,,,,,,,,0.0,0.0,5239.0,,,,,,,,,,,,,,,,,,,,,,,,,,,,,,,,,,,,,,,,,,,,,,,,,,,,,,2026-01-07 20:16:11.572000+00:00,
2026-01-07T20:16:11.572Z,DIAL_ATTEMPT_START,16Uiu2HAmBourK8UA3tyEckv2bi4Rqm96zaxKrkkWTCgLQ1BFd5xG,,,,,,,,,,,,,,,,,,,5239.0,,,,1767816971572.0,,,,,,,,,,,,,,,,,,,,,,,,,,,,,,,,,,,,,,,,,,,,,,,,,,,,,,,,,2026-01-07 20:16:11.572000+00:00,
2026-01-07T20:16:11.572Z,DISCOVERY_DIAL_DECISION,16Uiu2HAmBourK8UA3tyEckv2bi4Rqm96zaxKrkkWTCgLQ1BFd5xG,,,,,,,,,,,,,,,,,,,,,,,,0.0,0.0,,attempt_dial,,,,,,,,,,,,,,,,,,,,,,,,,,,,,,,,,,,,,,,,,,,,,,,,,,,,,2026-01-07 20:16:11.572000+00:00,
2026-01-07T20:16:13.078Z,DIAL_FAILURE,16Uiu2HAkujePArPAmhAZqk79rj4TBZfLfV4UAUJGjJJRMy2Yfx1h,,,,,,,,,,,,,,,,,,,,,,,,,,,,connection error 89.222.124.18:11000: connect ETIMEDOUT 89.222.124.18:11000,135702.0,,,,,,,,,,,,,,,,,,,,,,,,,,,,,,,,,,,,,,,,,,,,,,,,,,,2026-01-07 20:16:13.078000+00:00,
2026-01-07T20:16:21.500Z,DIAL_CHECK_START,16Uiu2HAkuevQyBSUfS4HWc1TD2LhC51y6eMHawK91XJNgje3139p,,,,,,,,,,,,,,,,,,,,,,,,2.0,0.0,5238.0,,,,,,,,,,,,,,,,,,,,,,,,,,,,,,,,,,,,,,,,,,,,,,,,,,,,,,2026-01-07 20:16:21.500000+00:00,
2026-01-07T20:16:21.500Z,DIAL_ATTEMPT_START,16Uiu2HAkuevQyBSUfS4HWc1TD2LhC51y6eMHawK91XJNgje3139p,,,,,,,,,,,,,,,,,,,5238.0,,,,1767816981500.0,,,,,,,,,,,,,,,,,,,,,,,,,,,,,,,,,,,,,,,,,,,,,,,,,,,,,,,,,2026-01-07 20:16:21.500000+00:00,
2026-01-07T20:16:21.500Z,DISCOVERY_DIAL_DECISION,16Uiu2HAkuevQyBSUfS4HWc1TD2LhC51y6eMHawK91XJNgje3139p,,,,,,,,,,,,,,,,,,,,,,,,2.0,0.0,,attempt_dial,,,,,,,,,,,,,,,,,,,,,,,,,,,,,,,,,,,,,,,,,,,,,,,,,,,,,2026-01-07 20:16:21.500000+00:00,
2026-01-07T20:16:21.501Z,DIAL_CHECK_START,16Uiu2HAkuevQyBSUfS4HWc1TD2LhC51y6eMHawK91XJNgje3139p,,,,,,,,,,,,,,,,,,,,,,,,0.0,0.0,5237.0,,,,,,,,,,,,,,,,,,,,,,,,,,,,,,,,,,,,,,,,,,,,,,,,,,,,,,2026-01-07 20:16:21.501000+00:00,
2026-01-07T20:16:21.501Z,DIAL_ATTEMPT_START,16Uiu2HAkuevQyBSUfS4HWc1TD2LhC51y6eMHawK91XJNgje3139p,,,,,,,,,,,,,,,,,,,5237.0,,,,1767816981501.0,,,,,,,,,,,,,,,,,,,,,,,,,,,,,,,,,,,,,,,,,,,,,,,,,,,,,,,,,2026-01-07 20:16:21.501000+00:00,
2026-01-07T20:16:21.501Z,DISCOVERY_DIAL_DECISION,16Uiu2HAkuevQyBSUfS4HWc1TD2LhC51y6eMHawK91XJNgje3139p,,,,,,,,,,,,,,,,,,,,,,,,0.0,0.0,,attempt_dial,,,,,,,,,,,,,,,,,,,,,,,,,,,,,,,,,,,,,,,,,,,,,,,,,,,,,2026-01-07 20:16:21.501000+00:00,
2026-01-07T20:16:21.649Z,DIAL_SUCCESS,16Uiu2HAkuevQyBSUfS4HWc1TD2LhC51y6eMHawK91XJNgje3139p,,,,,,,,,,,,,,,,,,,,,,,,,,,,,148.0,,,,,,,,,,,,,,,,,,,,,,,,,,,,,,,,,,,,,,,,,,,,,,,,,,,2026-01-07 20:16:21.649000+00:00,
2026-01-07T20:16:21.649Z,DIAL_SUCCESS,16Uiu2HAkuevQyBSUfS4HWc1TD2LhC51y6eMHawK91XJNgje3139p,,,,,,,,,,,,,,,,,,,,,,,,,,,,,149.0,,,,,,,,,,,,,,,,,,,,,,,,,,,,,,,,,,,,,,,,,,,,,,,,,,,2026-01-07 20:16:21.649000+00:00,
2026-01-07T20:16:26.117Z,HEARTBEAT_DISCOVERY_NEEDED,unknown,,,,,,,,188.0,0.0,none,2.0,0.0,0.0,NO,0.0,0.0,9340282.0,9340282.0,,,,,,,,,,,,,,,,,,,,,,,,,,,,,,,,,,,,,,,,,,,,,,,,,,,,,,,,,,,,,,2026-01-07 20:16:26.117000+00:00,
2026-01-07T20:16:26.117Z,DISCOVERY_START,discovery,,,,,,,,,,,,,,,,,,,188.0,,2.0,,,,,,,,,,,,,,,,,,,,,,,,,,,,,,,,,,,,,,,,,,,,,,,,,,,,,,,,,,,2026-01-07 20:16:26.117000+00:00,
2026-01-07T20:16:26.119Z,DISCOVERY_FINDNODE_RESULT,unknown,,,,,,,,,,,,,,,,,,,,,,,,,,,,,,,,,,,,,,,,,,,,,,,,,,,,,,,,,,,,,,,,,,,16.0,60005.0,,,,,,,,,,,,2026-01-07 20:16:26.119000+00:00,
2026-01-07T20:16:41.764Z,DIAL_FAILURE,16Uiu2HAmPAWeKQM7TxLVY8Ugb235uwBe65MEYsHZU1nmFddHMAXc,,,,,,,,,,,,,,,,,,,,,,,,,,,,connection error 152.53.13.112:13000: connect ETIMEDOUT 152.53.13.112:13000,135659.0,,,,,,,,,,,,,,,,,,,,,,,,,,,,,,,,,,,,,,,,,,,,,,,,,,,2026-01-07 20:16:41.764000+00:00,
2026-01-07T20:16:56.116Z,HEARTBEAT_DISCOVERY_NEEDED,unknown,,,,,,,,189.0,0.0,none,2.0,0.0,0.0,NO,0.0,0.0,9340284.0,9340284.0,,,,,,,,,,,,,,,,,,,,,,,,,,,,,,,,,,,,,,,,,,,,,,,,,,,,,,,,,,,,,,2026-01-07 20:16:56.116000+00:00,
2026-01-07T20:16:56.116Z,DISCOVERY_START,discovery,,,,,,,,,,,,,,,,,,,189.0,,2.0,,,,,,,,,,,,,,,,,,,,,,,,,,,,,,,,,,,,,,,,,,,,,,,,,,,,,,,,,,,2026-01-07 20:16:56.116000+00:00,
2026-01-07T20:16:56.116Z,DISCOVERY_FINDNODE_START,unknown,,,,,,,,,,,,,,,,,,,5613.0,,,0.0,1767817016116.0,,,,,,,,,,,,,,,,,,,,,,,,,,,,,,,,,,,,,,,,,,,,,,,,,,,,,,,,,2026-01-07 20:16:56.116000+00:00,
2026-01-07T20:16:56.241Z,DIAL_CHECK_START,16Uiu2HAmSYQo1eEWDRuoC2vGeXdaU5cPz1MVGRAZMQTs5d9zcYUA,,,,,,,,,,,,,,,,,,,,,,,,2.0,0.0,5613.0,,,,,,,,,,,,,,,,,,,,,,,,,,,,,,,,,,,,,,,,,,,,,,,,,,,,,,2026-01-07 20:16:56.241000+00:00,
2026-01-07T20:16:56.241Z,DIAL_ATTEMPT_START,16Uiu2HAmSYQo1eEWDRuoC2vGeXdaU5cPz1MVGRAZMQTs5d9zcYUA,,,,,,,,,,,,,,,,,,,5613.0,,,,1767817016241.0,,,,,,,,,,,,,,,,,,,,,,,,,,,,,,,,,,,,,,,,,,,,,,,,,,,,,,,,,2026-01-07 20:16:56.241000+00:00,
2026-01-07T20:16:56.241Z,DISCOVERY_DIAL_DECISION,16Uiu2HAmSYQo1eEWDRuoC2vGeXdaU5cPz1MVGRAZMQTs5d9zcYUA,,,,,,,,,,,,,,,,,,,,,,,,2.0,0.0,,attempt_dial,,,,,,,,,,,,,,,,,,,,,,,,,,,,,,,,,,,,,,,,,,,,,,,,,,,,,2026-01-07 20:16:56.241000+00:00,
2026-01-07T20:16:56.386Z,DIAL_CHECK_START,16Uiu2HAmD1T5b1AKyzNGB2xk2g2y6gTQxLWQZAAyt1maBEmPLtt6,,,,,,,,,,,,,,,,,,,,,,,,2.0,0.0,5612.0,,,,,,,,,,,,,,,,,,,,,,,,,,,,,,,,,,,,,,,,,,,,,,,,,,,,,,2026-01-07 20:16:56.386000+00:00,
2026-01-07T20:16:56.386Z,DIAL_ATTEMPT_START,16Uiu2HAmD1T5b1AKyzNGB2xk2g2y6gTQxLWQZAAyt1maBEmPLtt6,,,,,,,,,,,,,,,,,,,5612.0,,,,1767817016386.0,,,,,,,,,,,,,,,,,,,,,,,,,,,,,,,,,,,,,,,,,,,,,,,,,,,,,,,,,2026-01-07 20:16:56.386000+00:00,
2026-01-07T20:16:56.386Z,DISCOVERY_DIAL_DECISION,16Uiu2HAmD1T5b1AKyzNGB2xk2g2y6gTQxLWQZAAyt1maBEmPLtt6,,,,,,,,,,,,,,,,,,,,,,,,2.0,0.0,,attempt_dial,,,,,,,,,,,,,,,,,,,,,,,,,,,,,,,,,,,,,,,,,,,,,,,,,,,,,2026-01-07 20:16:56.386000+00:00,
2026-01-07T20:16:56.387Z,DIAL_CHECK_START,16Uiu2HAmHC67yLMggoGaAFyhm92jraDHTuoGGa3ZgM5dUoooFqc2,,,,,,,,,,,,,,,,,,,,,,,,2.0,4.0,5611.0,,,,,,,,,,,,,,,,,,,,,,,,,,,,,,,,,,,,,,,,,,,,,,,,,,,,,,2026-01-07 20:16:56.387000+00:00,
2026-01-07T20:16:56.387Z,DIAL_ATTEMPT_START,16Uiu2HAmHC67yLMggoGaAFyhm92jraDHTuoGGa3ZgM5dUoooFqc2,,,,,,,,,,,,,,,,,,,5611.0,,,,1767817016387.0,,,,,,,,,,,,,,,,,,,,,,,,,,,,,,,,,,,,,,,,,,,,,,,,,,,,,,,,,2026-01-07 20:16:56.387000+00:00,
2026-01-07T20:16:56.387Z,DISCOVERY_DIAL_DECISION,16Uiu2HAmHC67yLMggoGaAFyhm92jraDHTuoGGa3ZgM5dUoooFqc2,,,,,,,,,,,,,,,,,,,,,,,,2.0,4.0,,attempt_dial,,,,,,,,,,,,,,,,,,,,,,,,,,,,,,,,,,,,,,,,,,,,,,,,,,,,,2026-01-07 20:16:56.387000+00:00,
2026-01-07T20:16:56.473Z,DIAL_FAILURE,16Uiu2HAmD1T5b1AKyzNGB2xk2g2y6gTQxLWQZAAyt1maBEmPLtt6,,,,,,,,,,,,,,,,,,,,,,,,,,,,read ECONNRESET,87.0,,,,,,,,,,,,,,,,,,,,,,,,,,,,,,,,,,,,,,,,,,,,,,,,,,,2026-01-07 20:16:56.473000+00:00,
2026-01-07T20:16:56.610Z,DIAL_CHECK_START,16Uiu2HAmRi6t6xZky5Yi4QA7EomubGDgd5Y4JzcqaPqQ6mWDhyvy,,,,,,,,,,,,,,,,,,,,,,,,2.0,0.0,5610.0,,,,,,,,,,,,,,,,,,,,,,,,,,,,,,,,,,,,,,,,,,,,,,,,,,,,,,2026-01-07 20:16:56.610000+00:00,
2026-01-07T20:16:56.610Z,DIAL_ATTEMPT_START,16Uiu2HAmRi6t6xZky5Yi4QA7EomubGDgd5Y4JzcqaPqQ6mWDhyvy,,,,,,,,,,,,,,,,,,,5610.0,,,,1767817016610.0,,,,,,,,,,,,,,,,,,,,,,,,,,,,,,,,,,,,,,,,,,,,,,,,,,,,,,,,,2026-01-07 20:16:56.610000+00:00,
2026-01-07T20:16:56.610Z,DISCOVERY_DIAL_DECISION,16Uiu2HAmRi6t6xZky5Yi4QA7EomubGDgd5Y4JzcqaPqQ6mWDhyvy,,,,,,,,,,,,,,,,,,,,,,,,2.0,0.0,,attempt_dial,,,,,,,,,,,,,,,,,,,,,,,,,,,,,,,,,,,,,,,,,,,,,,,,,,,,,2026-01-07 20:16:56.610000+00:00,
2026-01-07T20:16:56.861Z,DIAL_SUCCESS,16Uiu2HAmHC67yLMggoGaAFyhm92jraDHTuoGGa3ZgM5dUoooFqc2,,,,,,,,,,,,,,,,,,,,,,,,,,,,,474.0,,,,,,,,,,,,,,,,,,,,,,,,,,,,,,,,,,,,,,,,,,,,,,,,,,,2026-01-07 20:16:56.861000+00:00,
2026-01-07T20:16:56.872Z,DIAL_CHECK_START,16Uiu2HAm48pw2mmkzCnAy2cAxzyHZwau7B8h27GL7b76GkMrZDTt,,,,,,,,,,,,,,,,,,,,,,,,2.0,0.0,5609.0,,,,,,,,,,,,,,,,,,,,,,,,,,,,,,,,,,,,,,,,,,,,,,,,,,,,,,2026-01-07 20:16:56.872000+00:00,
2026-01-07T20:16:56.872Z,DIAL_ATTEMPT_START,16Uiu2HAm48pw2mmkzCnAy2cAxzyHZwau7B8h27GL7b76GkMrZDTt,,,,,,,,,,,,,,,,,,,5609.0,,,,1767817016872.0,,,,,,,,,,,,,,,,,,,,,,,,,,,,,,,,,,,,,,,,,,,,,,,,,,,,,,,,,2026-01-07 20:16:56.872000+00:00,
2026-01-07T20:16:56.872Z,DISCOVERY_DIAL_DECISION,16Uiu2HAm48pw2mmkzCnAy2cAxzyHZwau7B8h27GL7b76GkMrZDTt,,,,,,,,,,,,,,,,,,,,,,,,2.0,0.0,,attempt_dial,,,,,,,,,,,,,,,,,,,,,,,,,,,,,,,,,,,,,,,,,,,,,,,,,,,,,2026-01-07 20:16:56.872000+00:00,
2026-01-07T20:16:57.081Z,DIAL_SUCCESS,16Uiu2HAmRi6t6xZky5Yi4QA7EomubGDgd5Y4JzcqaPqQ6mWDhyvy,,,,,,,,,,,,,,,,,,,,,,,,,,,,,471.0,,,,,,,,,,,,,,,,,,,,,,,,,,,,,,,,,,,,,,,,,,,,,,,,,,,2026-01-07 20:16:57.081000+00:00,
2026-01-07T20:16:57.261Z,DIAL_CHECK_START,16Uiu2HAmJKAYPAn5xTakU4RKm9FNVh8D37M9wnmcP6xFkFEFeFur,,,,,,,,,,,,,,,,,,,,,,,,2.0,0.0,5608.0,,,,,,,,,,,,,,,,,,,,,,,,,,,,,,,,,,,,,,,,,,,,,,,,,,,,,,2026-01-07 20:16:57.261000+00:00,
2026-01-07T20:16:57.261Z,DIAL_ATTEMPT_START,16Uiu2HAmJKAYPAn5xTakU4RKm9FNVh8D37M9wnmcP6xFkFEFeFur,,,,,,,,,,,,,,,,,,,5608.0,,,,1767817017261.0,,,,,,,,,,,,,,,,,,,,,,,,,,,,,,,,,,,,,,,,,,,,,,,,,,,,,,,,,2026-01-07 20:16:57.261000+00:00,
2026-01-07T20:16:57.261Z,DISCOVERY_DIAL_DECISION,16Uiu2HAmJKAYPAn5xTakU4RKm9FNVh8D37M9wnmcP6xFkFEFeFur,,,,,,,,,,,,,,,,,,,,,,,,2.0,0.0,,attempt_dial,,,,,,,,,,,,,,,,,,,,,,,,,,,,,,,,,,,,,,,,,,,,,,,,,,,,,2026-01-07 20:16:57.261000+00:00,
2026-01-07T20:16:57.321Z,DIAL_SUCCESS,16Uiu2HAmSYQo1eEWDRuoC2vGeXdaU5cPz1MVGRAZMQTs5d9zcYUA,,,,,,,,,,,,,,,,,,,,,,,,,,,,,1080.0,,,,,,,,,,,,,,,,,,,,,,,,,,,,,,,,,,,,,,,,,,,,,,,,,,,2026-01-07 20:16:57.321000+00:00,
2026-01-07T20:17:03.080Z,DIAL_CHECK_START,16Uiu2HAmKg8RQ8wKBgMzTieJA8ENFB6oB87VhdVesRABmRUh94bT,,,,,,,,,,,,,,,,,,,,,,,,2.0,0.0,5607.0,,,,,,,,,,,,,,,,,,,,,,,,,,,,,,,,,,,,,,,,,,,,,,,,,,,,,,2026-01-07 20:17:03.080000+00:00,
2026-01-07T20:17:03.080Z,DIAL_ATTEMPT_START,16Uiu2HAmKg8RQ8wKBgMzTieJA8ENFB6oB87VhdVesRABmRUh94bT,,,,,,,,,,,,,,,,,,,5607.0,,,,1767817023080.0,,,,,,,,,,,,,,,,,,,,,,,,,,,,,,,,,,,,,,,,,,,,,,,,,,,,,,,,,2026-01-07 20:17:03.080000+00:00,
2026-01-07T20:17:03.080Z,DISCOVERY_DIAL_DECISION,16Uiu2HAmKg8RQ8wKBgMzTieJA8ENFB6oB87VhdVesRABmRUh94bT,,,,,,,,,,,,,,,,,,,,,,,,2.0,0.0,,attempt_dial,,,,,,,,,,,,,,,,,,,,,,,,,,,,,,,,,,,,,,,,,,,,,,,,,,,,,2026-01-07 20:17:03.080000+00:00,
2026-01-07T20:17:03.354Z,DIAL_SUCCESS,16Uiu2HAmKg8RQ8wKBgMzTieJA8ENFB6oB87VhdVesRABmRUh94bT,,,,,,,,,,,,,,,,,,,,,,,,,,,,,274.0,,,,,,,,,,,,,,,,,,,,,,,,,,,,,,,,,,,,,,,,,,,,,,,,,,,2026-01-07 20:17:03.354000+00:00,
2026-01-07T20:17:06.327Z,DIAL_FAILURE,16Uiu2HAm1SiNEnCV1t7hHExcP3dnA6mqZveECLhcZQp6ism7R4Lm,,,,,,,,,,,,,,,,,,,,,,,,,,,,connection error 65.108.3.234:19061: connect ETIMEDOUT 65.108.3.234:19061,134351.0,,,,,,,,,,,,,,,,,,,,,,,,,,,,,,,,,,,,,,,,,,,,,,,,,,,2026-01-07 20:17:06.327000+00:00,
2026-01-07T20:17:25.130Z,DIAL_CHECK_START,16Uiu2HAkwXJdq74U7HmKseFcZg7HYKHeZeT9c8VBud8KgyCSfR9c,,,,,,,,,,,,,,,,,,,,,,,,2.0,0.0,5606.0,,,,,,,,,,,,,,,,,,,,,,,,,,,,,,,,,,,,,,,,,,,,,,,,,,,,,,2026-01-07 20:17:25.130000+00:00,
2026-01-07T20:17:25.130Z,DIAL_ATTEMPT_START,16Uiu2HAkwXJdq74U7HmKseFcZg7HYKHeZeT9c8VBud8KgyCSfR9c,,,,,,,,,,,,,,,,,,,5606.0,,,,1767817045130.0,,,,,,,,,,,,,,,,,,,,,,,,,,,,,,,,,,,,,,,,,,,,,,,,,,,,,,,,,2026-01-07 20:17:25.130000+00:00,
2026-01-07T20:17:25.130Z,DISCOVERY_DIAL_DECISION,16Uiu2HAkwXJdq74U7HmKseFcZg7HYKHeZeT9c8VBud8KgyCSfR9c,,,,,,,,,,,,,,,,,,,,,,,,2.0,0.0,,attempt_dial,,,,,,,,,,,,,,,,,,,,,,,,,,,,,,,,,,,,,,,,,,,,,,,,,,,,,2026-01-07 20:17:25.130000+00:00,
2026-01-07T20:17:25.132Z,DIAL_CHECK_START,16Uiu2HAkwXJdq74U7HmKseFcZg7HYKHeZeT9c8VBud8KgyCSfR9c,,,,,,,,,,,,,,,,,,,,,,,,0.0,0.0,5605.0,,,,,,,,,,,,,,,,,,,,,,,,,,,,,,,,,,,,,,,,,,,,,,,,,,,,,,2026-01-07 20:17:25.132000+00:00,
2026-01-07T20:17:25.132Z,DIAL_ATTEMPT_START,16Uiu2HAkwXJdq74U7HmKseFcZg7HYKHeZeT9c8VBud8KgyCSfR9c,,,,,,,,,,,,,,,,,,,5605.0,,,,1767817045132.0,,,,,,,,,,,,,,,,,,,,,,,,,,,,,,,,,,,,,,,,,,,,,,,,,,,,,,,,,2026-01-07 20:17:25.132000+00:00,
2026-01-07T20:17:25.132Z,DISCOVERY_DIAL_DECISION,16Uiu2HAkwXJdq74U7HmKseFcZg7HYKHeZeT9c8VBud8KgyCSfR9c,,,,,,,,,,,,,,,,,,,,,,,,0.0,0.0,,attempt_dial,,,,,,,,,,,,,,,,,,,,,,,,,,,,,,,,,,,,,,,,,,,,,,,,,,,,,2026-01-07 20:17:25.132000+00:00,
2026-01-07T20:17:25.173Z,DIAL_FAILURE,16Uiu2HAkwXJdq74U7HmKseFcZg7HYKHeZeT9c8VBud8KgyCSfR9c,,,,,,,,,,,,,,,,,,,,,,,,,,,,connection error 91.98.92.113:9000: connect ECONNREFUSED 91.98.92.113:9000,41.0,,,,,,,,,,,,,,,,,,,,,,,,,,,,,,,,,,,,,,,,,,,,,,,,,,,2026-01-07 20:17:25.173000+00:00,
2026-01-07T20:17:25.173Z,DIAL_FAILURE,16Uiu2HAkwXJdq74U7HmKseFcZg7HYKHeZeT9c8VBud8KgyCSfR9c,,,,,,,,,,,,,,,,,,,,,,,,,,,,connection error 91.98.92.113:9000: connect ECONNREFUSED 91.98.92.113:9000,43.0,,,,,,,,,,,,,,,,,,,,,,,,,,,,,,,,,,,,,,,,,,,,,,,,,,,2026-01-07 20:17:25.173000+00:00,
2026-01-07T20:17:26.117Z,HEARTBEAT_DISCOVERY_NEEDED,unknown,,,,,,,,187.0,0.0,none,2.0,0.0,0.0,NO,0.0,0.0,9340287.0,9340287.0,,,,,,,,,,,,,,,,,,,,,,,,,,,,,,,,,,,,,,,,,,,,,,,,,,,,,,,,,,,,,,2026-01-07 20:17:26.117000+00:00,
2026-01-07T20:17:26.117Z,DISCOVERY_START,discovery,,,,,,,,,,,,,,,,,,,187.0,,2.0,,,,,,,,,,,,,,,,,,,,,,,,,,,,,,,,,,,,,,,,,,,,,,,,,,,,,,,,,,,2026-01-07 20:17:26.117000+00:00,
2026-01-07T20:17:29.400Z,DIAL_CHECK_START,16Uiu2HAm48pw2mmkzCnAy2cAxzyHZwau7B8h27GL7b76GkMrZDTt,,,,,,,,,,,,,,,,,,,,,,,,2.0,0.0,5791.0,,,,,,,,,,,,,,,,,,,,,,,,,,,,,,,,,,,,,,,,,,,,,,,,,,,,,,2026-01-07 20:17:29.400000+00:00,
2026-01-07T20:17:29.400Z,DIAL_ATTEMPT_START,16Uiu2HAm48pw2mmkzCnAy2cAxzyHZwau7B8h27GL7b76GkMrZDTt,,,,,,,,,,,,,,,,,,,5791.0,,,,1767817049400.0,,,,,,,,,,,,,,,,,,,,,,,,,,,,,,,,,,,,,,,,,,,,,,,,,,,,,,,,,2026-01-07 20:17:29.400000+00:00,
2026-01-07T20:17:29.401Z,DISCOVERY_DIAL_DECISION,16Uiu2HAm48pw2mmkzCnAy2cAxzyHZwau7B8h27GL7b76GkMrZDTt,,,,,,,,,,,,,,,,,,,,,,,,2.0,0.0,,attempt_dial,,,,,,,,,,,,,,,,,,,,,,,,,,,,,,,,,,,,,,,,,,,,,,,,,,,,,2026-01-07 20:17:29.401000+00:00,
2026-01-07T20:17:34.458Z,DIAL_CHECK_START,16Uiu2HAmJKAYPAn5xTakU4RKm9FNVh8D37M9wnmcP6xFkFEFeFur,,,,,,,,,,,,,,,,,,,,,,,,2.0,0.0,5790.0,,,,,,,,,,,,,,,,,,,,,,,,,,,,,,,,,,,,,,,,,,,,,,,,,,,,,,2026-01-07 20:17:34.458000+00:00,
2026-01-07T20:17:34.458Z,DIAL_ATTEMPT_START,16Uiu2HAmJKAYPAn5xTakU4RKm9FNVh8D37M9wnmcP6xFkFEFeFur,,,,,,,,,,,,,,,,,,,5790.0,,,,1767817054458.0,,,,,,,,,,,,,,,,,,,,,,,,,,,,,,,,,,,,,,,,,,,,,,,,,,,,,,,,,2026-01-07 20:17:34.458000+00:00,
2026-01-07T20:17:34.458Z,DISCOVERY_DIAL_DECISION,16Uiu2HAmJKAYPAn5xTakU4RKm9FNVh8D37M9wnmcP6xFkFEFeFur,,,,,,,,,,,,,,,,,,,,,,,,2.0,0.0,,attempt_dial,,,,,,,,,,,,,,,,,,,,,,,,,,,,,,,,,,,,,,,,,,,,,,,,,,,,,2026-01-07 20:17:34.458000+00:00,
2026-01-07T20:17:34.654Z,DIAL_CHECK_START,16Uiu2HAmKfK63NePy9gSq6vevvAHmJkqa3ADYho6LQBH4po29aNo,,,,,,,,,,,,,,,,,,,,,,,,2.0,0.0,5789.0,,,,,,,,,,,,,,,,,,,,,,,,,,,,,,,,,,,,,,,,,,,,,,,,,,,,,,2026-01-07 20:17:34.654000+00:00,
2026-01-07T20:17:34.654Z,DIAL_ATTEMPT_START,16Uiu2HAmKfK63NePy9gSq6vevvAHmJkqa3ADYho6LQBH4po29aNo,,,,,,,,,,,,,,,,,,,5789.0,,,,1767817054654.0,,,,,,,,,,,,,,,,,,,,,,,,,,,,,,,,,,,,,,,,,,,,,,,,,,,,,,,,,2026-01-07 20:17:34.654000+00:00,
2026-01-07T20:17:34.655Z,DISCOVERY_DIAL_DECISION,16Uiu2HAmKfK63NePy9gSq6vevvAHmJkqa3ADYho6LQBH4po29aNo,,,,,,,,,,,,,,,,,,,,,,,,2.0,0.0,,attempt_dial,,,,,,,,,,,,,,,,,,,,,,,,,,,,,,,,,,,,,,,,,,,,,,,,,,,,,2026-01-07 20:17:34.655000+00:00,
2026-01-07T20:17:34.656Z,DIAL_CHECK_START,16Uiu2HAmKfK63NePy9gSq6vevvAHmJkqa3ADYho6LQBH4po29aNo,,,,,,,,,,,,,,,,,,,,,,,,0.0,0.0,5788.0,,,,,,,,,,,,,,,,,,,,,,,,,,,,,,,,,,,,,,,,,,,,,,,,,,,,,,2026-01-07 20:17:34.656000+00:00,
2026-01-07T20:17:34.656Z,DIAL_ATTEMPT_START,16Uiu2HAmKfK63NePy9gSq6vevvAHmJkqa3ADYho6LQBH4po29aNo,,,,,,,,,,,,,,,,,,,5788.0,,,,1767817054656.0,,,,,,,,,,,,,,,,,,,,,,,,,,,,,,,,,,,,,,,,,,,,,,,,,,,,,,,,,2026-01-07 20:17:34.656000+00:00,
2026-01-07T20:17:34.656Z,DISCOVERY_DIAL_DECISION,16Uiu2HAmKfK63NePy9gSq6vevvAHmJkqa3ADYho6LQBH4po29aNo,,,,,,,,,,,,,,,,,,,,,,,,0.0,0.0,,attempt_dial,,,,,,,,,,,,,,,,,,,,,,,,,,,,,,,,,,,,,,,,,,,,,,,,,,,,,2026-01-07 20:17:34.656000+00:00,
2026-01-07T20:17:38.131Z,DIAL_CHECK_START,16Uiu2HAmHzDZcnqCSZDp4ohgacjzTbu9n67hJ1RSm6Px5rpx9GdK,,,,,,,,,,,,,,,,,,,,,,,,2.0,0.0,5787.0,,,,,,,,,,,,,,,,,,,,,,,,,,,,,,,,,,,,,,,,,,,,,,,,,,,,,,2026-01-07 20:17:38.131000+00:00,
2026-01-07T20:17:38.131Z,DIAL_ATTEMPT_START,16Uiu2HAmHzDZcnqCSZDp4ohgacjzTbu9n67hJ1RSm6Px5rpx9GdK,,,,,,,,,,,,,,,,,,,5787.0,,,,1767817058131.0,,,,,,,,,,,,,,,,,,,,,,,,,,,,,,,,,,,,,,,,,,,,,,,,,,,,,,,,,2026-01-07 20:17:38.131000+00:00,
2026-01-07T20:17:38.131Z,DISCOVERY_DIAL_DECISION,16Uiu2HAmHzDZcnqCSZDp4ohgacjzTbu9n67hJ1RSm6Px5rpx9GdK,,,,,,,,,,,,,,,,,,,,,,,,2.0,0.0,,attempt_dial,,,,,,,,,,,,,,,,,,,,,,,,,,,,,,,,,,,,,,,,,,,,,,,,,,,,,2026-01-07 20:17:38.131000+00:00,
2026-01-07T20:17:38.252Z,DIAL_FAILURE,16Uiu2HAmHzDZcnqCSZDp4ohgacjzTbu9n67hJ1RSm6Px5rpx9GdK,,,,,,,,,,,,,,,,,,,,,,,,,,,,connection error 38.49.208.120:13000: connect ECONNREFUSED 38.49.208.120:13000,121.0,,,,,,,,,,,,,,,,,,,,,,,,,,,,,,,,,,,,,,,,,,,,,,,,,,,2026-01-07 20:17:38.252000+00:00,
2026-01-07T20:17:46.715Z,DIAL_CHECK_START,16Uiu2HAmB8jFhMhHBCx6rZyqrpdQd9P9zdyYbiWU81zP3ozkdk8b,,,,,,,,,,,,,,,,,,,,,,,,2.0,0.0,5786.0,,,,,,,,,,,,,,,,,,,,,,,,,,,,,,,,,,,,,,,,,,,,,,,,,,,,,,2026-01-07 20:17:46.715000+00:00,
2026-01-07T20:17:46.715Z,DIAL_ATTEMPT_START,16Uiu2HAmB8jFhMhHBCx6rZyqrpdQd9P9zdyYbiWU81zP3ozkdk8b,,,,,,,,,,,,,,,,,,,5786.0,,,,1767817066715.0,,,,,,,,,,,,,,,,,,,,,,,,,,,,,,,,,,,,,,,,,,,,,,,,,,,,,,,,,2026-01-07 20:17:46.715000+00:00,
2026-01-07T20:17:46.715Z,DISCOVERY_DIAL_DECISION,16Uiu2HAmB8jFhMhHBCx6rZyqrpdQd9P9zdyYbiWU81zP3ozkdk8b,,,,,,,,,,,,,,,,,,,,,,,,2.0,0.0,,attempt_dial,,,,,,,,,,,,,,,,,,,,,,,,,,,,,,,,,,,,,,,,,,,,,,,,,,,,,2026-01-07 20:17:46.715000+00:00,
2026-01-07T20:17:46.716Z,DIAL_CHECK_START,16Uiu2HAmB8jFhMhHBCx6rZyqrpdQd9P9zdyYbiWU81zP3ozkdk8b,,,,,,,,,,,,,,,,,,,,,,,,0.0,0.0,5785.0,,,,,,,,,,,,,,,,,,,,,,,,,,,,,,,,,,,,,,,,,,,,,,,,,,,,,,2026-01-07 20:17:46.716000+00:00,
2026-01-07T20:17:46.716Z,DIAL_ATTEMPT_START,16Uiu2HAmB8jFhMhHBCx6rZyqrpdQd9P9zdyYbiWU81zP3ozkdk8b,,,,,,,,,,,,,,,,,,,5785.0,,,,1767817066716.0,,,,,,,,,,,,,,,,,,,,,,,,,,,,,,,,,,,,,,,,,,,,,,,,,,,,,,,,,2026-01-07 20:17:46.716000+00:00,
2026-01-07T20:17:46.716Z,DISCOVERY_DIAL_DECISION,16Uiu2HAmB8jFhMhHBCx6rZyqrpdQd9P9zdyYbiWU81zP3ozkdk8b,,,,,,,,,,,,,,,,,,,,,,,,0.0,0.0,,attempt_dial,,,,,,,,,,,,,,,,,,,,,,,,,,,,,,,,,,,,,,,,,,,,,,,,,,,,,2026-01-07 20:17:46.716000+00:00,
2026-01-07T20:17:46.757Z,DIAL_FAILURE,16Uiu2HAmB8jFhMhHBCx6rZyqrpdQd9P9zdyYbiWU81zP3ozkdk8b,,,,,,,,,,,,,,,,,,,,,,,,,,,,connection error 207.180.234.41:9000: connect EHOSTUNREACH 207.180.234.41:9000,41.0,,,,,,,,,,,,,,,,,,,,,,,,,,,,,,,,,,,,,,,,,,,,,,,,,,,2026-01-07 20:17:46.757000+00:00,
2026-01-07T20:17:46.757Z,DIAL_FAILURE,16Uiu2HAmB8jFhMhHBCx6rZyqrpdQd9P9zdyYbiWU81zP3ozkdk8b,,,,,,,,,,,,,,,,,,,,,,,,,,,,connection error 207.180.234.41:9000: connect EHOSTUNREACH 207.180.234.41:9000,42.0,,,,,,,,,,,,,,,,,,,,,,,,,,,,,,,,,,,,,,,,,,,,,,,,,,,2026-01-07 20:17:46.757000+00:00,
2026-01-07T20:17:51.177Z,DIAL_CHECK_START,16Uiu2HAmLAHKHeih9FHt6rn7UzqzQzS7TCmEPRXwyY5ieZmtCzr4,,,,,,,,,,,,,,,,,,,,,,,,2.0,0.0,5784.0,,,,,,,,,,,,,,,,,,,,,,,,,,,,,,,,,,,,,,,,,,,,,,,,,,,,,,2026-01-07 20:17:51.177000+00:00,
2026-01-07T20:17:51.177Z,DIAL_ATTEMPT_START,16Uiu2HAmLAHKHeih9FHt6rn7UzqzQzS7TCmEPRXwyY5ieZmtCzr4,,,,,,,,,,,,,,,,,,,5784.0,,,,1767817071177.0,,,,,,,,,,,,,,,,,,,,,,,,,,,,,,,,,,,,,,,,,,,,,,,,,,,,,,,,,2026-01-07 20:17:51.177000+00:00,
2026-01-07T20:17:51.177Z,DISCOVERY_DIAL_DECISION,16Uiu2HAmLAHKHeih9FHt6rn7UzqzQzS7TCmEPRXwyY5ieZmtCzr4,,,,,,,,,,,,,,,,,,,,,,,,2.0,0.0,,attempt_dial,,,,,,,,,,,,,,,,,,,,,,,,,,,,,,,,,,,,,,,,,,,,,,,,,,,,,2026-01-07 20:17:51.177000+00:00,
2026-01-07T20:17:51.178Z,DIAL_CHECK_START,16Uiu2HAmUMyCgRLCNnJojhp7iqtrPPb9oEj7D7wuSQS1WxobjzCz,,,,,,,,,,,,,,,,,,,,,,,,2.0,0.0,5783.0,,,,,,,,,,,,,,,,,,,,,,,,,,,,,,,,,,,,,,,,,,,,,,,,,,,,,,2026-01-07 20:17:51.178000+00:00,
2026-01-07T20:17:51.178Z,DIAL_ATTEMPT_START,16Uiu2HAmUMyCgRLCNnJojhp7iqtrPPb9oEj7D7wuSQS1WxobjzCz,,,,,,,,,,,,,,,,,,,5783.0,,,,1767817071178.0,,,,,,,,,,,,,,,,,,,,,,,,,,,,,,,,,,,,,,,,,,,,,,,,,,,,,,,,,2026-01-07 20:17:51.178000+00:00,
2026-01-07T20:17:51.178Z,DISCOVERY_DIAL_DECISION,16Uiu2HAmUMyCgRLCNnJojhp7iqtrPPb9oEj7D7wuSQS1WxobjzCz,,,,,,,,,,,,,,,,,,,,,,,,2.0,0.0,,attempt_dial,,,,,,,,,,,,,,,,,,,,,,,,,,,,,,,,,,,,,,,,,,,,,,,,,,,,,2026-01-07 20:17:51.178000+00:00,
2026-01-07T20:17:51.220Z,DIAL_FAILURE,16Uiu2HAmLAHKHeih9FHt6rn7UzqzQzS7TCmEPRXwyY5ieZmtCzr4,,,,,,,,,,,,,,,,,,,,,,,,,,,,connection error 188.40.116.235:13000: connect ECONNREFUSED 188.40.116.235:13000,43.0,,,,,,,,,,,,,,,,,,,,,,,,,,,,,,,,,,,,,,,,,,,,,,,,,,,2026-01-07 20:17:51.220000+00:00,
2026-01-07T20:17:51.383Z,DIAL_FAILURE,16Uiu2HAmGZM39dR8mjR22DAwYt2sWFu6ww9ZkRctvXqa6ZJJq7Yh,,,,,,,,,,,,,,,,,,,,,,,,,,,,connection error 46.23.75.17:64450: connect ETIMEDOUT 46.23.75.17:64450,134565.0,,,,,,,,,,,,,,,,,,,,,,,,,,,,,,,,,,,,,,,,,,,,,,,,,,,2026-01-07 20:17:51.383000+00:00,
2026-01-07T20:17:56.029Z,DIAL_CHECK_START,16Uiu2HAmQe6DjXnY7pKwf5KSpUjkMSZHAzNL9G51jDdoY8d5txv1,,,,,,,,,,,,,,,,,,,,,,,,2.0,0.0,5782.0,,,,,,,,,,,,,,,,,,,,,,,,,,,,,,,,,,,,,,,,,,,,,,,,,,,,,,2026-01-07 20:17:56.029000+00:00,
2026-01-07T20:17:56.029Z,DIAL_ATTEMPT_START,16Uiu2HAmQe6DjXnY7pKwf5KSpUjkMSZHAzNL9G51jDdoY8d5txv1,,,,,,,,,,,,,,,,,,,5782.0,,,,1767817076029.0,,,,,,,,,,,,,,,,,,,,,,,,,,,,,,,,,,,,,,,,,,,,,,,,,,,,,,,,,2026-01-07 20:17:56.029000+00:00,
2026-01-07T20:17:56.029Z,DISCOVERY_DIAL_DECISION,16Uiu2HAmQe6DjXnY7pKwf5KSpUjkMSZHAzNL9G51jDdoY8d5txv1,,,,,,,,,,,,,,,,,,,,,,,,2.0,0.0,,attempt_dial,,,,,,,,,,,,,,,,,,,,,,,,,,,,,,,,,,,,,,,,,,,,,,,,,,,,,2026-01-07 20:17:56.029000+00:00,
2026-01-07T20:17:56.116Z,HEARTBEAT_DISCOVERY_NEEDED,unknown,,,,,,,,188.0,0.0,none,2.0,0.0,0.0,NO,0.0,1.0,9340289.0,9340288.0,,,,,,,,,,,,,,,,,,,,,,,,,,,,,,,,,,,,,,,,,,,,,,,,,,,,,,,,,,,,,,2026-01-07 20:17:56.116000+00:00,
2026-01-07T20:17:56.116Z,DISCOVERY_START,discovery,,,,,,,,,,,,,,,,,,,188.0,,2.0,,,,,,,,,,,,,,,,,,,,,,,,,,,,,,,,,,,,,,,,,,,,,,,,,,,,,,,,,,,2026-01-07 20:17:56.116000+00:00,
2026-01-07T20:17:56.119Z,DISCOVERY_FINDNODE_RESULT,unknown,,,,,,,,,,,,,,,,,,,,,,,,,,,,,,,,,,,,,,,,,,,,,,,,,,,,,,,,,,,,,,,,,,,16.0,60003.0,,,,,,,,,,,,2026-01-07 20:17:56.119000+00:00,
2026-01-07T20:17:56.166Z,DIAL_FAILURE,16Uiu2HAmQe6DjXnY7pKwf5KSpUjkMSZHAzNL9G51jDdoY8d5txv1,,,,,,,,,,,,,,,,,,,,,,,,,,,,unexpected end of input,137.0,,,,,,,,,,,,,,,,,,,,,,,,,,,,,,,,,,,,,,,,,,,,,,,,,,,2026-01-07 20:17:56.166000+00:00,
2026-01-07T20:18:15.964Z,DIAL_FAILURE,16Uiu2HAmUyESrtHF4W23fptS7urYfPpceX76vqezTeLCcejiWTQR,,,,,,,,,,,,,,,,,,,,,,,,,,,,connection error 89.25.22.227:13000: connect ETIMEDOUT 89.25.22.227:13000,136304.0,,,,,,,,,,,,,,,,,,,,,,,,,,,,,,,,,,,,,,,,,,,,,,,,,,,2026-01-07 20:18:15.964000+00:00,
2026-01-07T20:18:24.150Z,DIAL_FAILURE,16Uiu2HAmBourK8UA3tyEckv2bi4Rqm96zaxKrkkWTCgLQ1BFd5xG,,,,,,,,,,,,,,,,,,,,,,,,,,,,connection error 116.167.36.251:43431: connect ETIMEDOUT 116.167.36.251:43431,132578.0,,,,,,,,,,,,,,,,,,,,,,,,,,,,,,,,,,,,,,,,,,,,,,,,,,,2026-01-07 20:18:24.150000+00:00,
2026-01-07T20:18:26.125Z,HEARTBEAT_DISCOVERY_NEEDED,unknown,,,,,,,,189.0,0.0,none,2.0,0.0,0.0,NO,0.0,0.0,9340292.0,9340292.0,,,,,,,,,,,,,,,,,,,,,,,,,,,,,,,,,,,,,,,,,,,,,,,,,,,,,,,,,,,,,,2026-01-07 20:18:26.125000+00:00,
2026-01-07T20:18:26.125Z,DISCOVERY_START,discovery,,,,,,,,,,,,,,,,,,,189.0,,2.0,,,,,,,,,,,,,,,,,,,,,,,,,,,,,,,,,,,,,,,,,,,,,,,,,,,,,,,,,,,2026-01-07 20:18:26.125000+00:00,
2026-01-07T20:18:26.125Z,DISCOVERY_FINDNODE_START,unknown,,,,,,,,,,,,,,,,,,,6158.0,,,0.0,1767817106125.0,,,,,,,,,,,,,,,,,,,,,,,,,,,,,,,,,,,,,,,,,,,,,,,,,,,,,,,,,2026-01-07 20:18:26.125000+00:00,
2026-01-07T20:18:26.202Z,DIAL_CHECK_START,16Uiu2HAmSYQo1eEWDRuoC2vGeXdaU5cPz1MVGRAZMQTs5d9zcYUA,,,,,,,,,,,,,,,,,,,,,,,,2.0,0.0,6158.0,,,,,,,,,,,,,,,,,,,,,,,,,,,,,,,,,,,,,,,,,,,,,,,,,,,,,,2026-01-07 20:18:26.202000+00:00,
2026-01-07T20:18:26.202Z,DIAL_ATTEMPT_START,16Uiu2HAmSYQo1eEWDRuoC2vGeXdaU5cPz1MVGRAZMQTs5d9zcYUA,,,,,,,,,,,,,,,,,,,6158.0,,,,1767817106202.0,,,,,,,,,,,,,,,,,,,,,,,,,,,,,,,,,,,,,,,,,,,,,,,,,,,,,,,,,2026-01-07 20:18:26.202000+00:00,
2026-01-07T20:18:26.202Z,DISCOVERY_DIAL_DECISION,16Uiu2HAmSYQo1eEWDRuoC2vGeXdaU5cPz1MVGRAZMQTs5d9zcYUA,,,,,,,,,,,,,,,,,,,,,,,,2.0,0.0,,attempt_dial,,,,,,,,,,,,,,,,,,,,,,,,,,,,,,,,,,,,,,,,,,,,,,,,,,,,,2026-01-07 20:18:26.202000+00:00,
2026-01-07T20:18:26.270Z,DIAL_CHECK_START,16Uiu2HAmD1T5b1AKyzNGB2xk2g2y6gTQxLWQZAAyt1maBEmPLtt6,,,,,,,,,,,,,,,,,,,,,,,,2.0,0.0,6157.0,,,,,,,,,,,,,,,,,,,,,,,,,,,,,,,,,,,,,,,,,,,,,,,,,,,,,,2026-01-07 20:18:26.270000+00:00,
2026-01-07T20:18:26.270Z,DIAL_ATTEMPT_START,16Uiu2HAmD1T5b1AKyzNGB2xk2g2y6gTQxLWQZAAyt1maBEmPLtt6,,,,,,,,,,,,,,,,,,,6157.0,,,,1767817106270.0,,,,,,,,,,,,,,,,,,,,,,,,,,,,,,,,,,,,,,,,,,,,,,,,,,,,,,,,,2026-01-07 20:18:26.270000+00:00,
2026-01-07T20:18:26.270Z,DISCOVERY_DIAL_DECISION,16Uiu2HAmD1T5b1AKyzNGB2xk2g2y6gTQxLWQZAAyt1maBEmPLtt6,,,,,,,,,,,,,,,,,,,,,,,,2.0,0.0,,attempt_dial,,,,,,,,,,,,,,,,,,,,,,,,,,,,,,,,,,,,,,,,,,,,,,,,,,,,,2026-01-07 20:18:26.270000+00:00,
2026-01-07T20:18:26.275Z,DIAL_CHECK_START,16Uiu2HAmHC67yLMggoGaAFyhm92jraDHTuoGGa3ZgM5dUoooFqc2,,,,,,,,,,,,,,,,,,,,,,,,2.0,4.0,6156.0,,,,,,,,,,,,,,,,,,,,,,,,,,,,,,,,,,,,,,,,,,,,,,,,,,,,,,2026-01-07 20:18:26.275000+00:00,
2026-01-07T20:18:26.275Z,DIAL_ATTEMPT_START,16Uiu2HAmHC67yLMggoGaAFyhm92jraDHTuoGGa3ZgM5dUoooFqc2,,,,,,,,,,,,,,,,,,,6156.0,,,,1767817106275.0,,,,,,,,,,,,,,,,,,,,,,,,,,,,,,,,,,,,,,,,,,,,,,,,,,,,,,,,,2026-01-07 20:18:26.275000+00:00,
2026-01-07T20:18:26.275Z,DISCOVERY_DIAL_DECISION,16Uiu2HAmHC67yLMggoGaAFyhm92jraDHTuoGGa3ZgM5dUoooFqc2,,,,,,,,,,,,,,,,,,,,,,,,2.0,4.0,,attempt_dial,,,,,,,,,,,,,,,,,,,,,,,,,,,,,,,,,,,,,,,,,,,,,,,,,,,,,2026-01-07 20:18:26.275000+00:00,
2026-01-07T20:18:26.353Z,DIAL_FAILURE,16Uiu2HAmD1T5b1AKyzNGB2xk2g2y6gTQxLWQZAAyt1maBEmPLtt6,,,,,,,,,,,,,,,,,,,,,,,,,,,,unexpected end of input,83.0,,,,,,,,,,,,,,,,,,,,,,,,,,,,,,,,,,,,,,,,,,,,,,,,,,,2026-01-07 20:18:26.353000+00:00,
2026-01-07T20:18:26.545Z,DIAL_CHECK_START,16Uiu2HAmSv5nJMzMePxcBsSsUY6FxQqidd1vvtXgorAyHTKYNFUB,,,,,,,,,,,,,,,,,,,,,,,,2.0,0.0,6155.0,,,,,,,,,,,,,,,,,,,,,,,,,,,,,,,,,,,,,,,,,,,,,,,,,,,,,,2026-01-07 20:18:26.545000+00:00,
2026-01-07T20:18:26.545Z,DIAL_ATTEMPT_START,16Uiu2HAmSv5nJMzMePxcBsSsUY6FxQqidd1vvtXgorAyHTKYNFUB,,,,,,,,,,,,,,,,,,,6155.0,,,,1767817106545.0,,,,,,,,,,,,,,,,,,,,,,,,,,,,,,,,,,,,,,,,,,,,,,,,,,,,,,,,,2026-01-07 20:18:26.545000+00:00,
2026-01-07T20:18:26.546Z,DISCOVERY_DIAL_DECISION,16Uiu2HAmSv5nJMzMePxcBsSsUY6FxQqidd1vvtXgorAyHTKYNFUB,,,,,,,,,,,,,,,,,,,,,,,,2.0,0.0,,attempt_dial,,,,,,,,,,,,,,,,,,,,,,,,,,,,,,,,,,,,,,,,,,,,,,,,,,,,,2026-01-07 20:18:26.546000+00:00,
2026-01-07T20:18:26.547Z,DIAL_CHECK_START,16Uiu2HAmLMDvNazbCPDHwvMt5qYyhCZXyE2TprfXumMwaV67fMnR,,,,,,,,,,,,,,,,,,,,,,,,3.0,4.0,6154.0,,,,,,,,,,,,,,,,,,,,,,,,,,,,,,,,,,,,,,,,,,,,,,,,,,,,,,2026-01-07 20:18:26.547000+00:00,
2026-01-07T20:18:26.547Z,DIAL_ATTEMPT_START,16Uiu2HAmLMDvNazbCPDHwvMt5qYyhCZXyE2TprfXumMwaV67fMnR,,,,,,,,,,,,,,,,,,,6154.0,,,,1767817106547.0,,,,,,,,,,,,,,,,,,,,,,,,,,,,,,,,,,,,,,,,,,,,,,,,,,,,,,,,,2026-01-07 20:18:26.547000+00:00,
2026-01-07T20:18:26.547Z,DISCOVERY_DIAL_DECISION,16Uiu2HAmLMDvNazbCPDHwvMt5qYyhCZXyE2TprfXumMwaV67fMnR,,,,,,,,,,,,,,,,,,,,,,,,3.0,4.0,,attempt_dial,,,,,,,,,,,,,,,,,,,,,,,,,,,,,,,,,,,,,,,,,,,,,,,,,,,,,2026-01-07 20:18:26.547000+00:00,
2026-01-07T20:18:26.548Z,DIAL_CHECK_START,16Uiu2HAmPYrFsprRuzdtSmhcAdhw76Tm8Xgcyu8zbfSGNeyuyWDM,,,,,,,,,,,,,,,,,,,,,,,,2.0,0.0,6153.0,,,,,,,,,,,,,,,,,,,,,,,,,,,,,,,,,,,,,,,,,,,,,,,,,,,,,,2026-01-07 20:18:26.548000+00:00,
2026-01-07T20:18:26.548Z,DIAL_ATTEMPT_START,16Uiu2HAmPYrFsprRuzdtSmhcAdhw76Tm8Xgcyu8zbfSGNeyuyWDM,,,,,,,,,,,,,,,,,,,6153.0,,,,1767817106548.0,,,,,,,,,,,,,,,,,,,,,,,,,,,,,,,,,,,,,,,,,,,,,,,,,,,,,,,,,2026-01-07 20:18:26.548000+00:00,
2026-01-07T20:18:26.548Z,DISCOVERY_DIAL_DECISION,16Uiu2HAmPYrFsprRuzdtSmhcAdhw76Tm8Xgcyu8zbfSGNeyuyWDM,,,,,,,,,,,,,,,,,,,,,,,,2.0,0.0,,attempt_dial,,,,,,,,,,,,,,,,,,,,,,,,,,,,,,,,,,,,,,,,,,,,,,,,,,,,,2026-01-07 20:18:26.548000+00:00,
2026-01-07T20:18:26.633Z,DIAL_FAILURE,16Uiu2HAmSv5nJMzMePxcBsSsUY6FxQqidd1vvtXgorAyHTKYNFUB,,,,,,,,,,,,,,,,,,,,,,,,,,,,read ECONNRESET,88.0,,,,,,,,,,,,,,,,,,,,,,,,,,,,,,,,,,,,,,,,,,,,,,,,,,,2026-01-07 20:18:26.633000+00:00,
2026-01-07T20:18:26.746Z,DIAL_SUCCESS,16Uiu2HAmSYQo1eEWDRuoC2vGeXdaU5cPz1MVGRAZMQTs5d9zcYUA,,,,,,,,,,,,,,,,,,,,,,,,,,,,,544.0,,,,,,,,,,,,,,,,,,,,,,,,,,,,,,,,,,,,,,,,,,,,,,,,,,,2026-01-07 20:18:26.746000+00:00,
2026-01-07T20:18:26.753Z,DIAL_SUCCESS,16Uiu2HAmHC67yLMggoGaAFyhm92jraDHTuoGGa3ZgM5dUoooFqc2,,,,,,,,,,,,,,,,,,,,,,,,,,,,,478.0,,,,,,,,,,,,,,,,,,,,,,,,,,,,,,,,,,,,,,,,,,,,,,,,,,,2026-01-07 20:18:26.753000+00:00,
2026-01-07T20:18:26.824Z,DIAL_SUCCESS,16Uiu2HAmLMDvNazbCPDHwvMt5qYyhCZXyE2TprfXumMwaV67fMnR,,,,,,,,,,,,,,,,,,,,,,,,,,,,,277.0,,,,,,,,,,,,,,,,,,,,,,,,,,,,,,,,,,,,,,,,,,,,,,,,,,,2026-01-07 20:18:26.824000+00:00,
2026-01-07T20:18:26.862Z,DIAL_CHECK_START,16Uiu2HAmSv5nJMzMePxcBsSsUY6FxQqidd1vvtXgorAyHTKYNFUB,,,,,,,,,,,,,,,,,,,,,,,,2.0,0.0,6152.0,,,,,,,,,,,,,,,,,,,,,,,,,,,,,,,,,,,,,,,,,,,,,,,,,,,,,,2026-01-07 20:18:26.862000+00:00,
2026-01-07T20:18:26.862Z,DIAL_ATTEMPT_START,16Uiu2HAmSv5nJMzMePxcBsSsUY6FxQqidd1vvtXgorAyHTKYNFUB,,,,,,,,,,,,,,,,,,,6152.0,,,,1767817106862.0,,,,,,,,,,,,,,,,,,,,,,,,,,,,,,,,,,,,,,,,,,,,,,,,,,,,,,,,,2026-01-07 20:18:26.862000+00:00,
2026-01-07T20:18:26.863Z,DISCOVERY_DIAL_DECISION,16Uiu2HAmSv5nJMzMePxcBsSsUY6FxQqidd1vvtXgorAyHTKYNFUB,,,,,,,,,,,,,,,,,,,,,,,,2.0,0.0,,attempt_dial,,,,,,,,,,,,,,,,,,,,,,,,,,,,,,,,,,,,,,,,,,,,,,,,,,,,,2026-01-07 20:18:26.863000+00:00,
2026-01-07T20:18:26.949Z,DIAL_SUCCESS,16Uiu2HAmPYrFsprRuzdtSmhcAdhw76Tm8Xgcyu8zbfSGNeyuyWDM,,,,,,,,,,,,,,,,,,,,,,,,,,,,,401.0,,,,,,,,,,,,,,,,,,,,,,,,,,,,,,,,,,,,,,,,,,,,,,,,,,,2026-01-07 20:18:26.949000+00:00,
2026-01-07T20:18:26.950Z,DIAL_FAILURE,16Uiu2HAmSv5nJMzMePxcBsSsUY6FxQqidd1vvtXgorAyHTKYNFUB,,,,,,,,,,,,,,,,,,,,,,,,,,,,unexpected end of input,88.0,,,,,,,,,,,,,,,,,,,,,,,,,,,,,,,,,,,,,,,,,,,,,,,,,,,2026-01-07 20:18:26.950000+00:00,
2026-01-07T20:18:27.211Z,DIAL_CHECK_START,16Uiu2HAkxocuT6N3UrrGTC7Bze2sgKaruL9nTdAyjgjXdfk841yt,,,,,,,,,,,,,,,,,,,,,,,,2.0,0.0,6151.0,,,,,,,,,,,,,,,,,,,,,,,,,,,,,,,,,,,,,,,,,,,,,,,,,,,,,,2026-01-07 20:18:27.211000+00:00,
2026-01-07T20:18:27.211Z,DIAL_ATTEMPT_START,16Uiu2HAkxocuT6N3UrrGTC7Bze2sgKaruL9nTdAyjgjXdfk841yt,,,,,,,,,,,,,,,,,,,6151.0,,,,1767817107211.0,,,,,,,,,,,,,,,,,,,,,,,,,,,,,,,,,,,,,,,,,,,,,,,,,,,,,,,,,2026-01-07 20:18:27.211000+00:00,
2026-01-07T20:18:27.212Z,DISCOVERY_DIAL_DECISION,16Uiu2HAkxocuT6N3UrrGTC7Bze2sgKaruL9nTdAyjgjXdfk841yt,,,,,,,,,,,,,,,,,,,,,,,,2.0,0.0,,attempt_dial,,,,,,,,,,,,,,,,,,,,,,,,,,,,,,,,,,,,,,,,,,,,,,,,,,,,,2026-01-07 20:18:27.212000+00:00,
2026-01-07T20:18:27.349Z,DIAL_CHECK_START,16Uiu2HAmSv5nJMzMePxcBsSsUY6FxQqidd1vvtXgorAyHTKYNFUB,,,,,,,,,,,,,,,,,,,,,,,,2.0,0.0,6150.0,,,,,,,,,,,,,,,,,,,,,,,,,,,,,,,,,,,,,,,,,,,,,,,,,,,,,,2026-01-07 20:18:27.349000+00:00,
2026-01-07T20:18:27.349Z,DIAL_ATTEMPT_START,16Uiu2HAmSv5nJMzMePxcBsSsUY6FxQqidd1vvtXgorAyHTKYNFUB,,,,,,,,,,,,,,,,,,,6150.0,,,,1767817107349.0,,,,,,,,,,,,,,,,,,,,,,,,,,,,,,,,,,,,,,,,,,,,,,,,,,,,,,,,,2026-01-07 20:18:27.349000+00:00,
2026-01-07T20:18:27.349Z,DISCOVERY_DIAL_DECISION,16Uiu2HAmSv5nJMzMePxcBsSsUY6FxQqidd1vvtXgorAyHTKYNFUB,,,,,,,,,,,,,,,,,,,,,,,,2.0,0.0,,attempt_dial,,,,,,,,,,,,,,,,,,,,,,,,,,,,,,,,,,,,,,,,,,,,,,,,,,,,,2026-01-07 20:18:27.349000+00:00,
2026-01-07T20:18:27.378Z,DIAL_CHECK_START,16Uiu2HAkvPHAo1K9DYCRemgLEMjnw1HWhhH6xMwHQtK6xUDgNySn,,,,,,,,,,,,,,,,,,,,,,,,2.0,0.0,6149.0,,,,,,,,,,,,,,,,,,,,,,,,,,,,,,,,,,,,,,,,,,,,,,,,,,,,,,2026-01-07 20:18:27.378000+00:00,
2026-01-07T20:18:27.378Z,DIAL_ATTEMPT_START,16Uiu2HAkvPHAo1K9DYCRemgLEMjnw1HWhhH6xMwHQtK6xUDgNySn,,,,,,,,,,,,,,,,,,,6149.0,,,,1767817107378.0,,,,,,,,,,,,,,,,,,,,,,,,,,,,,,,,,,,,,,,,,,,,,,,,,,,,,,,,,2026-01-07 20:18:27.378000+00:00,
2026-01-07T20:18:27.378Z,DISCOVERY_DIAL_DECISION,16Uiu2HAkvPHAo1K9DYCRemgLEMjnw1HWhhH6xMwHQtK6xUDgNySn,,,,,,,,,,,,,,,,,,,,,,,,2.0,0.0,,attempt_dial,,,,,,,,,,,,,,,,,,,,,,,,,,,,,,,,,,,,,,,,,,,,,,,,,,,,,2026-01-07 20:18:27.378000+00:00,
2026-01-07T20:18:27.432Z,DIAL_FAILURE,16Uiu2HAmSv5nJMzMePxcBsSsUY6FxQqidd1vvtXgorAyHTKYNFUB,,,,,,,,,,,,,,,,,,,,,,,,,,,,unexpected end of input,83.0,,,,,,,,,,,,,,,,,,,,,,,,,,,,,,,,,,,,,,,,,,,,,,,,,,,2026-01-07 20:18:27.432000+00:00,
2026-01-07T20:18:27.630Z,DIAL_SUCCESS,16Uiu2HAkvPHAo1K9DYCRemgLEMjnw1HWhhH6xMwHQtK6xUDgNySn,,,,,,,,,,,,,,,,,,,,,,,,,,,,,252.0,,,,,,,,,,,,,,,,,,,,,,,,,,,,,,,,,,,,,,,,,,,,,,,,,,,2026-01-07 20:18:27.630000+00:00,
2026-01-07T20:18:27.745Z,DIAL_SUCCESS,16Uiu2HAkxocuT6N3UrrGTC7Bze2sgKaruL9nTdAyjgjXdfk841yt,,,,,,,,,,,,,,,,,,,,,,,,,,,,,534.0,,,,,,,,,,,,,,,,,,,,,,,,,,,,,,,,,,,,,,,,,,,,,,,,,,,2026-01-07 20:18:27.745000+00:00,
2026-01-07T20:18:27.781Z,DIAL_CHECK_START,16Uiu2HAmJtnayEatNs8DKaPqtLRCikfgFc68y7gvKQ5UVycJsvTY,,,,,,,,,,,,,,,,,,,,,,,,2.0,0.0,6148.0,,,,,,,,,,,,,,,,,,,,,,,,,,,,,,,,,,,,,,,,,,,,,,,,,,,,,,2026-01-07 20:18:27.781000+00:00,
2026-01-07T20:18:27.782Z,DIAL_ATTEMPT_START,16Uiu2HAmJtnayEatNs8DKaPqtLRCikfgFc68y7gvKQ5UVycJsvTY,,,,,,,,,,,,,,,,,,,6148.0,,,,1767817107782.0,,,,,,,,,,,,,,,,,,,,,,,,,,,,,,,,,,,,,,,,,,,,,,,,,,,,,,,,,2026-01-07 20:18:27.782000+00:00,
2026-01-07T20:18:27.782Z,DISCOVERY_DIAL_DECISION,16Uiu2HAmJtnayEatNs8DKaPqtLRCikfgFc68y7gvKQ5UVycJsvTY,,,,,,,,,,,,,,,,,,,,,,,,2.0,0.0,,attempt_dial,,,,,,,,,,,,,,,,,,,,,,,,,,,,,,,,,,,,,,,,,,,,,,,,,,,,,2026-01-07 20:18:27.782000+00:00,
2026-01-07T20:18:28.129Z,DIAL_FAILURE,16Uiu2HAmJtnayEatNs8DKaPqtLRCikfgFc68y7gvKQ5UVycJsvTY,,,,,,,,,,,,,,,,,,,,,,,,,,,,read ECONNRESET,347.0,,,,,,,,,,,,,,,,,,,,,,,,,,,,,,,,,,,,,,,,,,,,,,,,,,,2026-01-07 20:18:28.129000+00:00,
2026-01-07T20:18:28.872Z,DIAL_CHECK_START,16Uiu2HAmJtnayEatNs8DKaPqtLRCikfgFc68y7gvKQ5UVycJsvTY,,,,,,,,,,,,,,,,,,,,,,,,2.0,0.0,6147.0,,,,,,,,,,,,,,,,,,,,,,,,,,,,,,,,,,,,,,,,,,,,,,,,,,,,,,2026-01-07 20:18:28.872000+00:00,
2026-01-07T20:18:28.872Z,DIAL_ATTEMPT_START,16Uiu2HAmJtnayEatNs8DKaPqtLRCikfgFc68y7gvKQ5UVycJsvTY,,,,,,,,,,,,,,,,,,,6147.0,,,,1767817108872.0,,,,,,,,,,,,,,,,,,,,,,,,,,,,,,,,,,,,,,,,,,,,,,,,,,,,,,,,,2026-01-07 20:18:28.872000+00:00,
2026-01-07T20:18:28.872Z,DISCOVERY_DIAL_DECISION,16Uiu2HAmJtnayEatNs8DKaPqtLRCikfgFc68y7gvKQ5UVycJsvTY,,,,,,,,,,,,,,,,,,,,,,,,2.0,0.0,,attempt_dial,,,,,,,,,,,,,,,,,,,,,,,,,,,,,,,,,,,,,,,,,,,,,,,,,,,,,2026-01-07 20:18:28.872000+00:00,
2026-01-07T20:18:29.220Z,DIAL_FAILURE,16Uiu2HAmJtnayEatNs8DKaPqtLRCikfgFc68y7gvKQ5UVycJsvTY,,,,,,,,,,,,,,,,,,,,,,,,,,,,read ECONNRESET,348.0,,,,,,,,,,,,,,,,,,,,,,,,,,,,,,,,,,,,,,,,,,,,,,,,,,,2026-01-07 20:18:29.220000+00:00,
2026-01-07T20:18:32.218Z,DIAL_CHECK_START,16Uiu2HAmJtnayEatNs8DKaPqtLRCikfgFc68y7gvKQ5UVycJsvTY,,,,,,,,,,,,,,,,,,,,,,,,2.0,0.0,6146.0,,,,,,,,,,,,,,,,,,,,,,,,,,,,,,,,,,,,,,,,,,,,,,,,,,,,,,2026-01-07 20:18:32.218000+00:00,
2026-01-07T20:18:32.218Z,DIAL_ATTEMPT_START,16Uiu2HAmJtnayEatNs8DKaPqtLRCikfgFc68y7gvKQ5UVycJsvTY,,,,,,,,,,,,,,,,,,,6146.0,,,,1767817112218.0,,,,,,,,,,,,,,,,,,,,,,,,,,,,,,,,,,,,,,,,,,,,,,,,,,,,,,,,,2026-01-07 20:18:32.218000+00:00,
2026-01-07T20:18:32.218Z,DISCOVERY_DIAL_DECISION,16Uiu2HAmJtnayEatNs8DKaPqtLRCikfgFc68y7gvKQ5UVycJsvTY,,,,,,,,,,,,,,,,,,,,,,,,2.0,0.0,,attempt_dial,,,,,,,,,,,,,,,,,,,,,,,,,,,,,,,,,,,,,,,,,,,,,,,,,,,,,2026-01-07 20:18:32.218000+00:00,
2026-01-07T20:18:32.564Z,DIAL_FAILURE,16Uiu2HAmJtnayEatNs8DKaPqtLRCikfgFc68y7gvKQ5UVycJsvTY,,,,,,,,,,,,,,,,,,,,,,,,,,,,read ECONNRESET,346.0,,,,,,,,,,,,,,,,,,,,,,,,,,,,,,,,,,,,,,,,,,,,,,,,,,,2026-01-07 20:18:32.564000+00:00,
2026-01-07T20:18:33.773Z,DIAL_CHECK_START,16Uiu2HAmJtnayEatNs8DKaPqtLRCikfgFc68y7gvKQ5UVycJsvTY,,,,,,,,,,,,,,,,,,,,,,,,2.0,0.0,6145.0,,,,,,,,,,,,,,,,,,,,,,,,,,,,,,,,,,,,,,,,,,,,,,,,,,,,,,2026-01-07 20:18:33.773000+00:00,
2026-01-07T20:18:33.773Z,DIAL_ATTEMPT_START,16Uiu2HAmJtnayEatNs8DKaPqtLRCikfgFc68y7gvKQ5UVycJsvTY,,,,,,,,,,,,,,,,,,,6145.0,,,,1767817113773.0,,,,,,,,,,,,,,,,,,,,,,,,,,,,,,,,,,,,,,,,,,,,,,,,,,,,,,,,,2026-01-07 20:18:33.773000+00:00,
2026-01-07T20:18:33.773Z,DISCOVERY_DIAL_DECISION,16Uiu2HAmJtnayEatNs8DKaPqtLRCikfgFc68y7gvKQ5UVycJsvTY,,,,,,,,,,,,,,,,,,,,,,,,2.0,0.0,,attempt_dial,,,,,,,,,,,,,,,,,,,,,,,,,,,,,,,,,,,,,,,,,,,,,,,,,,,,,2026-01-07 20:18:33.773000+00:00,
2026-01-07T20:18:34.118Z,DIAL_FAILURE,16Uiu2HAmJtnayEatNs8DKaPqtLRCikfgFc68y7gvKQ5UVycJsvTY,,,,,,,,,,,,,,,,,,,,,,,,,,,,read ECONNRESET,345.0,,,,,,,,,,,,,,,,,,,,,,,,,,,,,,,,,,,,,,,,,,,,,,,,,,,2026-01-07 20:18:34.118000+00:00,
2026-01-07T20:18:34.491Z,DIAL_CHECK_START,16Uiu2HAmJtnayEatNs8DKaPqtLRCikfgFc68y7gvKQ5UVycJsvTY,,,,,,,,,,,,,,,,,,,,,,,,2.0,0.0,6144.0,,,,,,,,,,,,,,,,,,,,,,,,,,,,,,,,,,,,,,,,,,,,,,,,,,,,,,2026-01-07 20:18:34.491000+00:00,
2026-01-07T20:18:34.491Z,DIAL_ATTEMPT_START,16Uiu2HAmJtnayEatNs8DKaPqtLRCikfgFc68y7gvKQ5UVycJsvTY,,,,,,,,,,,,,,,,,,,6144.0,,,,1767817114491.0,,,,,,,,,,,,,,,,,,,,,,,,,,,,,,,,,,,,,,,,,,,,,,,,,,,,,,,,,2026-01-07 20:18:34.491000+00:00,
2026-01-07T20:18:34.492Z,DISCOVERY_DIAL_DECISION,16Uiu2HAmJtnayEatNs8DKaPqtLRCikfgFc68y7gvKQ5UVycJsvTY,,,,,,,,,,,,,,,,,,,,,,,,2.0,0.0,,attempt_dial,,,,,,,,,,,,,,,,,,,,,,,,,,,,,,,,,,,,,,,,,,,,,,,,,,,,,2026-01-07 20:18:34.492000+00:00,
2026-01-07T20:18:34.629Z,DIAL_CHECK_START,16Uiu2HAkz4Qu6rLwfdEF2iuVWN6Nq27Fy8wT74CNJHciivm2xpqH,,,,,,,,,,,,,,,,,,,,,,,,2.0,0.0,6143.0,,,,,,,,,,,,,,,,,,,,,,,,,,,,,,,,,,,,,,,,,,,,,,,,,,,,,,2026-01-07 20:18:34.629000+00:00,
2026-01-07T20:18:34.629Z,DIAL_ATTEMPT_START,16Uiu2HAkz4Qu6rLwfdEF2iuVWN6Nq27Fy8wT74CNJHciivm2xpqH,,,,,,,,,,,,,,,,,,,6143.0,,,,1767817114629.0,,,,,,,,,,,,,,,,,,,,,,,,,,,,,,,,,,,,,,,,,,,,,,,,,,,,,,,,,2026-01-07 20:18:34.629000+00:00,
2026-01-07T20:18:34.629Z,DISCOVERY_DIAL_DECISION,16Uiu2HAkz4Qu6rLwfdEF2iuVWN6Nq27Fy8wT74CNJHciivm2xpqH,,,,,,,,,,,,,,,,,,,,,,,,2.0,0.0,,attempt_dial,,,,,,,,,,,,,,,,,,,,,,,,,,,,,,,,,,,,,,,,,,,,,,,,,,,,,2026-01-07 20:18:34.629000+00:00,
2026-01-07T20:18:34.630Z,DIAL_CHECK_START,16Uiu2HAkz4Qu6rLwfdEF2iuVWN6Nq27Fy8wT74CNJHciivm2xpqH,,,,,,,,,,,,,,,,,,,,,,,,0.0,0.0,6142.0,,,,,,,,,,,,,,,,,,,,,,,,,,,,,,,,,,,,,,,,,,,,,,,,,,,,,,2026-01-07 20:18:34.630000+00:00,
2026-01-07T20:18:34.630Z,DIAL_ATTEMPT_START,16Uiu2HAkz4Qu6rLwfdEF2iuVWN6Nq27Fy8wT74CNJHciivm2xpqH,,,,,,,,,,,,,,,,,,,6142.0,,,,1767817114630.0,,,,,,,,,,,,,,,,,,,,,,,,,,,,,,,,,,,,,,,,,,,,,,,,,,,,,,,,,2026-01-07 20:18:34.630000+00:00,
2026-01-07T20:18:34.630Z,DISCOVERY_DIAL_DECISION,16Uiu2HAkz4Qu6rLwfdEF2iuVWN6Nq27Fy8wT74CNJHciivm2xpqH,,,,,,,,,,,,,,,,,,,,,,,,0.0,0.0,,attempt_dial,,,,,,,,,,,,,,,,,,,,,,,,,,,,,,,,,,,,,,,,,,,,,,,,,,,,,2026-01-07 20:18:34.630000+00:00,
2026-01-07T20:18:34.836Z,DIAL_FAILURE,16Uiu2HAmJtnayEatNs8DKaPqtLRCikfgFc68y7gvKQ5UVycJsvTY,,,,,,,,,,,,,,,,,,,,,,,,,,,,read ECONNRESET,345.0,,,,,,,,,,,,,,,,,,,,,,,,,,,,,,,,,,,,,,,,,,,,,,,,,,,2026-01-07 20:18:34.836000+00:00,
2026-01-07T20:18:34.990Z,DIAL_CHECK_START,16Uiu2HAmJtnayEatNs8DKaPqtLRCikfgFc68y7gvKQ5UVycJsvTY,,,,,,,,,,,,,,,,,,,,,,,,2.0,0.0,6141.0,,,,,,,,,,,,,,,,,,,,,,,,,,,,,,,,,,,,,,,,,,,,,,,,,,,,,,2026-01-07 20:18:34.990000+00:00,
2026-01-07T20:18:34.990Z,DIAL_ATTEMPT_START,16Uiu2HAmJtnayEatNs8DKaPqtLRCikfgFc68y7gvKQ5UVycJsvTY,,,,,,,,,,,,,,,,,,,6141.0,,,,1767817114990.0,,,,,,,,,,,,,,,,,,,,,,,,,,,,,,,,,,,,,,,,,,,,,,,,,,,,,,,,,2026-01-07 20:18:34.990000+00:00,
2026-01-07T20:18:34.991Z,DISCOVERY_DIAL_DECISION,16Uiu2HAmJtnayEatNs8DKaPqtLRCikfgFc68y7gvKQ5UVycJsvTY,,,,,,,,,,,,,,,,,,,,,,,,2.0,0.0,,attempt_dial,,,,,,,,,,,,,,,,,,,,,,,,,,,,,,,,,,,,,,,,,,,,,,,,,,,,,2026-01-07 20:18:34.991000+00:00,
2026-01-07T20:18:35.103Z,DIAL_CHECK_START,16Uiu2HAmLMDvNazbCPDHwvMt5qYyhCZXyE2TprfXumMwaV67fMnR,,,,,,,,,,,,,,,,,,,,,,,,3.0,4.0,6140.0,,,,,,,,,,,,,,,,,,,,,,,,,,,,,,,,,,,,,,,,,,,,,,,,,,,,,,2026-01-07 20:18:35.103000+00:00,
2026-01-07T20:18:35.103Z,DIAL_ATTEMPT_START,16Uiu2HAmLMDvNazbCPDHwvMt5qYyhCZXyE2TprfXumMwaV67fMnR,,,,,,,,,,,,,,,,,,,6140.0,,,,1767817115103.0,,,,,,,,,,,,,,,,,,,,,,,,,,,,,,,,,,,,,,,,,,,,,,,,,,,,,,,,,2026-01-07 20:18:35.103000+00:00,
2026-01-07T20:18:35.103Z,DISCOVERY_DIAL_DECISION,16Uiu2HAmLMDvNazbCPDHwvMt5qYyhCZXyE2TprfXumMwaV67fMnR,,,,,,,,,,,,,,,,,,,,,,,,3.0,4.0,,attempt_dial,,,,,,,,,,,,,,,,,,,,,,,,,,,,,,,,,,,,,,,,,,,,,,,,,,,,,2026-01-07 20:18:35.103000+00:00,
2026-01-07T20:18:35.243Z,DIAL_CHECK_START,16Uiu2HAm5PJo5Q3eqyJ5N64n81EcJNbGv2nCoyFae2P5uJKbjMSD,,,,,,,,,,,,,,,,,,,,,,,,2.0,0.0,6139.0,,,,,,,,,,,,,,,,,,,,,,,,,,,,,,,,,,,,,,,,,,,,,,,,,,,,,,2026-01-07 20:18:35.243000+00:00,
2026-01-07T20:18:35.243Z,DIAL_ATTEMPT_START,16Uiu2HAm5PJo5Q3eqyJ5N64n81EcJNbGv2nCoyFae2P5uJKbjMSD,,,,,,,,,,,,,,,,,,,6139.0,,,,1767817115243.0,,,,,,,,,,,,,,,,,,,,,,,,,,,,,,,,,,,,,,,,,,,,,,,,,,,,,,,,,2026-01-07 20:18:35.243000+00:00,
2026-01-07T20:18:35.243Z,DISCOVERY_DIAL_DECISION,16Uiu2HAm5PJo5Q3eqyJ5N64n81EcJNbGv2nCoyFae2P5uJKbjMSD,,,,,,,,,,,,,,,,,,,,,,,,2.0,0.0,,attempt_dial,,,,,,,,,,,,,,,,,,,,,,,,,,,,,,,,,,,,,,,,,,,,,,,,,,,,,2026-01-07 20:18:35.243000+00:00,
2026-01-07T20:18:35.336Z,DIAL_FAILURE,16Uiu2HAmJtnayEatNs8DKaPqtLRCikfgFc68y7gvKQ5UVycJsvTY,,,,,,,,,,,,,,,,,,,,,,,,,,,,read ECONNRESET,346.0,,,,,,,,,,,,,,,,,,,,,,,,,,,,,,,,,,,,,,,,,,,,,,,,,,,2026-01-07 20:18:35.336000+00:00,
2026-01-07T20:18:35.372Z,DIAL_SUCCESS,16Uiu2HAmLMDvNazbCPDHwvMt5qYyhCZXyE2TprfXumMwaV67fMnR,,,,,,,,,,,,,,,,,,,,,,,,,,,,,269.0,,,,,,,,,,,,,,,,,,,,,,,,,,,,,,,,,,,,,,,,,,,,,,,,,,,2026-01-07 20:18:35.372000+00:00,
2026-01-07T20:18:35.380Z,DIAL_CHECK_START,16Uiu2HAmJtnayEatNs8DKaPqtLRCikfgFc68y7gvKQ5UVycJsvTY,,,,,,,,,,,,,,,,,,,,,,,,2.0,0.0,6138.0,,,,,,,,,,,,,,,,,,,,,,,,,,,,,,,,,,,,,,,,,,,,,,,,,,,,,,2026-01-07 20:18:35.380000+00:00,
2026-01-07T20:18:35.380Z,DIAL_ATTEMPT_START,16Uiu2HAmJtnayEatNs8DKaPqtLRCikfgFc68y7gvKQ5UVycJsvTY,,,,,,,,,,,,,,,,,,,6138.0,,,,1767817115380.0,,,,,,,,,,,,,,,,,,,,,,,,,,,,,,,,,,,,,,,,,,,,,,,,,,,,,,,,,2026-01-07 20:18:35.380000+00:00,
2026-01-07T20:18:35.380Z,DISCOVERY_DIAL_DECISION,16Uiu2HAmJtnayEatNs8DKaPqtLRCikfgFc68y7gvKQ5UVycJsvTY,,,,,,,,,,,,,,,,,,,,,,,,2.0,0.0,,attempt_dial,,,,,,,,,,,,,,,,,,,,,,,,,,,,,,,,,,,,,,,,,,,,,,,,,,,,,2026-01-07 20:18:35.380000+00:00,
2026-01-07T20:18:35.677Z,DIAL_SUCCESS,16Uiu2HAm5PJo5Q3eqyJ5N64n81EcJNbGv2nCoyFae2P5uJKbjMSD,,,,,,,,,,,,,,,,,,,,,,,,,,,,,434.0,,,,,,,,,,,,,,,,,,,,,,,,,,,,,,,,,,,,,,,,,,,,,,,,,,,2026-01-07 20:18:35.677000+00:00,
2026-01-07T20:18:35.725Z,DIAL_FAILURE,16Uiu2HAmJtnayEatNs8DKaPqtLRCikfgFc68y7gvKQ5UVycJsvTY,,,,,,,,,,,,,,,,,,,,,,,,,,,,read ECONNRESET,345.0,,,,,,,,,,,,,,,,,,,,,,,,,,,,,,,,,,,,,,,,,,,,,,,,,,,2026-01-07 20:18:35.725000+00:00,
2026-01-07T20:18:37.826Z,DIAL_CHECK_START,16Uiu2HAmJtnayEatNs8DKaPqtLRCikfgFc68y7gvKQ5UVycJsvTY,,,,,,,,,,,,,,,,,,,,,,,,2.0,0.0,6137.0,,,,,,,,,,,,,,,,,,,,,,,,,,,,,,,,,,,,,,,,,,,,,,,,,,,,,,2026-01-07 20:18:37.826000+00:00,
2026-01-07T20:18:37.826Z,DIAL_ATTEMPT_START,16Uiu2HAmJtnayEatNs8DKaPqtLRCikfgFc68y7gvKQ5UVycJsvTY,,,,,,,,,,,,,,,,,,,6137.0,,,,1767817117826.0,,,,,,,,,,,,,,,,,,,,,,,,,,,,,,,,,,,,,,,,,,,,,,,,,,,,,,,,,2026-01-07 20:18:37.826000+00:00,
2026-01-07T20:18:37.826Z,DISCOVERY_DIAL_DECISION,16Uiu2HAmJtnayEatNs8DKaPqtLRCikfgFc68y7gvKQ5UVycJsvTY,,,,,,,,,,,,,,,,,,,,,,,,2.0,0.0,,attempt_dial,,,,,,,,,,,,,,,,,,,,,,,,,,,,,,,,,,,,,,,,,,,,,,,,,,,,,2026-01-07 20:18:37.826000+00:00,
2026-01-07T20:18:38.172Z,DIAL_FAILURE,16Uiu2HAmJtnayEatNs8DKaPqtLRCikfgFc68y7gvKQ5UVycJsvTY,,,,,,,,,,,,,,,,,,,,,,,,,,,,read ECONNRESET,346.0,,,,,,,,,,,,,,,,,,,,,,,,,,,,,,,,,,,,,,,,,,,,,,,,,,,2026-01-07 20:18:38.172000+00:00,
2026-01-07T20:18:38.331Z,DIAL_CHECK_START,16Uiu2HAmJtnayEatNs8DKaPqtLRCikfgFc68y7gvKQ5UVycJsvTY,,,,,,,,,,,,,,,,,,,,,,,,2.0,0.0,6136.0,,,,,,,,,,,,,,,,,,,,,,,,,,,,,,,,,,,,,,,,,,,,,,,,,,,,,,2026-01-07 20:18:38.331000+00:00,
2026-01-07T20:18:38.331Z,DIAL_ATTEMPT_START,16Uiu2HAmJtnayEatNs8DKaPqtLRCikfgFc68y7gvKQ5UVycJsvTY,,,,,,,,,,,,,,,,,,,6136.0,,,,1767817118331.0,,,,,,,,,,,,,,,,,,,,,,,,,,,,,,,,,,,,,,,,,,,,,,,,,,,,,,,,,2026-01-07 20:18:38.331000+00:00,
2026-01-07T20:18:38.331Z,DISCOVERY_DIAL_DECISION,16Uiu2HAmJtnayEatNs8DKaPqtLRCikfgFc68y7gvKQ5UVycJsvTY,,,,,,,,,,,,,,,,,,,,,,,,2.0,0.0,,attempt_dial,,,,,,,,,,,,,,,,,,,,,,,,,,,,,,,,,,,,,,,,,,,,,,,,,,,,,2026-01-07 20:18:38.331000+00:00,
2026-01-07T20:18:38.675Z,DIAL_FAILURE,16Uiu2HAmJtnayEatNs8DKaPqtLRCikfgFc68y7gvKQ5UVycJsvTY,,,,,,,,,,,,,,,,,,,,,,,,,,,,read ECONNRESET,344.0,,,,,,,,,,,,,,,,,,,,,,,,,,,,,,,,,,,,,,,,,,,,,,,,,,,2026-01-07 20:18:38.675000+00:00,
2026-01-07T20:18:39.328Z,DIAL_CHECK_START,16Uiu2HAmSv5nJMzMePxcBsSsUY6FxQqidd1vvtXgorAyHTKYNFUB,,,,,,,,,,,,,,,,,,,,,,,,2.0,0.0,6135.0,,,,,,,,,,,,,,,,,,,,,,,,,,,,,,,,,,,,,,,,,,,,,,,,,,,,,,2026-01-07 20:18:39.328000+00:00,
2026-01-07T20:18:39.328Z,DIAL_ATTEMPT_START,16Uiu2HAmSv5nJMzMePxcBsSsUY6FxQqidd1vvtXgorAyHTKYNFUB,,,,,,,,,,,,,,,,,,,6135.0,,,,1767817119328.0,,,,,,,,,,,,,,,,,,,,,,,,,,,,,,,,,,,,,,,,,,,,,,,,,,,,,,,,,2026-01-07 20:18:39.328000+00:00,
2026-01-07T20:18:39.328Z,DISCOVERY_DIAL_DECISION,16Uiu2HAmSv5nJMzMePxcBsSsUY6FxQqidd1vvtXgorAyHTKYNFUB,,,,,,,,,,,,,,,,,,,,,,,,2.0,0.0,,attempt_dial,,,,,,,,,,,,,,,,,,,,,,,,,,,,,,,,,,,,,,,,,,,,,,,,,,,,,2026-01-07 20:18:39.328000+00:00,
2026-01-07T20:18:39.329Z,DIAL_CHECK_START,16Uiu2HAmJtnayEatNs8DKaPqtLRCikfgFc68y7gvKQ5UVycJsvTY,,,,,,,,,,,,,,,,,,,,,,,,2.0,0.0,6134.0,,,,,,,,,,,,,,,,,,,,,,,,,,,,,,,,,,,,,,,,,,,,,,,,,,,,,,2026-01-07 20:18:39.329000+00:00,
2026-01-07T20:18:39.329Z,DIAL_ATTEMPT_START,16Uiu2HAmJtnayEatNs8DKaPqtLRCikfgFc68y7gvKQ5UVycJsvTY,,,,,,,,,,,,,,,,,,,6134.0,,,,1767817119329.0,,,,,,,,,,,,,,,,,,,,,,,,,,,,,,,,,,,,,,,,,,,,,,,,,,,,,,,,,2026-01-07 20:18:39.329000+00:00,
2026-01-07T20:18:39.329Z,DISCOVERY_DIAL_DECISION,16Uiu2HAmJtnayEatNs8DKaPqtLRCikfgFc68y7gvKQ5UVycJsvTY,,,,,,,,,,,,,,,,,,,,,,,,2.0,0.0,,attempt_dial,,,,,,,,,,,,,,,,,,,,,,,,,,,,,,,,,,,,,,,,,,,,,,,,,,,,,2026-01-07 20:18:39.329000+00:00,
2026-01-07T20:18:39.411Z,DIAL_FAILURE,16Uiu2HAmSv5nJMzMePxcBsSsUY6FxQqidd1vvtXgorAyHTKYNFUB,,,,,,,,,,,,,,,,,,,,,,,,,,,,read ECONNRESET,83.0,,,,,,,,,,,,,,,,,,,,,,,,,,,,,,,,,,,,,,,,,,,,,,,,,,,2026-01-07 20:18:39.411000+00:00,
2026-01-07T20:18:39.456Z,DIAL_CHECK_START,16Uiu2HAmSv5nJMzMePxcBsSsUY6FxQqidd1vvtXgorAyHTKYNFUB,,,,,,,,,,,,,,,,,,,,,,,,2.0,0.0,6133.0,,,,,,,,,,,,,,,,,,,,,,,,,,,,,,,,,,,,,,,,,,,,,,,,,,,,,,2026-01-07 20:18:39.456000+00:00,
2026-01-07T20:18:39.456Z,DIAL_ATTEMPT_START,16Uiu2HAmSv5nJMzMePxcBsSsUY6FxQqidd1vvtXgorAyHTKYNFUB,,,,,,,,,,,,,,,,,,,6133.0,,,,1767817119456.0,,,,,,,,,,,,,,,,,,,,,,,,,,,,,,,,,,,,,,,,,,,,,,,,,,,,,,,,,2026-01-07 20:18:39.456000+00:00,
2026-01-07T20:18:39.456Z,DISCOVERY_DIAL_DECISION,16Uiu2HAmSv5nJMzMePxcBsSsUY6FxQqidd1vvtXgorAyHTKYNFUB,,,,,,,,,,,,,,,,,,,,,,,,2.0,0.0,,attempt_dial,,,,,,,,,,,,,,,,,,,,,,,,,,,,,,,,,,,,,,,,,,,,,,,,,,,,,2026-01-07 20:18:39.456000+00:00,
2026-01-07T20:18:39.545Z,DIAL_FAILURE,16Uiu2HAmSv5nJMzMePxcBsSsUY6FxQqidd1vvtXgorAyHTKYNFUB,,,,,,,,,,,,,,,,,,,,,,,,,,,,unexpected end of input,89.0,,,,,,,,,,,,,,,,,,,,,,,,,,,,,,,,,,,,,,,,,,,,,,,,,,,2026-01-07 20:18:39.545000+00:00,
2026-01-07T20:18:39.573Z,DIAL_CHECK_START,16Uiu2HAmSv5nJMzMePxcBsSsUY6FxQqidd1vvtXgorAyHTKYNFUB,,,,,,,,,,,,,,,,,,,,,,,,2.0,0.0,6132.0,,,,,,,,,,,,,,,,,,,,,,,,,,,,,,,,,,,,,,,,,,,,,,,,,,,,,,2026-01-07 20:18:39.573000+00:00,
2026-01-07T20:18:39.573Z,DIAL_ATTEMPT_START,16Uiu2HAmSv5nJMzMePxcBsSsUY6FxQqidd1vvtXgorAyHTKYNFUB,,,,,,,,,,,,,,,,,,,6132.0,,,,1767817119573.0,,,,,,,,,,,,,,,,,,,,,,,,,,,,,,,,,,,,,,,,,,,,,,,,,,,,,,,,,2026-01-07 20:18:39.573000+00:00,
2026-01-07T20:18:39.573Z,DISCOVERY_DIAL_DECISION,16Uiu2HAmSv5nJMzMePxcBsSsUY6FxQqidd1vvtXgorAyHTKYNFUB,,,,,,,,,,,,,,,,,,,,,,,,2.0,0.0,,attempt_dial,,,,,,,,,,,,,,,,,,,,,,,,,,,,,,,,,,,,,,,,,,,,,,,,,,,,,2026-01-07 20:18:39.573000+00:00,
2026-01-07T20:18:39.653Z,DIAL_FAILURE,16Uiu2HAmSv5nJMzMePxcBsSsUY6FxQqidd1vvtXgorAyHTKYNFUB,,,,,,,,,,,,,,,,,,,,,,,,,,,,read ECONNRESET,80.0,,,,,,,,,,,,,,,,,,,,,,,,,,,,,,,,,,,,,,,,,,,,,,,,,,,2026-01-07 20:18:39.653000+00:00,
2026-01-07T20:18:39.672Z,DIAL_CHECK_START,16Uiu2HAmSv5nJMzMePxcBsSsUY6FxQqidd1vvtXgorAyHTKYNFUB,,,,,,,,,,,,,,,,,,,,,,,,2.0,0.0,6131.0,,,,,,,,,,,,,,,,,,,,,,,,,,,,,,,,,,,,,,,,,,,,,,,,,,,,,,2026-01-07 20:18:39.672000+00:00,
2026-01-07T20:18:39.672Z,DIAL_ATTEMPT_START,16Uiu2HAmSv5nJMzMePxcBsSsUY6FxQqidd1vvtXgorAyHTKYNFUB,,,,,,,,,,,,,,,,,,,6131.0,,,,1767817119672.0,,,,,,,,,,,,,,,,,,,,,,,,,,,,,,,,,,,,,,,,,,,,,,,,,,,,,,,,,2026-01-07 20:18:39.672000+00:00,
2026-01-07T20:18:39.673Z,DISCOVERY_DIAL_DECISION,16Uiu2HAmSv5nJMzMePxcBsSsUY6FxQqidd1vvtXgorAyHTKYNFUB,,,,,,,,,,,,,,,,,,,,,,,,2.0,0.0,,attempt_dial,,,,,,,,,,,,,,,,,,,,,,,,,,,,,,,,,,,,,,,,,,,,,,,,,,,,,2026-01-07 20:18:39.673000+00:00,
2026-01-07T20:18:39.674Z,DIAL_FAILURE,16Uiu2HAmJtnayEatNs8DKaPqtLRCikfgFc68y7gvKQ5UVycJsvTY,,,,,,,,,,,,,,,,,,,,,,,,,,,,unexpected end of input,345.0,,,,,,,,,,,,,,,,,,,,,,,,,,,,,,,,,,,,,,,,,,,,,,,,,,,2026-01-07 20:18:39.674000+00:00,
2026-01-07T20:18:39.758Z,DIAL_FAILURE,16Uiu2HAmSv5nJMzMePxcBsSsUY6FxQqidd1vvtXgorAyHTKYNFUB,,,,,,,,,,,,,,,,,,,,,,,,,,,,unexpected end of input,86.0,,,,,,,,,,,,,,,,,,,,,,,,,,,,,,,,,,,,,,,,,,,,,,,,,,,2026-01-07 20:18:39.758000+00:00,
2026-01-07T20:18:40.447Z,DIAL_CHECK_START,16Uiu2HAmJtnayEatNs8DKaPqtLRCikfgFc68y7gvKQ5UVycJsvTY,,,,,,,,,,,,,,,,,,,,,,,,2.0,0.0,6130.0,,,,,,,,,,,,,,,,,,,,,,,,,,,,,,,,,,,,,,,,,,,,,,,,,,,,,,2026-01-07 20:18:40.447000+00:00,
2026-01-07T20:18:40.447Z,DIAL_ATTEMPT_START,16Uiu2HAmJtnayEatNs8DKaPqtLRCikfgFc68y7gvKQ5UVycJsvTY,,,,,,,,,,,,,,,,,,,6130.0,,,,1767817120447.0,,,,,,,,,,,,,,,,,,,,,,,,,,,,,,,,,,,,,,,,,,,,,,,,,,,,,,,,,2026-01-07 20:18:40.447000+00:00,
2026-01-07T20:18:40.447Z,DISCOVERY_DIAL_DECISION,16Uiu2HAmJtnayEatNs8DKaPqtLRCikfgFc68y7gvKQ5UVycJsvTY,,,,,,,,,,,,,,,,,,,,,,,,2.0,0.0,,attempt_dial,,,,,,,,,,,,,,,,,,,,,,,,,,,,,,,,,,,,,,,,,,,,,,,,,,,,,2026-01-07 20:18:40.447000+00:00,
2026-01-07T20:18:40.713Z,DIAL_CHECK_START,16Uiu2HAmSv5nJMzMePxcBsSsUY6FxQqidd1vvtXgorAyHTKYNFUB,,,,,,,,,,,,,,,,,,,,,,,,2.0,0.0,6129.0,,,,,,,,,,,,,,,,,,,,,,,,,,,,,,,,,,,,,,,,,,,,,,,,,,,,,,2026-01-07 20:18:40.713000+00:00,
2026-01-07T20:18:40.713Z,DIAL_ATTEMPT_START,16Uiu2HAmSv5nJMzMePxcBsSsUY6FxQqidd1vvtXgorAyHTKYNFUB,,,,,,,,,,,,,,,,,,,6129.0,,,,1767817120713.0,,,,,,,,,,,,,,,,,,,,,,,,,,,,,,,,,,,,,,,,,,,,,,,,,,,,,,,,,2026-01-07 20:18:40.713000+00:00,
2026-01-07T20:18:40.713Z,DISCOVERY_DIAL_DECISION,16Uiu2HAmSv5nJMzMePxcBsSsUY6FxQqidd1vvtXgorAyHTKYNFUB,,,,,,,,,,,,,,,,,,,,,,,,2.0,0.0,,attempt_dial,,,,,,,,,,,,,,,,,,,,,,,,,,,,,,,,,,,,,,,,,,,,,,,,,,,,,2026-01-07 20:18:40.713000+00:00,
2026-01-07T20:18:40.790Z,DIAL_FAILURE,16Uiu2HAmJtnayEatNs8DKaPqtLRCikfgFc68y7gvKQ5UVycJsvTY,,,,,,,,,,,,,,,,,,,,,,,,,,,,unexpected end of input,343.0,,,,,,,,,,,,,,,,,,,,,,,,,,,,,,,,,,,,,,,,,,,,,,,,,,,2026-01-07 20:18:40.790000+00:00,
2026-01-07T20:18:40.799Z,DIAL_FAILURE,16Uiu2HAmSv5nJMzMePxcBsSsUY6FxQqidd1vvtXgorAyHTKYNFUB,,,,,,,,,,,,,,,,,,,,,,,,,,,,read ECONNRESET,86.0,,,,,,,,,,,,,,,,,,,,,,,,,,,,,,,,,,,,,,,,,,,,,,,,,,,2026-01-07 20:18:40.799000+00:00,
2026-01-07T20:18:40.913Z,DIAL_CHECK_START,16Uiu2HAmJtnayEatNs8DKaPqtLRCikfgFc68y7gvKQ5UVycJsvTY,,,,,,,,,,,,,,,,,,,,,,,,2.0,0.0,6128.0,,,,,,,,,,,,,,,,,,,,,,,,,,,,,,,,,,,,,,,,,,,,,,,,,,,,,,2026-01-07 20:18:40.913000+00:00,
2026-01-07T20:18:40.913Z,DIAL_ATTEMPT_START,16Uiu2HAmJtnayEatNs8DKaPqtLRCikfgFc68y7gvKQ5UVycJsvTY,,,,,,,,,,,,,,,,,,,6128.0,,,,1767817120913.0,,,,,,,,,,,,,,,,,,,,,,,,,,,,,,,,,,,,,,,,,,,,,,,,,,,,,,,,,2026-01-07 20:18:40.913000+00:00,
2026-01-07T20:18:40.913Z,DISCOVERY_DIAL_DECISION,16Uiu2HAmJtnayEatNs8DKaPqtLRCikfgFc68y7gvKQ5UVycJsvTY,,,,,,,,,,,,,,,,,,,,,,,,2.0,0.0,,attempt_dial,,,,,,,,,,,,,,,,,,,,,,,,,,,,,,,,,,,,,,,,,,,,,,,,,,,,,2026-01-07 20:18:40.913000+00:00,
2026-01-07T20:18:40.915Z,DIAL_CHECK_START,16Uiu2HAmCuaWcokQ39CQVk7Zi69wE3QkqbtkgS7de1HkcK95JTzt,,,,,,,,,,,,,,,,,,,,,,,,2.0,0.0,6127.0,,,,,,,,,,,,,,,,,,,,,,,,,,,,,,,,,,,,,,,,,,,,,,,,,,,,,,2026-01-07 20:18:40.915000+00:00,
2026-01-07T20:18:40.915Z,DIAL_ATTEMPT_START,16Uiu2HAmCuaWcokQ39CQVk7Zi69wE3QkqbtkgS7de1HkcK95JTzt,,,,,,,,,,,,,,,,,,,6127.0,,,,1767817120915.0,,,,,,,,,,,,,,,,,,,,,,,,,,,,,,,,,,,,,,,,,,,,,,,,,,,,,,,,,2026-01-07 20:18:40.915000+00:00,
2026-01-07T20:18:40.915Z,DISCOVERY_DIAL_DECISION,16Uiu2HAmCuaWcokQ39CQVk7Zi69wE3QkqbtkgS7de1HkcK95JTzt,,,,,,,,,,,,,,,,,,,,,,,,2.0,0.0,,attempt_dial,,,,,,,,,,,,,,,,,,,,,,,,,,,,,,,,,,,,,,,,,,,,,,,,,,,,,2026-01-07 20:18:40.915000+00:00,
2026-01-07T20:18:41.258Z,DIAL_FAILURE,16Uiu2HAmJtnayEatNs8DKaPqtLRCikfgFc68y7gvKQ5UVycJsvTY,,,,,,,,,,,,,,,,,,,,,,,,,,,,unexpected end of input,345.0,,,,,,,,,,,,,,,,,,,,,,,,,,,,,,,,,,,,,,,,,,,,,,,,,,,2026-01-07 20:18:41.258000+00:00,
2026-01-07T20:18:41.282Z,DIAL_CHECK_START,16Uiu2HAmJtnayEatNs8DKaPqtLRCikfgFc68y7gvKQ5UVycJsvTY,,,,,,,,,,,,,,,,,,,,,,,,2.0,0.0,6126.0,,,,,,,,,,,,,,,,,,,,,,,,,,,,,,,,,,,,,,,,,,,,,,,,,,,,,,2026-01-07 20:18:41.282000+00:00,
2026-01-07T20:18:41.282Z,DIAL_ATTEMPT_START,16Uiu2HAmJtnayEatNs8DKaPqtLRCikfgFc68y7gvKQ5UVycJsvTY,,,,,,,,,,,,,,,,,,,6126.0,,,,1767817121282.0,,,,,,,,,,,,,,,,,,,,,,,,,,,,,,,,,,,,,,,,,,,,,,,,,,,,,,,,,2026-01-07 20:18:41.282000+00:00,
2026-01-07T20:18:41.283Z,DISCOVERY_DIAL_DECISION,16Uiu2HAmJtnayEatNs8DKaPqtLRCikfgFc68y7gvKQ5UVycJsvTY,,,,,,,,,,,,,,,,,,,,,,,,2.0,0.0,,attempt_dial,,,,,,,,,,,,,,,,,,,,,,,,,,,,,,,,,,,,,,,,,,,,,,,,,,,,,2026-01-07 20:18:41.283000+00:00,
2026-01-07T20:18:41.627Z,DIAL_FAILURE,16Uiu2HAmJtnayEatNs8DKaPqtLRCikfgFc68y7gvKQ5UVycJsvTY,,,,,,,,,,,,,,,,,,,,,,,,,,,,read ECONNRESET,345.0,,,,,,,,,,,,,,,,,,,,,,,,,,,,,,,,,,,,,,,,,,,,,,,,,,,2026-01-07 20:18:41.627000+00:00,
2026-01-07T20:18:41.710Z,DIAL_CHECK_START,16Uiu2HAmJtnayEatNs8DKaPqtLRCikfgFc68y7gvKQ5UVycJsvTY,,,,,,,,,,,,,,,,,,,,,,,,2.0,0.0,6125.0,,,,,,,,,,,,,,,,,,,,,,,,,,,,,,,,,,,,,,,,,,,,,,,,,,,,,,2026-01-07 20:18:41.710000+00:00,
2026-01-07T20:18:41.710Z,DIAL_ATTEMPT_START,16Uiu2HAmJtnayEatNs8DKaPqtLRCikfgFc68y7gvKQ5UVycJsvTY,,,,,,,,,,,,,,,,,,,6125.0,,,,1767817121710.0,,,,,,,,,,,,,,,,,,,,,,,,,,,,,,,,,,,,,,,,,,,,,,,,,,,,,,,,,2026-01-07 20:18:41.710000+00:00,
2026-01-07T20:18:41.710Z,DISCOVERY_DIAL_DECISION,16Uiu2HAmJtnayEatNs8DKaPqtLRCikfgFc68y7gvKQ5UVycJsvTY,,,,,,,,,,,,,,,,,,,,,,,,2.0,0.0,,attempt_dial,,,,,,,,,,,,,,,,,,,,,,,,,,,,,,,,,,,,,,,,,,,,,,,,,,,,,2026-01-07 20:18:41.710000+00:00,
2026-01-07T20:18:41.712Z,DIAL_CHECK_START,16Uiu2HAmSv5nJMzMePxcBsSsUY6FxQqidd1vvtXgorAyHTKYNFUB,,,,,,,,,,,,,,,,,,,,,,,,2.0,0.0,6124.0,,,,,,,,,,,,,,,,,,,,,,,,,,,,,,,,,,,,,,,,,,,,,,,,,,,,,,2026-01-07 20:18:41.712000+00:00,
2026-01-07T20:18:41.712Z,DIAL_ATTEMPT_START,16Uiu2HAmSv5nJMzMePxcBsSsUY6FxQqidd1vvtXgorAyHTKYNFUB,,,,,,,,,,,,,,,,,,,6124.0,,,,1767817121712.0,,,,,,,,,,,,,,,,,,,,,,,,,,,,,,,,,,,,,,,,,,,,,,,,,,,,,,,,,2026-01-07 20:18:41.712000+00:00,
2026-01-07T20:18:41.712Z,DISCOVERY_DIAL_DECISION,16Uiu2HAmSv5nJMzMePxcBsSsUY6FxQqidd1vvtXgorAyHTKYNFUB,,,,,,,,,,,,,,,,,,,,,,,,2.0,0.0,,attempt_dial,,,,,,,,,,,,,,,,,,,,,,,,,,,,,,,,,,,,,,,,,,,,,,,,,,,,,2026-01-07 20:18:41.712000+00:00,
2026-01-07T20:18:41.796Z,DIAL_FAILURE,16Uiu2HAmSv5nJMzMePxcBsSsUY6FxQqidd1vvtXgorAyHTKYNFUB,,,,,,,,,,,,,,,,,,,,,,,,,,,,read ECONNRESET,84.0,,,,,,,,,,,,,,,,,,,,,,,,,,,,,,,,,,,,,,,,,,,,,,,,,,,2026-01-07 20:18:41.796000+00:00,
2026-01-07T20:18:42.054Z,DIAL_FAILURE,16Uiu2HAmJtnayEatNs8DKaPqtLRCikfgFc68y7gvKQ5UVycJsvTY,,,,,,,,,,,,,,,,,,,,,,,,,,,,unexpected end of input,344.0,,,,,,,,,,,,,,,,,,,,,,,,,,,,,,,,,,,,,,,,,,,,,,,,,,,2026-01-07 20:18:42.054000+00:00,
2026-01-07T20:18:42.312Z,DIAL_CHECK_START,16Uiu2HAmJtnayEatNs8DKaPqtLRCikfgFc68y7gvKQ5UVycJsvTY,,,,,,,,,,,,,,,,,,,,,,,,2.0,0.0,6123.0,,,,,,,,,,,,,,,,,,,,,,,,,,,,,,,,,,,,,,,,,,,,,,,,,,,,,,2026-01-07 20:18:42.312000+00:00,
2026-01-07T20:18:42.312Z,DIAL_ATTEMPT_START,16Uiu2HAmJtnayEatNs8DKaPqtLRCikfgFc68y7gvKQ5UVycJsvTY,,,,,,,,,,,,,,,,,,,6123.0,,,,1767817122312.0,,,,,,,,,,,,,,,,,,,,,,,,,,,,,,,,,,,,,,,,,,,,,,,,,,,,,,,,,2026-01-07 20:18:42.312000+00:00,
2026-01-07T20:18:42.312Z,DISCOVERY_DIAL_DECISION,16Uiu2HAmJtnayEatNs8DKaPqtLRCikfgFc68y7gvKQ5UVycJsvTY,,,,,,,,,,,,,,,,,,,,,,,,2.0,0.0,,attempt_dial,,,,,,,,,,,,,,,,,,,,,,,,,,,,,,,,,,,,,,,,,,,,,,,,,,,,,2026-01-07 20:18:42.312000+00:00,
2026-01-07T20:18:42.572Z,DIAL_CHECK_START,16Uiu2HAmSv5nJMzMePxcBsSsUY6FxQqidd1vvtXgorAyHTKYNFUB,,,,,,,,,,,,,,,,,,,,,,,,2.0,0.0,6122.0,,,,,,,,,,,,,,,,,,,,,,,,,,,,,,,,,,,,,,,,,,,,,,,,,,,,,,2026-01-07 20:18:42.572000+00:00,
2026-01-07T20:18:42.572Z,DIAL_ATTEMPT_START,16Uiu2HAmSv5nJMzMePxcBsSsUY6FxQqidd1vvtXgorAyHTKYNFUB,,,,,,,,,,,,,,,,,,,6122.0,,,,1767817122572.0,,,,,,,,,,,,,,,,,,,,,,,,,,,,,,,,,,,,,,,,,,,,,,,,,,,,,,,,,2026-01-07 20:18:42.572000+00:00,
2026-01-07T20:18:42.572Z,DISCOVERY_DIAL_DECISION,16Uiu2HAmSv5nJMzMePxcBsSsUY6FxQqidd1vvtXgorAyHTKYNFUB,,,,,,,,,,,,,,,,,,,,,,,,2.0,0.0,,attempt_dial,,,,,,,,,,,,,,,,,,,,,,,,,,,,,,,,,,,,,,,,,,,,,,,,,,,,,2026-01-07 20:18:42.572000+00:00,
2026-01-07T20:18:42.655Z,DIAL_FAILURE,16Uiu2HAmJtnayEatNs8DKaPqtLRCikfgFc68y7gvKQ5UVycJsvTY,,,,,,,,,,,,,,,,,,,,,,,,,,,,unexpected end of input,343.0,,,,,,,,,,,,,,,,,,,,,,,,,,,,,,,,,,,,,,,,,,,,,,,,,,,2026-01-07 20:18:42.655000+00:00,
2026-01-07T20:18:42.656Z,DIAL_FAILURE,16Uiu2HAmSv5nJMzMePxcBsSsUY6FxQqidd1vvtXgorAyHTKYNFUB,,,,,,,,,,,,,,,,,,,,,,,,,,,,read ECONNRESET,84.0,,,,,,,,,,,,,,,,,,,,,,,,,,,,,,,,,,,,,,,,,,,,,,,,,,,2026-01-07 20:18:42.656000+00:00,
2026-01-07T20:18:42.902Z,DIAL_CHECK_START,16Uiu2HAmJtnayEatNs8DKaPqtLRCikfgFc68y7gvKQ5UVycJsvTY,,,,,,,,,,,,,,,,,,,,,,,,2.0,0.0,6121.0,,,,,,,,,,,,,,,,,,,,,,,,,,,,,,,,,,,,,,,,,,,,,,,,,,,,,,2026-01-07 20:18:42.902000+00:00,
2026-01-07T20:18:42.902Z,DIAL_ATTEMPT_START,16Uiu2HAmJtnayEatNs8DKaPqtLRCikfgFc68y7gvKQ5UVycJsvTY,,,,,,,,,,,,,,,,,,,6121.0,,,,1767817122902.0,,,,,,,,,,,,,,,,,,,,,,,,,,,,,,,,,,,,,,,,,,,,,,,,,,,,,,,,,2026-01-07 20:18:42.902000+00:00,
2026-01-07T20:18:42.903Z,DISCOVERY_DIAL_DECISION,16Uiu2HAmJtnayEatNs8DKaPqtLRCikfgFc68y7gvKQ5UVycJsvTY,,,,,,,,,,,,,,,,,,,,,,,,2.0,0.0,,attempt_dial,,,,,,,,,,,,,,,,,,,,,,,,,,,,,,,,,,,,,,,,,,,,,,,,,,,,,2026-01-07 20:18:42.903000+00:00,
2026-01-07T20:18:43.248Z,DIAL_FAILURE,16Uiu2HAmJtnayEatNs8DKaPqtLRCikfgFc68y7gvKQ5UVycJsvTY,,,,,,,,,,,,,,,,,,,,,,,,,,,,read ECONNRESET,346.0,,,,,,,,,,,,,,,,,,,,,,,,,,,,,,,,,,,,,,,,,,,,,,,,,,,2026-01-07 20:18:43.248000+00:00,
2026-01-07T20:18:45.255Z,DIAL_CHECK_START,16Uiu2HAmJtnayEatNs8DKaPqtLRCikfgFc68y7gvKQ5UVycJsvTY,,,,,,,,,,,,,,,,,,,,,,,,2.0,0.0,6120.0,,,,,,,,,,,,,,,,,,,,,,,,,,,,,,,,,,,,,,,,,,,,,,,,,,,,,,2026-01-07 20:18:45.255000+00:00,
2026-01-07T20:18:45.255Z,DIAL_ATTEMPT_START,16Uiu2HAmJtnayEatNs8DKaPqtLRCikfgFc68y7gvKQ5UVycJsvTY,,,,,,,,,,,,,,,,,,,6120.0,,,,1767817125255.0,,,,,,,,,,,,,,,,,,,,,,,,,,,,,,,,,,,,,,,,,,,,,,,,,,,,,,,,,2026-01-07 20:18:45.255000+00:00,
2026-01-07T20:18:45.255Z,DISCOVERY_DIAL_DECISION,16Uiu2HAmJtnayEatNs8DKaPqtLRCikfgFc68y7gvKQ5UVycJsvTY,,,,,,,,,,,,,,,,,,,,,,,,2.0,0.0,,attempt_dial,,,,,,,,,,,,,,,,,,,,,,,,,,,,,,,,,,,,,,,,,,,,,,,,,,,,,2026-01-07 20:18:45.255000+00:00,
2026-01-07T20:18:45.599Z,DIAL_FAILURE,16Uiu2HAmJtnayEatNs8DKaPqtLRCikfgFc68y7gvKQ5UVycJsvTY,,,,,,,,,,,,,,,,,,,,,,,,,,,,read ECONNRESET,344.0,,,,,,,,,,,,,,,,,,,,,,,,,,,,,,,,,,,,,,,,,,,,,,,,,,,2026-01-07 20:18:45.599000+00:00,
2026-01-07T20:18:46.037Z,DIAL_CHECK_START,16Uiu2HAmSv5nJMzMePxcBsSsUY6FxQqidd1vvtXgorAyHTKYNFUB,,,,,,,,,,,,,,,,,,,,,,,,2.0,0.0,6119.0,,,,,,,,,,,,,,,,,,,,,,,,,,,,,,,,,,,,,,,,,,,,,,,,,,,,,,2026-01-07 20:18:46.037000+00:00,
2026-01-07T20:18:46.037Z,DIAL_ATTEMPT_START,16Uiu2HAmSv5nJMzMePxcBsSsUY6FxQqidd1vvtXgorAyHTKYNFUB,,,,,,,,,,,,,,,,,,,6119.0,,,,1767817126037.0,,,,,,,,,,,,,,,,,,,,,,,,,,,,,,,,,,,,,,,,,,,,,,,,,,,,,,,,,2026-01-07 20:18:46.037000+00:00,
2026-01-07T20:18:46.037Z,DISCOVERY_DIAL_DECISION,16Uiu2HAmSv5nJMzMePxcBsSsUY6FxQqidd1vvtXgorAyHTKYNFUB,,,,,,,,,,,,,,,,,,,,,,,,2.0,0.0,,attempt_dial,,,,,,,,,,,,,,,,,,,,,,,,,,,,,,,,,,,,,,,,,,,,,,,,,,,,,2026-01-07 20:18:46.037000+00:00,
2026-01-07T20:18:46.120Z,DIAL_FAILURE,16Uiu2HAmSv5nJMzMePxcBsSsUY6FxQqidd1vvtXgorAyHTKYNFUB,,,,,,,,,,,,,,,,,,,,,,,,,,,,unexpected end of input,83.0,,,,,,,,,,,,,,,,,,,,,,,,,,,,,,,,,,,,,,,,,,,,,,,,,,,2026-01-07 20:18:46.120000+00:00,
2026-01-07T20:18:46.172Z,DIAL_CHECK_START,16Uiu2HAmJtnayEatNs8DKaPqtLRCikfgFc68y7gvKQ5UVycJsvTY,,,,,,,,,,,,,,,,,,,,,,,,2.0,0.0,6118.0,,,,,,,,,,,,,,,,,,,,,,,,,,,,,,,,,,,,,,,,,,,,,,,,,,,,,,2026-01-07 20:18:46.172000+00:00,
2026-01-07T20:18:46.172Z,DIAL_ATTEMPT_START,16Uiu2HAmJtnayEatNs8DKaPqtLRCikfgFc68y7gvKQ5UVycJsvTY,,,,,,,,,,,,,,,,,,,6118.0,,,,1767817126172.0,,,,,,,,,,,,,,,,,,,,,,,,,,,,,,,,,,,,,,,,,,,,,,,,,,,,,,,,,2026-01-07 20:18:46.172000+00:00,
2026-01-07T20:18:46.172Z,DISCOVERY_DIAL_DECISION,16Uiu2HAmJtnayEatNs8DKaPqtLRCikfgFc68y7gvKQ5UVycJsvTY,,,,,,,,,,,,,,,,,,,,,,,,2.0,0.0,,attempt_dial,,,,,,,,,,,,,,,,,,,,,,,,,,,,,,,,,,,,,,,,,,,,,,,,,,,,,2026-01-07 20:18:46.172000+00:00,
2026-01-07T20:18:46.516Z,DIAL_FAILURE,16Uiu2HAmJtnayEatNs8DKaPqtLRCikfgFc68y7gvKQ5UVycJsvTY,,,,,,,,,,,,,,,,,,,,,,,,,,,,read ECONNRESET,344.0,,,,,,,,,,,,,,,,,,,,,,,,,,,,,,,,,,,,,,,,,,,,,,,,,,,2026-01-07 20:18:46.516000+00:00,
2026-01-07T20:18:48.197Z,DIAL_CHECK_START,16Uiu2HAkvPHAo1K9DYCRemgLEMjnw1HWhhH6xMwHQtK6xUDgNySn,,,,,,,,,,,,,,,,,,,,,,,,2.0,0.0,6117.0,,,,,,,,,,,,,,,,,,,,,,,,,,,,,,,,,,,,,,,,,,,,,,,,,,,,,,2026-01-07 20:18:48.197000+00:00,
2026-01-07T20:18:48.197Z,DIAL_ATTEMPT_START,16Uiu2HAkvPHAo1K9DYCRemgLEMjnw1HWhhH6xMwHQtK6xUDgNySn,,,,,,,,,,,,,,,,,,,6117.0,,,,1767817128197.0,,,,,,,,,,,,,,,,,,,,,,,,,,,,,,,,,,,,,,,,,,,,,,,,,,,,,,,,,2026-01-07 20:18:48.197000+00:00,
2026-01-07T20:18:48.197Z,DISCOVERY_DIAL_DECISION,16Uiu2HAkvPHAo1K9DYCRemgLEMjnw1HWhhH6xMwHQtK6xUDgNySn,,,,,,,,,,,,,,,,,,,,,,,,2.0,0.0,,attempt_dial,,,,,,,,,,,,,,,,,,,,,,,,,,,,,,,,,,,,,,,,,,,,,,,,,,,,,2026-01-07 20:18:48.197000+00:00,
2026-01-07T20:18:48.361Z,DIAL_CHECK_START,16Uiu2HAmJtnayEatNs8DKaPqtLRCikfgFc68y7gvKQ5UVycJsvTY,,,,,,,,,,,,,,,,,,,,,,,,2.0,0.0,6116.0,,,,,,,,,,,,,,,,,,,,,,,,,,,,,,,,,,,,,,,,,,,,,,,,,,,,,,2026-01-07 20:18:48.361000+00:00,
2026-01-07T20:18:48.361Z,DIAL_ATTEMPT_START,16Uiu2HAmJtnayEatNs8DKaPqtLRCikfgFc68y7gvKQ5UVycJsvTY,,,,,,,,,,,,,,,,,,,6116.0,,,,1767817128361.0,,,,,,,,,,,,,,,,,,,,,,,,,,,,,,,,,,,,,,,,,,,,,,,,,,,,,,,,,2026-01-07 20:18:48.361000+00:00,
2026-01-07T20:18:48.361Z,DISCOVERY_DIAL_DECISION,16Uiu2HAmJtnayEatNs8DKaPqtLRCikfgFc68y7gvKQ5UVycJsvTY,,,,,,,,,,,,,,,,,,,,,,,,2.0,0.0,,attempt_dial,,,,,,,,,,,,,,,,,,,,,,,,,,,,,,,,,,,,,,,,,,,,,,,,,,,,,2026-01-07 20:18:48.361000+00:00,
2026-01-07T20:18:48.449Z,DIAL_SUCCESS,16Uiu2HAkvPHAo1K9DYCRemgLEMjnw1HWhhH6xMwHQtK6xUDgNySn,,,,,,,,,,,,,,,,,,,,,,,,,,,,,252.0,,,,,,,,,,,,,,,,,,,,,,,,,,,,,,,,,,,,,,,,,,,,,,,,,,,2026-01-07 20:18:48.449000+00:00,
2026-01-07T20:18:48.705Z,DIAL_FAILURE,16Uiu2HAmJtnayEatNs8DKaPqtLRCikfgFc68y7gvKQ5UVycJsvTY,,,,,,,,,,,,,,,,,,,,,,,,,,,,unexpected end of input,344.0,,,,,,,,,,,,,,,,,,,,,,,,,,,,,,,,,,,,,,,,,,,,,,,,,,,2026-01-07 20:18:48.705000+00:00,
2026-01-07T20:18:49.101Z,DIAL_CHECK_START,16Uiu2HAmJtnayEatNs8DKaPqtLRCikfgFc68y7gvKQ5UVycJsvTY,,,,,,,,,,,,,,,,,,,,,,,,2.0,0.0,6115.0,,,,,,,,,,,,,,,,,,,,,,,,,,,,,,,,,,,,,,,,,,,,,,,,,,,,,,2026-01-07 20:18:49.101000+00:00,
2026-01-07T20:18:49.101Z,DIAL_ATTEMPT_START,16Uiu2HAmJtnayEatNs8DKaPqtLRCikfgFc68y7gvKQ5UVycJsvTY,,,,,,,,,,,,,,,,,,,6115.0,,,,1767817129101.0,,,,,,,,,,,,,,,,,,,,,,,,,,,,,,,,,,,,,,,,,,,,,,,,,,,,,,,,,2026-01-07 20:18:49.101000+00:00,
2026-01-07T20:18:49.101Z,DISCOVERY_DIAL_DECISION,16Uiu2HAmJtnayEatNs8DKaPqtLRCikfgFc68y7gvKQ5UVycJsvTY,,,,,,,,,,,,,,,,,,,,,,,,2.0,0.0,,attempt_dial,,,,,,,,,,,,,,,,,,,,,,,,,,,,,,,,,,,,,,,,,,,,,,,,,,,,,2026-01-07 20:18:49.101000+00:00,
2026-01-07T20:18:49.445Z,DIAL_FAILURE,16Uiu2HAmJtnayEatNs8DKaPqtLRCikfgFc68y7gvKQ5UVycJsvTY,,,,,,,,,,,,,,,,,,,,,,,,,,,,unexpected end of input,344.0,,,,,,,,,,,,,,,,,,,,,,,,,,,,,,,,,,,,,,,,,,,,,,,,,,,2026-01-07 20:18:49.445000+00:00,
2026-01-07T20:18:49.556Z,DIAL_CHECK_START,16Uiu2HAmJtnayEatNs8DKaPqtLRCikfgFc68y7gvKQ5UVycJsvTY,,,,,,,,,,,,,,,,,,,,,,,,2.0,0.0,6114.0,,,,,,,,,,,,,,,,,,,,,,,,,,,,,,,,,,,,,,,,,,,,,,,,,,,,,,2026-01-07 20:18:49.556000+00:00,
2026-01-07T20:18:49.556Z,DIAL_ATTEMPT_START,16Uiu2HAmJtnayEatNs8DKaPqtLRCikfgFc68y7gvKQ5UVycJsvTY,,,,,,,,,,,,,,,,,,,6114.0,,,,1767817129556.0,,,,,,,,,,,,,,,,,,,,,,,,,,,,,,,,,,,,,,,,,,,,,,,,,,,,,,,,,2026-01-07 20:18:49.556000+00:00,
2026-01-07T20:18:49.556Z,DISCOVERY_DIAL_DECISION,16Uiu2HAmJtnayEatNs8DKaPqtLRCikfgFc68y7gvKQ5UVycJsvTY,,,,,,,,,,,,,,,,,,,,,,,,2.0,0.0,,attempt_dial,,,,,,,,,,,,,,,,,,,,,,,,,,,,,,,,,,,,,,,,,,,,,,,,,,,,,2026-01-07 20:18:49.556000+00:00,
2026-01-07T20:18:49.900Z,DIAL_FAILURE,16Uiu2HAmJtnayEatNs8DKaPqtLRCikfgFc68y7gvKQ5UVycJsvTY,,,,,,,,,,,,,,,,,,,,,,,,,,,,unexpected end of input,344.0,,,,,,,,,,,,,,,,,,,,,,,,,,,,,,,,,,,,,,,,,,,,,,,,,,,2026-01-07 20:18:49.900000+00:00,
2026-01-07T20:18:50.847Z,DIAL_CHECK_START,16Uiu2HAmJtnayEatNs8DKaPqtLRCikfgFc68y7gvKQ5UVycJsvTY,,,,,,,,,,,,,,,,,,,,,,,,2.0,0.0,6113.0,,,,,,,,,,,,,,,,,,,,,,,,,,,,,,,,,,,,,,,,,,,,,,,,,,,,,,2026-01-07 20:18:50.847000+00:00,
2026-01-07T20:18:50.847Z,DIAL_ATTEMPT_START,16Uiu2HAmJtnayEatNs8DKaPqtLRCikfgFc68y7gvKQ5UVycJsvTY,,,,,,,,,,,,,,,,,,,6113.0,,,,1767817130847.0,,,,,,,,,,,,,,,,,,,,,,,,,,,,,,,,,,,,,,,,,,,,,,,,,,,,,,,,,2026-01-07 20:18:50.847000+00:00,
2026-01-07T20:18:50.847Z,DISCOVERY_DIAL_DECISION,16Uiu2HAmJtnayEatNs8DKaPqtLRCikfgFc68y7gvKQ5UVycJsvTY,,,,,,,,,,,,,,,,,,,,,,,,2.0,0.0,,attempt_dial,,,,,,,,,,,,,,,,,,,,,,,,,,,,,,,,,,,,,,,,,,,,,,,,,,,,,2026-01-07 20:18:50.847000+00:00,
2026-01-07T20:18:51.197Z,DIAL_FAILURE,16Uiu2HAmJtnayEatNs8DKaPqtLRCikfgFc68y7gvKQ5UVycJsvTY,,,,,,,,,,,,,,,,,,,,,,,,,,,,read ECONNRESET,350.0,,,,,,,,,,,,,,,,,,,,,,,,,,,,,,,,,,,,,,,,,,,,,,,,,,,2026-01-07 20:18:51.197000+00:00,
2026-01-07T20:18:51.804Z,DIAL_CHECK_START,16Uiu2HAmJtnayEatNs8DKaPqtLRCikfgFc68y7gvKQ5UVycJsvTY,,,,,,,,,,,,,,,,,,,,,,,,2.0,0.0,6112.0,,,,,,,,,,,,,,,,,,,,,,,,,,,,,,,,,,,,,,,,,,,,,,,,,,,,,,2026-01-07 20:18:51.804000+00:00,
2026-01-07T20:18:51.804Z,DIAL_ATTEMPT_START,16Uiu2HAmJtnayEatNs8DKaPqtLRCikfgFc68y7gvKQ5UVycJsvTY,,,,,,,,,,,,,,,,,,,6112.0,,,,1767817131804.0,,,,,,,,,,,,,,,,,,,,,,,,,,,,,,,,,,,,,,,,,,,,,,,,,,,,,,,,,2026-01-07 20:18:51.804000+00:00,
2026-01-07T20:18:51.804Z,DISCOVERY_DIAL_DECISION,16Uiu2HAmJtnayEatNs8DKaPqtLRCikfgFc68y7gvKQ5UVycJsvTY,,,,,,,,,,,,,,,,,,,,,,,,2.0,0.0,,attempt_dial,,,,,,,,,,,,,,,,,,,,,,,,,,,,,,,,,,,,,,,,,,,,,,,,,,,,,2026-01-07 20:18:51.804000+00:00,
2026-01-07T20:18:52.148Z,DIAL_FAILURE,16Uiu2HAmJtnayEatNs8DKaPqtLRCikfgFc68y7gvKQ5UVycJsvTY,,,,,,,,,,,,,,,,,,,,,,,,,,,,unexpected end of input,344.0,,,,,,,,,,,,,,,,,,,,,,,,,,,,,,,,,,,,,,,,,,,,,,,,,,,2026-01-07 20:18:52.148000+00:00,
2026-01-07T20:18:56.132Z,HEARTBEAT_DISCOVERY_NEEDED,unknown,,,,,,,,185.0,0.0,none,2.0,0.0,0.0,NO,0.0,0.0,9340294.0,9340294.0,,,,,,,,,,,,,,,,,,,,,,,,,,,,,,,,,,,,,,,,,,,,,,,,,,,,,,,,,,,,,,2026-01-07 20:18:56.132000+00:00,
2026-01-07T20:18:56.132Z,DISCOVERY_START,discovery,,,,,,,,,,,,,,,,,,,185.0,,2.0,,,,,,,,,,,,,,,,,,,,,,,,,,,,,,,,,,,,,,,,,,,,,,,,,,,,,,,,,,,2026-01-07 20:18:56.132000+00:00,
2026-01-07T20:18:57.285Z,DIAL_CHECK_START,16Uiu2HAmJtnayEatNs8DKaPqtLRCikfgFc68y7gvKQ5UVycJsvTY,,,,,,,,,,,,,,,,,,,,,,,,2.0,0.0,6296.0,,,,,,,,,,,,,,,,,,,,,,,,,,,,,,,,,,,,,,,,,,,,,,,,,,,,,,2026-01-07 20:18:57.285000+00:00,
2026-01-07T20:18:57.285Z,DIAL_ATTEMPT_START,16Uiu2HAmJtnayEatNs8DKaPqtLRCikfgFc68y7gvKQ5UVycJsvTY,,,,,,,,,,,,,,,,,,,6296.0,,,,1767817137285.0,,,,,,,,,,,,,,,,,,,,,,,,,,,,,,,,,,,,,,,,,,,,,,,,,,,,,,,,,2026-01-07 20:18:57.285000+00:00,
2026-01-07T20:18:57.285Z,DISCOVERY_DIAL_DECISION,16Uiu2HAmJtnayEatNs8DKaPqtLRCikfgFc68y7gvKQ5UVycJsvTY,,,,,,,,,,,,,,,,,,,,,,,,2.0,0.0,,attempt_dial,,,,,,,,,,,,,,,,,,,,,,,,,,,,,,,,,,,,,,,,,,,,,,,,,,,,,2026-01-07 20:18:57.285000+00:00,
2026-01-07T20:18:57.286Z,DIAL_CHECK_START,16Uiu2HAm5PJo5Q3eqyJ5N64n81EcJNbGv2nCoyFae2P5uJKbjMSD,,,,,,,,,,,,,,,,,,,,,,,,2.0,0.0,6295.0,,,,,,,,,,,,,,,,,,,,,,,,,,,,,,,,,,,,,,,,,,,,,,,,,,,,,,2026-01-07 20:18:57.286000+00:00,
2026-01-07T20:18:57.286Z,DIAL_ATTEMPT_START,16Uiu2HAm5PJo5Q3eqyJ5N64n81EcJNbGv2nCoyFae2P5uJKbjMSD,,,,,,,,,,,,,,,,,,,6295.0,,,,1767817137286.0,,,,,,,,,,,,,,,,,,,,,,,,,,,,,,,,,,,,,,,,,,,,,,,,,,,,,,,,,2026-01-07 20:18:57.286000+00:00,
2026-01-07T20:18:57.287Z,DISCOVERY_DIAL_DECISION,16Uiu2HAm5PJo5Q3eqyJ5N64n81EcJNbGv2nCoyFae2P5uJKbjMSD,,,,,,,,,,,,,,,,,,,,,,,,2.0,0.0,,attempt_dial,,,,,,,,,,,,,,,,,,,,,,,,,,,,,,,,,,,,,,,,,,,,,,,,,,,,,2026-01-07 20:18:57.287000+00:00,
2026-01-07T20:18:57.627Z,DIAL_CHECK_START,16Uiu2HAmSv5nJMzMePxcBsSsUY6FxQqidd1vvtXgorAyHTKYNFUB,,,,,,,,,,,,,,,,,,,,,,,,2.0,0.0,6294.0,,,,,,,,,,,,,,,,,,,,,,,,,,,,,,,,,,,,,,,,,,,,,,,,,,,,,,2026-01-07 20:18:57.627000+00:00,
2026-01-07T20:18:57.627Z,DIAL_ATTEMPT_START,16Uiu2HAmSv5nJMzMePxcBsSsUY6FxQqidd1vvtXgorAyHTKYNFUB,,,,,,,,,,,,,,,,,,,6294.0,,,,1767817137627.0,,,,,,,,,,,,,,,,,,,,,,,,,,,,,,,,,,,,,,,,,,,,,,,,,,,,,,,,,2026-01-07 20:18:57.627000+00:00,
2026-01-07T20:18:57.627Z,DISCOVERY_DIAL_DECISION,16Uiu2HAmSv5nJMzMePxcBsSsUY6FxQqidd1vvtXgorAyHTKYNFUB,,,,,,,,,,,,,,,,,,,,,,,,2.0,0.0,,attempt_dial,,,,,,,,,,,,,,,,,,,,,,,,,,,,,,,,,,,,,,,,,,,,,,,,,,,,,2026-01-07 20:18:57.627000+00:00,
2026-01-07T20:18:57.629Z,DIAL_FAILURE,16Uiu2HAmJtnayEatNs8DKaPqtLRCikfgFc68y7gvKQ5UVycJsvTY,,,,,,,,,,,,,,,,,,,,,,,,,,,,unexpected end of input,344.0,,,,,,,,,,,,,,,,,,,,,,,,,,,,,,,,,,,,,,,,,,,,,,,,,,,2026-01-07 20:18:57.629000+00:00,
2026-01-07T20:18:57.712Z,DIAL_SUCCESS,16Uiu2HAm5PJo5Q3eqyJ5N64n81EcJNbGv2nCoyFae2P5uJKbjMSD,,,,,,,,,,,,,,,,,,,,,,,,,,,,,426.0,,,,,,,,,,,,,,,,,,,,,,,,,,,,,,,,,,,,,,,,,,,,,,,,,,,2026-01-07 20:18:57.712000+00:00,
2026-01-07T20:18:57.761Z,DIAL_SUCCESS,16Uiu2HAmSv5nJMzMePxcBsSsUY6FxQqidd1vvtXgorAyHTKYNFUB,,,,,,,,,,,,,,,,,,,,,,,,,,,,,134.0,,,,,,,,,,,,,,,,,,,,,,,,,,,,,,,,,,,,,,,,,,,,,,,,,,,2026-01-07 20:18:57.761000+00:00,
2026-01-07T20:18:58.001Z,DIAL_CHECK_START,16Uiu2HAmJtnayEatNs8DKaPqtLRCikfgFc68y7gvKQ5UVycJsvTY,,,,,,,,,,,,,,,,,,,,,,,,2.0,0.0,6293.0,,,,,,,,,,,,,,,,,,,,,,,,,,,,,,,,,,,,,,,,,,,,,,,,,,,,,,2026-01-07 20:18:58.001000+00:00,
2026-01-07T20:18:58.001Z,DIAL_ATTEMPT_START,16Uiu2HAmJtnayEatNs8DKaPqtLRCikfgFc68y7gvKQ5UVycJsvTY,,,,,,,,,,,,,,,,,,,6293.0,,,,1767817138001.0,,,,,,,,,,,,,,,,,,,,,,,,,,,,,,,,,,,,,,,,,,,,,,,,,,,,,,,,,2026-01-07 20:18:58.001000+00:00,
2026-01-07T20:18:58.001Z,DISCOVERY_DIAL_DECISION,16Uiu2HAmJtnayEatNs8DKaPqtLRCikfgFc68y7gvKQ5UVycJsvTY,,,,,,,,,,,,,,,,,,,,,,,,2.0,0.0,,attempt_dial,,,,,,,,,,,,,,,,,,,,,,,,,,,,,,,,,,,,,,,,,,,,,,,,,,,,,2026-01-07 20:18:58.001000+00:00,
2026-01-07T20:18:58.347Z,DIAL_FAILURE,16Uiu2HAmJtnayEatNs8DKaPqtLRCikfgFc68y7gvKQ5UVycJsvTY,,,,,,,,,,,,,,,,,,,,,,,,,,,,read ECONNRESET,346.0,,,,,,,,,,,,,,,,,,,,,,,,,,,,,,,,,,,,,,,,,,,,,,,,,,,2026-01-07 20:18:58.347000+00:00,
2026-01-07T20:18:58.915Z,DIAL_CHECK_START,16Uiu2HAmJtnayEatNs8DKaPqtLRCikfgFc68y7gvKQ5UVycJsvTY,,,,,,,,,,,,,,,,,,,,,,,,2.0,0.0,6292.0,,,,,,,,,,,,,,,,,,,,,,,,,,,,,,,,,,,,,,,,,,,,,,,,,,,,,,2026-01-07 20:18:58.915000+00:00,
2026-01-07T20:18:58.915Z,DIAL_ATTEMPT_START,16Uiu2HAmJtnayEatNs8DKaPqtLRCikfgFc68y7gvKQ5UVycJsvTY,,,,,,,,,,,,,,,,,,,6292.0,,,,1767817138915.0,,,,,,,,,,,,,,,,,,,,,,,,,,,,,,,,,,,,,,,,,,,,,,,,,,,,,,,,,2026-01-07 20:18:58.915000+00:00,
2026-01-07T20:18:58.916Z,DISCOVERY_DIAL_DECISION,16Uiu2HAmJtnayEatNs8DKaPqtLRCikfgFc68y7gvKQ5UVycJsvTY,,,,,,,,,,,,,,,,,,,,,,,,2.0,0.0,,attempt_dial,,,,,,,,,,,,,,,,,,,,,,,,,,,,,,,,,,,,,,,,,,,,,,,,,,,,,2026-01-07 20:18:58.916000+00:00,
2026-01-07T20:18:59.259Z,DIAL_FAILURE,16Uiu2HAmJtnayEatNs8DKaPqtLRCikfgFc68y7gvKQ5UVycJsvTY,,,,,,,,,,,,,,,,,,,,,,,,,,,,read ECONNRESET,344.0,,,,,,,,,,,,,,,,,,,,,,,,,,,,,,,,,,,,,,,,,,,,,,,,,,,2026-01-07 20:18:59.259000+00:00,
2026-01-07T20:19:04.360Z,DIAL_CHECK_START,16Uiu2HAmPex55MPHFmCMnpunNBaLiNv74Nwbpu2eNtJMwnwypjsp,,,,,,,,,,,,,,,,,,,,,,,,64.0,0.0,6291.0,,,,,,,,,,,,,,,,,,,,,,,,,,,,,,,,,,,,,,,,,,,,,,,,,,,,,,2026-01-07 20:19:04.360000+00:00,
2026-01-07T20:19:04.360Z,DIAL_ATTEMPT_START,16Uiu2HAmPex55MPHFmCMnpunNBaLiNv74Nwbpu2eNtJMwnwypjsp,,,,,,,,,,,,,,,,,,,6291.0,,,,1767817144360.0,,,,,,,,,,,,,,,,,,,,,,,,,,,,,,,,,,,,,,,,,,,,,,,,,,,,,,,,,2026-01-07 20:19:04.360000+00:00,
2026-01-07T20:19:04.361Z,DISCOVERY_DIAL_DECISION,16Uiu2HAmPex55MPHFmCMnpunNBaLiNv74Nwbpu2eNtJMwnwypjsp,,,,,,,,,,,,,,,,,,,,,,,,64.0,0.0,,attempt_dial,,,,,,,,,,,,,,,,,,,,,,,,,,,,,,,,,,,,,,,,,,,,,,,,,,,,,2026-01-07 20:19:04.361000+00:00,
2026-01-07T20:19:04.361Z,DIAL_CHECK_START,16Uiu2HAmPex55MPHFmCMnpunNBaLiNv74Nwbpu2eNtJMwnwypjsp,,,,,,,,,,,,,,,,,,,,,,,,0.0,0.0,6290.0,,,,,,,,,,,,,,,,,,,,,,,,,,,,,,,,,,,,,,,,,,,,,,,,,,,,,,2026-01-07 20:19:04.361000+00:00,
2026-01-07T20:19:04.361Z,DIAL_ATTEMPT_START,16Uiu2HAmPex55MPHFmCMnpunNBaLiNv74Nwbpu2eNtJMwnwypjsp,,,,,,,,,,,,,,,,,,,6290.0,,,,1767817144361.0,,,,,,,,,,,,,,,,,,,,,,,,,,,,,,,,,,,,,,,,,,,,,,,,,,,,,,,,,2026-01-07 20:19:04.361000+00:00,
2026-01-07T20:19:04.362Z,DISCOVERY_DIAL_DECISION,16Uiu2HAmPex55MPHFmCMnpunNBaLiNv74Nwbpu2eNtJMwnwypjsp,,,,,,,,,,,,,,,,,,,,,,,,0.0,0.0,,attempt_dial,,,,,,,,,,,,,,,,,,,,,,,,,,,,,,,,,,,,,,,,,,,,,,,,,,,,,2026-01-07 20:19:04.362000+00:00,
2026-01-07T20:19:04.523Z,DIAL_CHECK_START,16Uiu2HAmJtnayEatNs8DKaPqtLRCikfgFc68y7gvKQ5UVycJsvTY,,,,,,,,,,,,,,,,,,,,,,,,2.0,0.0,6289.0,,,,,,,,,,,,,,,,,,,,,,,,,,,,,,,,,,,,,,,,,,,,,,,,,,,,,,2026-01-07 20:19:04.523000+00:00,
2026-01-07T20:19:04.523Z,DIAL_ATTEMPT_START,16Uiu2HAmJtnayEatNs8DKaPqtLRCikfgFc68y7gvKQ5UVycJsvTY,,,,,,,,,,,,,,,,,,,6289.0,,,,1767817144523.0,,,,,,,,,,,,,,,,,,,,,,,,,,,,,,,,,,,,,,,,,,,,,,,,,,,,,,,,,2026-01-07 20:19:04.523000+00:00,
2026-01-07T20:19:04.523Z,DISCOVERY_DIAL_DECISION,16Uiu2HAmJtnayEatNs8DKaPqtLRCikfgFc68y7gvKQ5UVycJsvTY,,,,,,,,,,,,,,,,,,,,,,,,2.0,0.0,,attempt_dial,,,,,,,,,,,,,,,,,,,,,,,,,,,,,,,,,,,,,,,,,,,,,,,,,,,,,2026-01-07 20:19:04.523000+00:00,
2026-01-07T20:19:04.831Z,DIAL_SUCCESS,16Uiu2HAmPex55MPHFmCMnpunNBaLiNv74Nwbpu2eNtJMwnwypjsp,,,,,,,,,,,,,,,,,,,,,,,,,,,,,470.0,,,,,,,,,,,,,,,,,,,,,,,,,,,,,,,,,,,,,,,,,,,,,,,,,,,2026-01-07 20:19:04.831000+00:00,
2026-01-07T20:19:04.831Z,DIAL_SUCCESS,16Uiu2HAmPex55MPHFmCMnpunNBaLiNv74Nwbpu2eNtJMwnwypjsp,,,,,,,,,,,,,,,,,,,,,,,,,,,,,471.0,,,,,,,,,,,,,,,,,,,,,,,,,,,,,,,,,,,,,,,,,,,,,,,,,,,2026-01-07 20:19:04.831000+00:00,
2026-01-07T20:19:04.868Z,DIAL_FAILURE,16Uiu2HAmJtnayEatNs8DKaPqtLRCikfgFc68y7gvKQ5UVycJsvTY,,,,,,,,,,,,,,,,,,,,,,,,,,,,unexpected end of input,345.0,,,,,,,,,,,,,,,,,,,,,,,,,,,,,,,,,,,,,,,,,,,,,,,,,,,2026-01-07 20:19:04.868000+00:00,
2026-01-07T20:19:07.302Z,DIAL_CHECK_START,16Uiu2HAmJtnayEatNs8DKaPqtLRCikfgFc68y7gvKQ5UVycJsvTY,,,,,,,,,,,,,,,,,,,,,,,,2.0,0.0,6288.0,,,,,,,,,,,,,,,,,,,,,,,,,,,,,,,,,,,,,,,,,,,,,,,,,,,,,,2026-01-07 20:19:07.302000+00:00,
2026-01-07T20:19:07.302Z,DIAL_ATTEMPT_START,16Uiu2HAmJtnayEatNs8DKaPqtLRCikfgFc68y7gvKQ5UVycJsvTY,,,,,,,,,,,,,,,,,,,6288.0,,,,1767817147302.0,,,,,,,,,,,,,,,,,,,,,,,,,,,,,,,,,,,,,,,,,,,,,,,,,,,,,,,,,2026-01-07 20:19:07.302000+00:00,
2026-01-07T20:19:07.302Z,DISCOVERY_DIAL_DECISION,16Uiu2HAmJtnayEatNs8DKaPqtLRCikfgFc68y7gvKQ5UVycJsvTY,,,,,,,,,,,,,,,,,,,,,,,,2.0,0.0,,attempt_dial,,,,,,,,,,,,,,,,,,,,,,,,,,,,,,,,,,,,,,,,,,,,,,,,,,,,,2026-01-07 20:19:07.302000+00:00,
2026-01-07T20:19:07.648Z,DIAL_FAILURE,16Uiu2HAmJtnayEatNs8DKaPqtLRCikfgFc68y7gvKQ5UVycJsvTY,,,,,,,,,,,,,,,,,,,,,,,,,,,,read ECONNRESET,346.0,,,,,,,,,,,,,,,,,,,,,,,,,,,,,,,,,,,,,,,,,,,,,,,,,,,2026-01-07 20:19:07.648000+00:00,
2026-01-07T20:19:07.810Z,DIAL_CHECK_START,16Uiu2HAmJtnayEatNs8DKaPqtLRCikfgFc68y7gvKQ5UVycJsvTY,,,,,,,,,,,,,,,,,,,,,,,,2.0,0.0,6287.0,,,,,,,,,,,,,,,,,,,,,,,,,,,,,,,,,,,,,,,,,,,,,,,,,,,,,,2026-01-07 20:19:07.810000+00:00,
2026-01-07T20:19:07.810Z,DIAL_ATTEMPT_START,16Uiu2HAmJtnayEatNs8DKaPqtLRCikfgFc68y7gvKQ5UVycJsvTY,,,,,,,,,,,,,,,,,,,6287.0,,,,1767817147810.0,,,,,,,,,,,,,,,,,,,,,,,,,,,,,,,,,,,,,,,,,,,,,,,,,,,,,,,,,2026-01-07 20:19:07.810000+00:00,
2026-01-07T20:19:07.810Z,DISCOVERY_DIAL_DECISION,16Uiu2HAmJtnayEatNs8DKaPqtLRCikfgFc68y7gvKQ5UVycJsvTY,,,,,,,,,,,,,,,,,,,,,,,,2.0,0.0,,attempt_dial,,,,,,,,,,,,,,,,,,,,,,,,,,,,,,,,,,,,,,,,,,,,,,,,,,,,,2026-01-07 20:19:07.810000+00:00,
2026-01-07T20:19:08.153Z,DIAL_FAILURE,16Uiu2HAmJtnayEatNs8DKaPqtLRCikfgFc68y7gvKQ5UVycJsvTY,,,,,,,,,,,,,,,,,,,,,,,,,,,,read ECONNRESET,343.0,,,,,,,,,,,,,,,,,,,,,,,,,,,,,,,,,,,,,,,,,,,,,,,,,,,2026-01-07 20:19:08.153000+00:00,
2026-01-07T20:19:09.304Z,DIAL_CHECK_START,16Uiu2HAkvPHAo1K9DYCRemgLEMjnw1HWhhH6xMwHQtK6xUDgNySn,,,,,,,,,,,,,,,,,,,,,,,,2.0,0.0,6286.0,,,,,,,,,,,,,,,,,,,,,,,,,,,,,,,,,,,,,,,,,,,,,,,,,,,,,,2026-01-07 20:19:09.304000+00:00,
2026-01-07T20:19:09.304Z,DIAL_ATTEMPT_START,16Uiu2HAkvPHAo1K9DYCRemgLEMjnw1HWhhH6xMwHQtK6xUDgNySn,,,,,,,,,,,,,,,,,,,6286.0,,,,1767817149304.0,,,,,,,,,,,,,,,,,,,,,,,,,,,,,,,,,,,,,,,,,,,,,,,,,,,,,,,,,2026-01-07 20:19:09.304000+00:00,
2026-01-07T20:19:09.304Z,DISCOVERY_DIAL_DECISION,16Uiu2HAkvPHAo1K9DYCRemgLEMjnw1HWhhH6xMwHQtK6xUDgNySn,,,,,,,,,,,,,,,,,,,,,,,,2.0,0.0,,attempt_dial,,,,,,,,,,,,,,,,,,,,,,,,,,,,,,,,,,,,,,,,,,,,,,,,,,,,,2026-01-07 20:19:09.304000+00:00,
2026-01-07T20:19:09.555Z,DIAL_SUCCESS,16Uiu2HAkvPHAo1K9DYCRemgLEMjnw1HWhhH6xMwHQtK6xUDgNySn,,,,,,,,,,,,,,,,,,,,,,,,,,,,,251.0,,,,,,,,,,,,,,,,,,,,,,,,,,,,,,,,,,,,,,,,,,,,,,,,,,,2026-01-07 20:19:09.555000+00:00,
2026-01-07T20:19:09.559Z,DIAL_CHECK_START,16Uiu2HAmJtnayEatNs8DKaPqtLRCikfgFc68y7gvKQ5UVycJsvTY,,,,,,,,,,,,,,,,,,,,,,,,2.0,0.0,6285.0,,,,,,,,,,,,,,,,,,,,,,,,,,,,,,,,,,,,,,,,,,,,,,,,,,,,,,2026-01-07 20:19:09.559000+00:00,
2026-01-07T20:19:09.559Z,DIAL_ATTEMPT_START,16Uiu2HAmJtnayEatNs8DKaPqtLRCikfgFc68y7gvKQ5UVycJsvTY,,,,,,,,,,,,,,,,,,,6285.0,,,,1767817149559.0,,,,,,,,,,,,,,,,,,,,,,,,,,,,,,,,,,,,,,,,,,,,,,,,,,,,,,,,,2026-01-07 20:19:09.559000+00:00,
2026-01-07T20:19:09.559Z,DISCOVERY_DIAL_DECISION,16Uiu2HAmJtnayEatNs8DKaPqtLRCikfgFc68y7gvKQ5UVycJsvTY,,,,,,,,,,,,,,,,,,,,,,,,2.0,0.0,,attempt_dial,,,,,,,,,,,,,,,,,,,,,,,,,,,,,,,,,,,,,,,,,,,,,,,,,,,,,2026-01-07 20:19:09.559000+00:00,
2026-01-07T20:19:09.902Z,DIAL_FAILURE,16Uiu2HAmJtnayEatNs8DKaPqtLRCikfgFc68y7gvKQ5UVycJsvTY,,,,,,,,,,,,,,,,,,,,,,,,,,,,unexpected end of input,343.0,,,,,,,,,,,,,,,,,,,,,,,,,,,,,,,,,,,,,,,,,,,,,,,,,,,2026-01-07 20:19:09.902000+00:00,
2026-01-07T20:19:10.158Z,DIAL_CHECK_START,16Uiu2HAmJtnayEatNs8DKaPqtLRCikfgFc68y7gvKQ5UVycJsvTY,,,,,,,,,,,,,,,,,,,,,,,,2.0,0.0,6284.0,,,,,,,,,,,,,,,,,,,,,,,,,,,,,,,,,,,,,,,,,,,,,,,,,,,,,,2026-01-07 20:19:10.158000+00:00,
2026-01-07T20:19:10.158Z,DIAL_ATTEMPT_START,16Uiu2HAmJtnayEatNs8DKaPqtLRCikfgFc68y7gvKQ5UVycJsvTY,,,,,,,,,,,,,,,,,,,6284.0,,,,1767817150158.0,,,,,,,,,,,,,,,,,,,,,,,,,,,,,,,,,,,,,,,,,,,,,,,,,,,,,,,,,2026-01-07 20:19:10.158000+00:00,
2026-01-07T20:19:10.158Z,DISCOVERY_DIAL_DECISION,16Uiu2HAmJtnayEatNs8DKaPqtLRCikfgFc68y7gvKQ5UVycJsvTY,,,,,,,,,,,,,,,,,,,,,,,,2.0,0.0,,attempt_dial,,,,,,,,,,,,,,,,,,,,,,,,,,,,,,,,,,,,,,,,,,,,,,,,,,,,,2026-01-07 20:19:10.158000+00:00,
2026-01-07T20:19:10.501Z,DIAL_FAILURE,16Uiu2HAmJtnayEatNs8DKaPqtLRCikfgFc68y7gvKQ5UVycJsvTY,,,,,,,,,,,,,,,,,,,,,,,,,,,,unexpected end of input,343.0,,,,,,,,,,,,,,,,,,,,,,,,,,,,,,,,,,,,,,,,,,,,,,,,,,,2026-01-07 20:19:10.501000+00:00,
2026-01-07T20:19:10.787Z,DIAL_CHECK_START,16Uiu2HAm7xXhjz9no2JFdetQGA3UdxFwySokEXLUnGHdQMVfQq1G,,,,,,,,,,,,,,,,,,,,,,,,2.0,0.0,6283.0,,,,,,,,,,,,,,,,,,,,,,,,,,,,,,,,,,,,,,,,,,,,,,,,,,,,,,2026-01-07 20:19:10.787000+00:00,
2026-01-07T20:19:10.787Z,DIAL_ATTEMPT_START,16Uiu2HAm7xXhjz9no2JFdetQGA3UdxFwySokEXLUnGHdQMVfQq1G,,,,,,,,,,,,,,,,,,,6283.0,,,,1767817150787.0,,,,,,,,,,,,,,,,,,,,,,,,,,,,,,,,,,,,,,,,,,,,,,,,,,,,,,,,,2026-01-07 20:19:10.787000+00:00,
2026-01-07T20:19:10.787Z,DISCOVERY_DIAL_DECISION,16Uiu2HAm7xXhjz9no2JFdetQGA3UdxFwySokEXLUnGHdQMVfQq1G,,,,,,,,,,,,,,,,,,,,,,,,2.0,0.0,,attempt_dial,,,,,,,,,,,,,,,,,,,,,,,,,,,,,,,,,,,,,,,,,,,,,,,,,,,,,2026-01-07 20:19:10.787000+00:00,
2026-01-07T20:19:10.955Z,DIAL_SUCCESS,16Uiu2HAm7xXhjz9no2JFdetQGA3UdxFwySokEXLUnGHdQMVfQq1G,,,,,,,,,,,,,,,,,,,,,,,,,,,,,168.0,,,,,,,,,,,,,,,,,,,,,,,,,,,,,,,,,,,,,,,,,,,,,,,,,,,2026-01-07 20:19:10.955000+00:00,
2026-01-07T20:19:12.761Z,DIAL_CHECK_START,16Uiu2HAmCuaWcokQ39CQVk7Zi69wE3QkqbtkgS7de1HkcK95JTzt,,,,,,,,,,,,,,,,,,,,,,,,2.0,0.0,6282.0,,,,,,,,,,,,,,,,,,,,,,,,,,,,,,,,,,,,,,,,,,,,,,,,,,,,,,2026-01-07 20:19:12.761000+00:00,
2026-01-07T20:19:12.761Z,DIAL_ATTEMPT_START,16Uiu2HAmCuaWcokQ39CQVk7Zi69wE3QkqbtkgS7de1HkcK95JTzt,,,,,,,,,,,,,,,,,,,6282.0,,,,1767817152761.0,,,,,,,,,,,,,,,,,,,,,,,,,,,,,,,,,,,,,,,,,,,,,,,,,,,,,,,,,2026-01-07 20:19:12.761000+00:00,
2026-01-07T20:19:12.761Z,DISCOVERY_DIAL_DECISION,16Uiu2HAmCuaWcokQ39CQVk7Zi69wE3QkqbtkgS7de1HkcK95JTzt,,,,,,,,,,,,,,,,,,,,,,,,2.0,0.0,,attempt_dial,,,,,,,,,,,,,,,,,,,,,,,,,,,,,,,,,,,,,,,,,,,,,,,,,,,,,2026-01-07 20:19:12.761000+00:00,
2026-01-07T20:19:15.218Z,DIAL_CHECK_START,16Uiu2HAmJtnayEatNs8DKaPqtLRCikfgFc68y7gvKQ5UVycJsvTY,,,,,,,,,,,,,,,,,,,,,,,,2.0,0.0,6281.0,,,,,,,,,,,,,,,,,,,,,,,,,,,,,,,,,,,,,,,,,,,,,,,,,,,,,,2026-01-07 20:19:15.218000+00:00,
2026-01-07T20:19:15.218Z,DIAL_ATTEMPT_START,16Uiu2HAmJtnayEatNs8DKaPqtLRCikfgFc68y7gvKQ5UVycJsvTY,,,,,,,,,,,,,,,,,,,6281.0,,,,1767817155218.0,,,,,,,,,,,,,,,,,,,,,,,,,,,,,,,,,,,,,,,,,,,,,,,,,,,,,,,,,2026-01-07 20:19:15.218000+00:00,
2026-01-07T20:19:15.219Z,DISCOVERY_DIAL_DECISION,16Uiu2HAmJtnayEatNs8DKaPqtLRCikfgFc68y7gvKQ5UVycJsvTY,,,,,,,,,,,,,,,,,,,,,,,,2.0,0.0,,attempt_dial,,,,,,,,,,,,,,,,,,,,,,,,,,,,,,,,,,,,,,,,,,,,,,,,,,,,,2026-01-07 20:19:15.219000+00:00,
2026-01-07T20:19:15.566Z,DIAL_FAILURE,16Uiu2HAmJtnayEatNs8DKaPqtLRCikfgFc68y7gvKQ5UVycJsvTY,,,,,,,,,,,,,,,,,,,,,,,,,,,,read ECONNRESET,348.0,,,,,,,,,,,,,,,,,,,,,,,,,,,,,,,,,,,,,,,,,,,,,,,,,,,2026-01-07 20:19:15.566000+00:00,
2026-01-07T20:19:15.784Z,DIAL_CHECK_START,16Uiu2HAmJtnayEatNs8DKaPqtLRCikfgFc68y7gvKQ5UVycJsvTY,,,,,,,,,,,,,,,,,,,,,,,,2.0,0.0,6280.0,,,,,,,,,,,,,,,,,,,,,,,,,,,,,,,,,,,,,,,,,,,,,,,,,,,,,,2026-01-07 20:19:15.784000+00:00,
2026-01-07T20:19:15.784Z,DIAL_ATTEMPT_START,16Uiu2HAmJtnayEatNs8DKaPqtLRCikfgFc68y7gvKQ5UVycJsvTY,,,,,,,,,,,,,,,,,,,6280.0,,,,1767817155784.0,,,,,,,,,,,,,,,,,,,,,,,,,,,,,,,,,,,,,,,,,,,,,,,,,,,,,,,,,2026-01-07 20:19:15.784000+00:00,
2026-01-07T20:19:15.784Z,DISCOVERY_DIAL_DECISION,16Uiu2HAmJtnayEatNs8DKaPqtLRCikfgFc68y7gvKQ5UVycJsvTY,,,,,,,,,,,,,,,,,,,,,,,,2.0,0.0,,attempt_dial,,,,,,,,,,,,,,,,,,,,,,,,,,,,,,,,,,,,,,,,,,,,,,,,,,,,,2026-01-07 20:19:15.784000+00:00,
2026-01-07T20:19:16.128Z,DIAL_FAILURE,16Uiu2HAmJtnayEatNs8DKaPqtLRCikfgFc68y7gvKQ5UVycJsvTY,,,,,,,,,,,,,,,,,,,,,,,,,,,,unexpected end of input,344.0,,,,,,,,,,,,,,,,,,,,,,,,,,,,,,,,,,,,,,,,,,,,,,,,,,,2026-01-07 20:19:16.128000+00:00,
2026-01-07T20:19:16.458Z,DIAL_CHECK_START,16Uiu2HAmG1dfizGU24eHpH6A4srCgvg21XaKYFA421TojggamQjw,,,,,,,,,,,,,,,,,,,,,,,,2.0,0.0,6279.0,,,,,,,,,,,,,,,,,,,,,,,,,,,,,,,,,,,,,,,,,,,,,,,,,,,,,,2026-01-07 20:19:16.458000+00:00,
2026-01-07T20:19:16.458Z,DIAL_ATTEMPT_START,16Uiu2HAmG1dfizGU24eHpH6A4srCgvg21XaKYFA421TojggamQjw,,,,,,,,,,,,,,,,,,,6279.0,,,,1767817156458.0,,,,,,,,,,,,,,,,,,,,,,,,,,,,,,,,,,,,,,,,,,,,,,,,,,,,,,,,,2026-01-07 20:19:16.458000+00:00,
2026-01-07T20:19:16.458Z,DISCOVERY_DIAL_DECISION,16Uiu2HAmG1dfizGU24eHpH6A4srCgvg21XaKYFA421TojggamQjw,,,,,,,,,,,,,,,,,,,,,,,,2.0,0.0,,attempt_dial,,,,,,,,,,,,,,,,,,,,,,,,,,,,,,,,,,,,,,,,,,,,,,,,,,,,,2026-01-07 20:19:16.458000+00:00,
2026-01-07T20:19:17.440Z,DIAL_CHECK_START,16Uiu2HAmJtnayEatNs8DKaPqtLRCikfgFc68y7gvKQ5UVycJsvTY,,,,,,,,,,,,,,,,,,,,,,,,2.0,0.0,6278.0,,,,,,,,,,,,,,,,,,,,,,,,,,,,,,,,,,,,,,,,,,,,,,,,,,,,,,2026-01-07 20:19:17.440000+00:00,
2026-01-07T20:19:17.440Z,DIAL_ATTEMPT_START,16Uiu2HAmJtnayEatNs8DKaPqtLRCikfgFc68y7gvKQ5UVycJsvTY,,,,,,,,,,,,,,,,,,,6278.0,,,,1767817157440.0,,,,,,,,,,,,,,,,,,,,,,,,,,,,,,,,,,,,,,,,,,,,,,,,,,,,,,,,,2026-01-07 20:19:17.440000+00:00,
2026-01-07T20:19:17.440Z,DISCOVERY_DIAL_DECISION,16Uiu2HAmJtnayEatNs8DKaPqtLRCikfgFc68y7gvKQ5UVycJsvTY,,,,,,,,,,,,,,,,,,,,,,,,2.0,0.0,,attempt_dial,,,,,,,,,,,,,,,,,,,,,,,,,,,,,,,,,,,,,,,,,,,,,,,,,,,,,2026-01-07 20:19:17.440000+00:00,
2026-01-07T20:19:17.783Z,DIAL_FAILURE,16Uiu2HAmJtnayEatNs8DKaPqtLRCikfgFc68y7gvKQ5UVycJsvTY,,,,,,,,,,,,,,,,,,,,,,,,,,,,unexpected end of input,343.0,,,,,,,,,,,,,,,,,,,,,,,,,,,,,,,,,,,,,,,,,,,,,,,,,,,2026-01-07 20:19:17.783000+00:00,
2026-01-07T20:19:19.177Z,DIAL_CHECK_START,16Uiu2HAmJtnayEatNs8DKaPqtLRCikfgFc68y7gvKQ5UVycJsvTY,,,,,,,,,,,,,,,,,,,,,,,,2.0,0.0,6277.0,,,,,,,,,,,,,,,,,,,,,,,,,,,,,,,,,,,,,,,,,,,,,,,,,,,,,,2026-01-07 20:19:19.177000+00:00,
2026-01-07T20:19:19.177Z,DIAL_ATTEMPT_START,16Uiu2HAmJtnayEatNs8DKaPqtLRCikfgFc68y7gvKQ5UVycJsvTY,,,,,,,,,,,,,,,,,,,6277.0,,,,1767817159177.0,,,,,,,,,,,,,,,,,,,,,,,,,,,,,,,,,,,,,,,,,,,,,,,,,,,,,,,,,2026-01-07 20:19:19.177000+00:00,
2026-01-07T20:19:19.177Z,DISCOVERY_DIAL_DECISION,16Uiu2HAmJtnayEatNs8DKaPqtLRCikfgFc68y7gvKQ5UVycJsvTY,,,,,,,,,,,,,,,,,,,,,,,,2.0,0.0,,attempt_dial,,,,,,,,,,,,,,,,,,,,,,,,,,,,,,,,,,,,,,,,,,,,,,,,,,,,,2026-01-07 20:19:19.177000+00:00,
2026-01-07T20:19:19.521Z,DIAL_FAILURE,16Uiu2HAmJtnayEatNs8DKaPqtLRCikfgFc68y7gvKQ5UVycJsvTY,,,,,,,,,,,,,,,,,,,,,,,,,,,,unexpected end of input,344.0,,,,,,,,,,,,,,,,,,,,,,,,,,,,,,,,,,,,,,,,,,,,,,,,,,,2026-01-07 20:19:19.521000+00:00,
2026-01-07T20:19:20.104Z,DIAL_CHECK_START,16Uiu2HAmJtnayEatNs8DKaPqtLRCikfgFc68y7gvKQ5UVycJsvTY,,,,,,,,,,,,,,,,,,,,,,,,2.0,0.0,6276.0,,,,,,,,,,,,,,,,,,,,,,,,,,,,,,,,,,,,,,,,,,,,,,,,,,,,,,2026-01-07 20:19:20.104000+00:00,
2026-01-07T20:19:20.104Z,DIAL_ATTEMPT_START,16Uiu2HAmJtnayEatNs8DKaPqtLRCikfgFc68y7gvKQ5UVycJsvTY,,,,,,,,,,,,,,,,,,,6276.0,,,,1767817160104.0,,,,,,,,,,,,,,,,,,,,,,,,,,,,,,,,,,,,,,,,,,,,,,,,,,,,,,,,,2026-01-07 20:19:20.104000+00:00,
2026-01-07T20:19:20.104Z,DISCOVERY_DIAL_DECISION,16Uiu2HAmJtnayEatNs8DKaPqtLRCikfgFc68y7gvKQ5UVycJsvTY,,,,,,,,,,,,,,,,,,,,,,,,2.0,0.0,,attempt_dial,,,,,,,,,,,,,,,,,,,,,,,,,,,,,,,,,,,,,,,,,,,,,,,,,,,,,2026-01-07 20:19:20.104000+00:00,
2026-01-07T20:19:20.447Z,DIAL_FAILURE,16Uiu2HAmJtnayEatNs8DKaPqtLRCikfgFc68y7gvKQ5UVycJsvTY,,,,,,,,,,,,,,,,,,,,,,,,,,,,read ECONNRESET,343.0,,,,,,,,,,,,,,,,,,,,,,,,,,,,,,,,,,,,,,,,,,,,,,,,,,,2026-01-07 20:19:20.447000+00:00,
2026-01-07T20:19:20.557Z,DIAL_CHECK_START,16Uiu2HAmJtnayEatNs8DKaPqtLRCikfgFc68y7gvKQ5UVycJsvTY,,,,,,,,,,,,,,,,,,,,,,,,2.0,0.0,6275.0,,,,,,,,,,,,,,,,,,,,,,,,,,,,,,,,,,,,,,,,,,,,,,,,,,,,,,2026-01-07 20:19:20.557000+00:00,
2026-01-07T20:19:20.557Z,DIAL_ATTEMPT_START,16Uiu2HAmJtnayEatNs8DKaPqtLRCikfgFc68y7gvKQ5UVycJsvTY,,,,,,,,,,,,,,,,,,,6275.0,,,,1767817160557.0,,,,,,,,,,,,,,,,,,,,,,,,,,,,,,,,,,,,,,,,,,,,,,,,,,,,,,,,,2026-01-07 20:19:20.557000+00:00,
2026-01-07T20:19:20.557Z,DISCOVERY_DIAL_DECISION,16Uiu2HAmJtnayEatNs8DKaPqtLRCikfgFc68y7gvKQ5UVycJsvTY,,,,,,,,,,,,,,,,,,,,,,,,2.0,0.0,,attempt_dial,,,,,,,,,,,,,,,,,,,,,,,,,,,,,,,,,,,,,,,,,,,,,,,,,,,,,2026-01-07 20:19:20.557000+00:00,
2026-01-07T20:19:20.902Z,DIAL_FAILURE,16Uiu2HAmJtnayEatNs8DKaPqtLRCikfgFc68y7gvKQ5UVycJsvTY,,,,,,,,,,,,,,,,,,,,,,,,,,,,read ECONNRESET,345.0,,,,,,,,,,,,,,,,,,,,,,,,,,,,,,,,,,,,,,,,,,,,,,,,,,,2026-01-07 20:19:20.902000+00:00,
2026-01-07T20:19:21.736Z,DIAL_CHECK_START,16Uiu2HAmJtnayEatNs8DKaPqtLRCikfgFc68y7gvKQ5UVycJsvTY,,,,,,,,,,,,,,,,,,,,,,,,2.0,0.0,6274.0,,,,,,,,,,,,,,,,,,,,,,,,,,,,,,,,,,,,,,,,,,,,,,,,,,,,,,2026-01-07 20:19:21.736000+00:00,
2026-01-07T20:19:21.736Z,DIAL_ATTEMPT_START,16Uiu2HAmJtnayEatNs8DKaPqtLRCikfgFc68y7gvKQ5UVycJsvTY,,,,,,,,,,,,,,,,,,,6274.0,,,,1767817161736.0,,,,,,,,,,,,,,,,,,,,,,,,,,,,,,,,,,,,,,,,,,,,,,,,,,,,,,,,,2026-01-07 20:19:21.736000+00:00,
2026-01-07T20:19:21.736Z,DISCOVERY_DIAL_DECISION,16Uiu2HAmJtnayEatNs8DKaPqtLRCikfgFc68y7gvKQ5UVycJsvTY,,,,,,,,,,,,,,,,,,,,,,,,2.0,0.0,,attempt_dial,,,,,,,,,,,,,,,,,,,,,,,,,,,,,,,,,,,,,,,,,,,,,,,,,,,,,2026-01-07 20:19:21.736000+00:00,
2026-01-07T20:19:22.079Z,DIAL_FAILURE,16Uiu2HAmJtnayEatNs8DKaPqtLRCikfgFc68y7gvKQ5UVycJsvTY,,,,,,,,,,,,,,,,,,,,,,,,,,,,unexpected end of input,343.0,,,,,,,,,,,,,,,,,,,,,,,,,,,,,,,,,,,,,,,,,,,,,,,,,,,2026-01-07 20:19:22.079000+00:00,
2026-01-07T20:19:22.251Z,DIAL_CHECK_START,16Uiu2HAmJtnayEatNs8DKaPqtLRCikfgFc68y7gvKQ5UVycJsvTY,,,,,,,,,,,,,,,,,,,,,,,,2.0,0.0,6273.0,,,,,,,,,,,,,,,,,,,,,,,,,,,,,,,,,,,,,,,,,,,,,,,,,,,,,,2026-01-07 20:19:22.251000+00:00,
2026-01-07T20:19:22.251Z,DIAL_ATTEMPT_START,16Uiu2HAmJtnayEatNs8DKaPqtLRCikfgFc68y7gvKQ5UVycJsvTY,,,,,,,,,,,,,,,,,,,6273.0,,,,1767817162251.0,,,,,,,,,,,,,,,,,,,,,,,,,,,,,,,,,,,,,,,,,,,,,,,,,,,,,,,,,2026-01-07 20:19:22.251000+00:00,
2026-01-07T20:19:22.251Z,DISCOVERY_DIAL_DECISION,16Uiu2HAmJtnayEatNs8DKaPqtLRCikfgFc68y7gvKQ5UVycJsvTY,,,,,,,,,,,,,,,,,,,,,,,,2.0,0.0,,attempt_dial,,,,,,,,,,,,,,,,,,,,,,,,,,,,,,,,,,,,,,,,,,,,,,,,,,,,,2026-01-07 20:19:22.251000+00:00,
2026-01-07T20:19:22.595Z,DIAL_FAILURE,16Uiu2HAmJtnayEatNs8DKaPqtLRCikfgFc68y7gvKQ5UVycJsvTY,,,,,,,,,,,,,,,,,,,,,,,,,,,,unexpected end of input,344.0,,,,,,,,,,,,,,,,,,,,,,,,,,,,,,,,,,,,,,,,,,,,,,,,,,,2026-01-07 20:19:22.595000+00:00,
2026-01-07T20:19:22.886Z,DIAL_CHECK_START,16Uiu2HAmJtnayEatNs8DKaPqtLRCikfgFc68y7gvKQ5UVycJsvTY,,,,,,,,,,,,,,,,,,,,,,,,2.0,0.0,6272.0,,,,,,,,,,,,,,,,,,,,,,,,,,,,,,,,,,,,,,,,,,,,,,,,,,,,,,2026-01-07 20:19:22.886000+00:00,
2026-01-07T20:19:22.886Z,DIAL_ATTEMPT_START,16Uiu2HAmJtnayEatNs8DKaPqtLRCikfgFc68y7gvKQ5UVycJsvTY,,,,,,,,,,,,,,,,,,,6272.0,,,,1767817162886.0,,,,,,,,,,,,,,,,,,,,,,,,,,,,,,,,,,,,,,,,,,,,,,,,,,,,,,,,,2026-01-07 20:19:22.886000+00:00,
2026-01-07T20:19:22.886Z,DISCOVERY_DIAL_DECISION,16Uiu2HAmJtnayEatNs8DKaPqtLRCikfgFc68y7gvKQ5UVycJsvTY,,,,,,,,,,,,,,,,,,,,,,,,2.0,0.0,,attempt_dial,,,,,,,,,,,,,,,,,,,,,,,,,,,,,,,,,,,,,,,,,,,,,,,,,,,,,2026-01-07 20:19:22.886000+00:00,
2026-01-07T20:19:23.230Z,DIAL_FAILURE,16Uiu2HAmJtnayEatNs8DKaPqtLRCikfgFc68y7gvKQ5UVycJsvTY,,,,,,,,,,,,,,,,,,,,,,,,,,,,unexpected end of input,344.0,,,,,,,,,,,,,,,,,,,,,,,,,,,,,,,,,,,,,,,,,,,,,,,,,,,2026-01-07 20:19:23.230000+00:00,
2026-01-07T20:19:24.412Z,DIAL_CHECK_START,16Uiu2HAmJtnayEatNs8DKaPqtLRCikfgFc68y7gvKQ5UVycJsvTY,,,,,,,,,,,,,,,,,,,,,,,,2.0,0.0,6271.0,,,,,,,,,,,,,,,,,,,,,,,,,,,,,,,,,,,,,,,,,,,,,,,,,,,,,,2026-01-07 20:19:24.412000+00:00,
2026-01-07T20:19:24.412Z,DIAL_ATTEMPT_START,16Uiu2HAmJtnayEatNs8DKaPqtLRCikfgFc68y7gvKQ5UVycJsvTY,,,,,,,,,,,,,,,,,,,6271.0,,,,1767817164412.0,,,,,,,,,,,,,,,,,,,,,,,,,,,,,,,,,,,,,,,,,,,,,,,,,,,,,,,,,2026-01-07 20:19:24.412000+00:00,
2026-01-07T20:19:24.412Z,DISCOVERY_DIAL_DECISION,16Uiu2HAmJtnayEatNs8DKaPqtLRCikfgFc68y7gvKQ5UVycJsvTY,,,,,,,,,,,,,,,,,,,,,,,,2.0,0.0,,attempt_dial,,,,,,,,,,,,,,,,,,,,,,,,,,,,,,,,,,,,,,,,,,,,,,,,,,,,,2026-01-07 20:19:24.412000+00:00,
2026-01-07T20:19:24.754Z,DIAL_FAILURE,16Uiu2HAmJtnayEatNs8DKaPqtLRCikfgFc68y7gvKQ5UVycJsvTY,,,,,,,,,,,,,,,,,,,,,,,,,,,,unexpected end of input,342.0,,,,,,,,,,,,,,,,,,,,,,,,,,,,,,,,,,,,,,,,,,,,,,,,,,,2026-01-07 20:19:24.754000+00:00,
2026-01-07T20:19:26.043Z,DIAL_CHECK_START,16Uiu2HAmJtnayEatNs8DKaPqtLRCikfgFc68y7gvKQ5UVycJsvTY,,,,,,,,,,,,,,,,,,,,,,,,2.0,0.0,6270.0,,,,,,,,,,,,,,,,,,,,,,,,,,,,,,,,,,,,,,,,,,,,,,,,,,,,,,2026-01-07 20:19:26.043000+00:00,
2026-01-07T20:19:26.043Z,DIAL_ATTEMPT_START,16Uiu2HAmJtnayEatNs8DKaPqtLRCikfgFc68y7gvKQ5UVycJsvTY,,,,,,,,,,,,,,,,,,,6270.0,,,,1767817166043.0,,,,,,,,,,,,,,,,,,,,,,,,,,,,,,,,,,,,,,,,,,,,,,,,,,,,,,,,,2026-01-07 20:19:26.043000+00:00,
2026-01-07T20:19:26.044Z,DISCOVERY_DIAL_DECISION,16Uiu2HAmJtnayEatNs8DKaPqtLRCikfgFc68y7gvKQ5UVycJsvTY,,,,,,,,,,,,,,,,,,,,,,,,2.0,0.0,,attempt_dial,,,,,,,,,,,,,,,,,,,,,,,,,,,,,,,,,,,,,,,,,,,,,,,,,,,,,2026-01-07 20:19:26.044000+00:00,
2026-01-07T20:19:26.099Z,DIAL_CHECK_START,16Uiu2HAmAy9F8vBW3LAyXVSk71D9psw4pWLebUyyZEbuJxSDDUM2,,,,,,,,,,,,,,,,,,,,,,,,2.0,0.0,6269.0,,,,,,,,,,,,,,,,,,,,,,,,,,,,,,,,,,,,,,,,,,,,,,,,,,,,,,2026-01-07 20:19:26.099000+00:00,
2026-01-07T20:19:26.099Z,DIAL_ATTEMPT_START,16Uiu2HAmAy9F8vBW3LAyXVSk71D9psw4pWLebUyyZEbuJxSDDUM2,,,,,,,,,,,,,,,,,,,6269.0,,,,1767817166099.0,,,,,,,,,,,,,,,,,,,,,,,,,,,,,,,,,,,,,,,,,,,,,,,,,,,,,,,,,2026-01-07 20:19:26.099000+00:00,
2026-01-07T20:19:26.099Z,DISCOVERY_DIAL_DECISION,16Uiu2HAmAy9F8vBW3LAyXVSk71D9psw4pWLebUyyZEbuJxSDDUM2,,,,,,,,,,,,,,,,,,,,,,,,2.0,0.0,,attempt_dial,,,,,,,,,,,,,,,,,,,,,,,,,,,,,,,,,,,,,,,,,,,,,,,,,,,,,2026-01-07 20:19:26.099000+00:00,
2026-01-07T20:19:26.131Z,DISCOVERY_FINDNODE_RESULT,unknown,,,,,,,,,,,,,,,,,,,,,,,,,,,,,,,,,,,,,,,,,,,,,,,,,,,,,,,,,,,,,,,,,,,16.0,60006.0,,,,,,,,,,,,2026-01-07 20:19:26.131000+00:00,
2026-01-07T20:19:26.133Z,HEARTBEAT_DISCOVERY_NEEDED,unknown,,,,,,,,182.0,0.0,none,2.0,0.0,0.0,NO,0.0,1.0,9340297.0,9340296.0,,,,,,,,,,,,,,,,,,,,,,,,,,,,,,,,,,,,,,,,,,,,,,,,,,,,,,,,,,,,,,2026-01-07 20:19:26.133000+00:00,
2026-01-07T20:19:26.133Z,DISCOVERY_START,discovery,,,,,,,,,,,,,,,,,,,182.0,,2.0,,,,,,,,,,,,,,,,,,,,,,,,,,,,,,,,,,,,,,,,,,,,,,,,,,,,,,,,,,,2026-01-07 20:19:26.133000+00:00,
2026-01-07T20:19:26.133Z,DISCOVERY_FINDNODE_START,unknown,,,,,,,,,,,,,,,,,,,6450.0,,,0.0,1767817166133.0,,,,,,,,,,,,,,,,,,,,,,,,,,,,,,,,,,,,,,,,,,,,,,,,,,,,,,,,,2026-01-07 20:19:26.133000+00:00,
2026-01-07T20:19:26.374Z,DIAL_SUCCESS,16Uiu2HAmAy9F8vBW3LAyXVSk71D9psw4pWLebUyyZEbuJxSDDUM2,,,,,,,,,,,,,,,,,,,,,,,,,,,,,275.0,,,,,,,,,,,,,,,,,,,,,,,,,,,,,,,,,,,,,,,,,,,,,,,,,,,2026-01-07 20:19:26.374000+00:00,
2026-01-07T20:19:26.387Z,DIAL_FAILURE,16Uiu2HAmJtnayEatNs8DKaPqtLRCikfgFc68y7gvKQ5UVycJsvTY,,,,,,,,,,,,,,,,,,,,,,,,,,,,unexpected end of input,344.0,,,,,,,,,,,,,,,,,,,,,,,,,,,,,,,,,,,,,,,,,,,,,,,,,,,2026-01-07 20:19:26.387000+00:00,
2026-01-07T20:19:27.123Z,DIAL_CHECK_START,16Uiu2HAmEr1mAJeC98xap9K9447rNYxmCdfuSPyDug2rqGmdtDNP,,,,,,,,,,,,,,,,,,,,,,,,2.0,0.0,6450.0,,,,,,,,,,,,,,,,,,,,,,,,,,,,,,,,,,,,,,,,,,,,,,,,,,,,,,2026-01-07 20:19:27.123000+00:00,
2026-01-07T20:19:27.123Z,DIAL_ATTEMPT_START,16Uiu2HAmEr1mAJeC98xap9K9447rNYxmCdfuSPyDug2rqGmdtDNP,,,,,,,,,,,,,,,,,,,6450.0,,,,1767817167123.0,,,,,,,,,,,,,,,,,,,,,,,,,,,,,,,,,,,,,,,,,,,,,,,,,,,,,,,,,2026-01-07 20:19:27.123000+00:00,
2026-01-07T20:19:27.123Z,DISCOVERY_DIAL_DECISION,16Uiu2HAmEr1mAJeC98xap9K9447rNYxmCdfuSPyDug2rqGmdtDNP,,,,,,,,,,,,,,,,,,,,,,,,2.0,0.0,,attempt_dial,,,,,,,,,,,,,,,,,,,,,,,,,,,,,,,,,,,,,,,,,,,,,,,,,,,,,2026-01-07 20:19:27.123000+00:00,
2026-01-07T20:19:27.257Z,DIAL_FAILURE,16Uiu2HAmEr1mAJeC98xap9K9447rNYxmCdfuSPyDug2rqGmdtDNP,,,,,,,,,,,,,,,,,,,,,,,,,,,,unexpected end of input,134.0,,,,,,,,,,,,,,,,,,,,,,,,,,,,,,,,,,,,,,,,,,,,,,,,,,,2026-01-07 20:19:27.257000+00:00,
2026-01-07T20:19:27.285Z,DIAL_CHECK_START,16Uiu2HAmJJToFSeoNeGX8QGVT9tTGojyMuFE3QN7NjyUkprooPMX,,,,,,,,,,,,,,,,,,,,,,,,2.0,0.0,6449.0,,,,,,,,,,,,,,,,,,,,,,,,,,,,,,,,,,,,,,,,,,,,,,,,,,,,,,2026-01-07 20:19:27.285000+00:00,
2026-01-07T20:19:27.285Z,DIAL_ATTEMPT_START,16Uiu2HAmJJToFSeoNeGX8QGVT9tTGojyMuFE3QN7NjyUkprooPMX,,,,,,,,,,,,,,,,,,,6449.0,,,,1767817167285.0,,,,,,,,,,,,,,,,,,,,,,,,,,,,,,,,,,,,,,,,,,,,,,,,,,,,,,,,,2026-01-07 20:19:27.285000+00:00,
2026-01-07T20:19:27.285Z,DISCOVERY_DIAL_DECISION,16Uiu2HAmJJToFSeoNeGX8QGVT9tTGojyMuFE3QN7NjyUkprooPMX,,,,,,,,,,,,,,,,,,,,,,,,2.0,0.0,,attempt_dial,,,,,,,,,,,,,,,,,,,,,,,,,,,,,,,,,,,,,,,,,,,,,,,,,,,,,2026-01-07 20:19:27.285000+00:00,
2026-01-07T20:19:27.408Z,DIAL_SUCCESS,16Uiu2HAmJJToFSeoNeGX8QGVT9tTGojyMuFE3QN7NjyUkprooPMX,,,,,,,,,,,,,,,,,,,,,,,,,,,,,123.0,,,,,,,,,,,,,,,,,,,,,,,,,,,,,,,,,,,,,,,,,,,,,,,,,,,2026-01-07 20:19:27.408000+00:00,
2026-01-07T20:19:27.566Z,DIAL_CHECK_START,16Uiu2HAm8SSPDo1YcrUZRkZ1LfA7LFkjLdiTyCmNGSikz8XWDdRb,,,,,,,,,,,,,,,,,,,,,,,,2.0,0.0,6448.0,,,,,,,,,,,,,,,,,,,,,,,,,,,,,,,,,,,,,,,,,,,,,,,,,,,,,,2026-01-07 20:19:27.566000+00:00,
2026-01-07T20:19:27.566Z,DIAL_ATTEMPT_START,16Uiu2HAm8SSPDo1YcrUZRkZ1LfA7LFkjLdiTyCmNGSikz8XWDdRb,,,,,,,,,,,,,,,,,,,6448.0,,,,1767817167566.0,,,,,,,,,,,,,,,,,,,,,,,,,,,,,,,,,,,,,,,,,,,,,,,,,,,,,,,,,2026-01-07 20:19:27.566000+00:00,
2026-01-07T20:19:27.566Z,DISCOVERY_DIAL_DECISION,16Uiu2HAm8SSPDo1YcrUZRkZ1LfA7LFkjLdiTyCmNGSikz8XWDdRb,,,,,,,,,,,,,,,,,,,,,,,,2.0,0.0,,attempt_dial,,,,,,,,,,,,,,,,,,,,,,,,,,,,,,,,,,,,,,,,,,,,,,,,,,,,,2026-01-07 20:19:27.566000+00:00,
2026-01-07T20:19:27.732Z,DIAL_SUCCESS,16Uiu2HAm8SSPDo1YcrUZRkZ1LfA7LFkjLdiTyCmNGSikz8XWDdRb,,,,,,,,,,,,,,,,,,,,,,,,,,,,,166.0,,,,,,,,,,,,,,,,,,,,,,,,,,,,,,,,,,,,,,,,,,,,,,,,,,,2026-01-07 20:19:27.732000+00:00,
2026-01-07T20:19:37.351Z,DIAL_CHECK_START,16Uiu2HAmEr1mAJeC98xap9K9447rNYxmCdfuSPyDug2rqGmdtDNP,,,,,,,,,,,,,,,,,,,,,,,,2.0,0.0,6447.0,,,,,,,,,,,,,,,,,,,,,,,,,,,,,,,,,,,,,,,,,,,,,,,,,,,,,,2026-01-07 20:19:37.351000+00:00,
2026-01-07T20:19:37.351Z,DIAL_ATTEMPT_START,16Uiu2HAmEr1mAJeC98xap9K9447rNYxmCdfuSPyDug2rqGmdtDNP,,,,,,,,,,,,,,,,,,,6447.0,,,,1767817177351.0,,,,,,,,,,,,,,,,,,,,,,,,,,,,,,,,,,,,,,,,,,,,,,,,,,,,,,,,,2026-01-07 20:19:37.351000+00:00,
2026-01-07T20:19:37.351Z,DISCOVERY_DIAL_DECISION,16Uiu2HAmEr1mAJeC98xap9K9447rNYxmCdfuSPyDug2rqGmdtDNP,,,,,,,,,,,,,,,,,,,,,,,,2.0,0.0,,attempt_dial,,,,,,,,,,,,,,,,,,,,,,,,,,,,,,,,,,,,,,,,,,,,,,,,,,,,,2026-01-07 20:19:37.351000+00:00,
2026-01-07T20:19:37.487Z,DIAL_FAILURE,16Uiu2HAmEr1mAJeC98xap9K9447rNYxmCdfuSPyDug2rqGmdtDNP,,,,,,,,,,,,,,,,,,,,,,,,,,,,unexpected end of input,136.0,,,,,,,,,,,,,,,,,,,,,,,,,,,,,,,,,,,,,,,,,,,,,,,,,,,2026-01-07 20:19:37.487000+00:00,
2026-01-07T20:19:50.192Z,DIAL_FAILURE,16Uiu2HAmKfK63NePy9gSq6vevvAHmJkqa3ADYho6LQBH4po29aNo,,,,,,,,,,,,,,,,,,,,,,,,,,,,connection error 35.212.236.162:2032: connect ETIMEDOUT 35.212.236.162:2032,135536.0,,,,,,,,,,,,,,,,,,,,,,,,,,,,,,,,,,,,,,,,,,,,,,,,,,,2026-01-07 20:19:50.192000+00:00,
2026-01-07T20:19:56.134Z,HEARTBEAT_DISCOVERY_NEEDED,unknown,,,,,,,,183.0,0.0,none,2.0,0.0,0.0,NO,0.0,0.0,9340299.0,9340299.0,,,,,,,,,,,,,,,,,,,,,,,,,,,,,,,,,,,,,,,,,,,,,,,,,,,,,,,,,,,,,,2026-01-07 20:19:56.134000+00:00,
2026-01-07T20:19:56.134Z,DISCOVERY_START,discovery,,,,,,,,,,,,,,,,,,,183.0,,2.0,,,,,,,,,,,,,,,,,,,,,,,,,,,,,,,,,,,,,,,,,,,,,,,,,,,,,,,,,,,2026-01-07 20:19:56.134000+00:00,
2026-01-07T20:19:56.400Z,DIAL_CHECK_START,16Uiu2HAm6PVipTEECRHNWsxA7TawUhx1gD6bx2KsesCob8Fq9hoh,,,,,,,,,,,,,,,,,,,,,,,,2.0,0.0,6629.0,,,,,,,,,,,,,,,,,,,,,,,,,,,,,,,,,,,,,,,,,,,,,,,,,,,,,,2026-01-07 20:19:56.400000+00:00,
2026-01-07T20:19:56.400Z,DIAL_ATTEMPT_START,16Uiu2HAm6PVipTEECRHNWsxA7TawUhx1gD6bx2KsesCob8Fq9hoh,,,,,,,,,,,,,,,,,,,6629.0,,,,1767817196400.0,,,,,,,,,,,,,,,,,,,,,,,,,,,,,,,,,,,,,,,,,,,,,,,,,,,,,,,,,2026-01-07 20:19:56.400000+00:00,
2026-01-07T20:19:56.400Z,DISCOVERY_DIAL_DECISION,16Uiu2HAm6PVipTEECRHNWsxA7TawUhx1gD6bx2KsesCob8Fq9hoh,,,,,,,,,,,,,,,,,,,,,,,,2.0,0.0,,attempt_dial,,,,,,,,,,,,,,,,,,,,,,,,,,,,,,,,,,,,,,,,,,,,,,,,,,,,,2026-01-07 20:19:56.400000+00:00,
2026-01-07T20:19:56.522Z,DIAL_FAILURE,16Uiu2HAm6PVipTEECRHNWsxA7TawUhx1gD6bx2KsesCob8Fq9hoh,,,,,,,,,,,,,,,,,,,,,,,,,,,,connection error 104.152.209.34:13000: connect ECONNREFUSED 104.152.209.34:13000,122.0,,,,,,,,,,,,,,,,,,,,,,,,,,,,,,,,,,,,,,,,,,,,,,,,,,,2026-01-07 20:19:56.522000+00:00,
2026-01-07T20:19:56.555Z,DIAL_CHECK_START,16Uiu2HAmJJToFSeoNeGX8QGVT9tTGojyMuFE3QN7NjyUkprooPMX,,,,,,,,,,,,,,,,,,,,,,,,2.0,0.0,6628.0,,,,,,,,,,,,,,,,,,,,,,,,,,,,,,,,,,,,,,,,,,,,,,,,,,,,,,2026-01-07 20:19:56.555000+00:00,
2026-01-07T20:19:56.555Z,DIAL_ATTEMPT_START,16Uiu2HAmJJToFSeoNeGX8QGVT9tTGojyMuFE3QN7NjyUkprooPMX,,,,,,,,,,,,,,,,,,,6628.0,,,,1767817196555.0,,,,,,,,,,,,,,,,,,,,,,,,,,,,,,,,,,,,,,,,,,,,,,,,,,,,,,,,,2026-01-07 20:19:56.555000+00:00,
2026-01-07T20:19:56.555Z,DISCOVERY_DIAL_DECISION,16Uiu2HAmJJToFSeoNeGX8QGVT9tTGojyMuFE3QN7NjyUkprooPMX,,,,,,,,,,,,,,,,,,,,,,,,2.0,0.0,,attempt_dial,,,,,,,,,,,,,,,,,,,,,,,,,,,,,,,,,,,,,,,,,,,,,,,,,,,,,2026-01-07 20:19:56.555000+00:00,
2026-01-07T20:19:56.679Z,DIAL_SUCCESS,16Uiu2HAmJJToFSeoNeGX8QGVT9tTGojyMuFE3QN7NjyUkprooPMX,,,,,,,,,,,,,,,,,,,,,,,,,,,,,124.0,,,,,,,,,,,,,,,,,,,,,,,,,,,,,,,,,,,,,,,,,,,,,,,,,,,2026-01-07 20:19:56.679000+00:00,
2026-01-07T20:19:57.321Z,DIAL_CHECK_START,16Uiu2HAmEr1mAJeC98xap9K9447rNYxmCdfuSPyDug2rqGmdtDNP,,,,,,,,,,,,,,,,,,,,,,,,2.0,0.0,6627.0,,,,,,,,,,,,,,,,,,,,,,,,,,,,,,,,,,,,,,,,,,,,,,,,,,,,,,2026-01-07 20:19:57.321000+00:00,
2026-01-07T20:19:57.321Z,DIAL_ATTEMPT_START,16Uiu2HAmEr1mAJeC98xap9K9447rNYxmCdfuSPyDug2rqGmdtDNP,,,,,,,,,,,,,,,,,,,6627.0,,,,1767817197321.0,,,,,,,,,,,,,,,,,,,,,,,,,,,,,,,,,,,,,,,,,,,,,,,,,,,,,,,,,2026-01-07 20:19:57.321000+00:00,
2026-01-07T20:19:57.321Z,DISCOVERY_DIAL_DECISION,16Uiu2HAmEr1mAJeC98xap9K9447rNYxmCdfuSPyDug2rqGmdtDNP,,,,,,,,,,,,,,,,,,,,,,,,2.0,0.0,,attempt_dial,,,,,,,,,,,,,,,,,,,,,,,,,,,,,,,,,,,,,,,,,,,,,,,,,,,,,2026-01-07 20:19:57.321000+00:00,
2026-01-07T20:19:57.528Z,DIAL_SUCCESS,16Uiu2HAmEr1mAJeC98xap9K9447rNYxmCdfuSPyDug2rqGmdtDNP,,,,,,,,,,,,,,,,,,,,,,,,,,,,,207.0,,,,,,,,,,,,,,,,,,,,,,,,,,,,,,,,,,,,,,,,,,,,,,,,,,,2026-01-07 20:19:57.528000+00:00,
2026-01-07T20:19:57.633Z,DIAL_CHECK_START,16Uiu2HAmHLrEJVb9nZXTBAqh4Syx3fJQgJEzCFevTMnDSn7LzLgu,,,,,,,,,,,,,,,,,,,,,,,,2.0,0.0,6626.0,,,,,,,,,,,,,,,,,,,,,,,,,,,,,,,,,,,,,,,,,,,,,,,,,,,,,,2026-01-07 20:19:57.633000+00:00,
2026-01-07T20:19:57.633Z,DIAL_ATTEMPT_START,16Uiu2HAmHLrEJVb9nZXTBAqh4Syx3fJQgJEzCFevTMnDSn7LzLgu,,,,,,,,,,,,,,,,,,,6626.0,,,,1767817197633.0,,,,,,,,,,,,,,,,,,,,,,,,,,,,,,,,,,,,,,,,,,,,,,,,,,,,,,,,,2026-01-07 20:19:57.633000+00:00,
2026-01-07T20:19:57.633Z,DISCOVERY_DIAL_DECISION,16Uiu2HAmHLrEJVb9nZXTBAqh4Syx3fJQgJEzCFevTMnDSn7LzLgu,,,,,,,,,,,,,,,,,,,,,,,,2.0,0.0,,attempt_dial,,,,,,,,,,,,,,,,,,,,,,,,,,,,,,,,,,,,,,,,,,,,,,,,,,,,,2026-01-07 20:19:57.633000+00:00,
2026-01-07T20:19:57.768Z,DIAL_FAILURE,16Uiu2HAmHLrEJVb9nZXTBAqh4Syx3fJQgJEzCFevTMnDSn7LzLgu,,,,,,,,,,,,,,,,,,,,,,,,,,,,unexpected end of input,135.0,,,,,,,,,,,,,,,,,,,,,,,,,,,,,,,,,,,,,,,,,,,,,,,,,,,2026-01-07 20:19:57.768000+00:00,
2026-01-07T20:20:15.755Z,DIAL_CHECK_START,16Uiu2HAmH2FVAiDvphRVK1bwtc4WLAV71qsjLo3hXQDKHpgtpLQY,,,,,,,,,,,,,,,,,,,,,,,,2.0,0.0,6625.0,,,,,,,,,,,,,,,,,,,,,,,,,,,,,,,,,,,,,,,,,,,,,,,,,,,,,,2026-01-07 20:20:15.755000+00:00,
2026-01-07T20:20:15.755Z,DIAL_ATTEMPT_START,16Uiu2HAmH2FVAiDvphRVK1bwtc4WLAV71qsjLo3hXQDKHpgtpLQY,,,,,,,,,,,,,,,,,,,6625.0,,,,1767817215755.0,,,,,,,,,,,,,,,,,,,,,,,,,,,,,,,,,,,,,,,,,,,,,,,,,,,,,,,,,2026-01-07 20:20:15.755000+00:00,
2026-01-07T20:20:15.756Z,DISCOVERY_DIAL_DECISION,16Uiu2HAmH2FVAiDvphRVK1bwtc4WLAV71qsjLo3hXQDKHpgtpLQY,,,,,,,,,,,,,,,,,,,,,,,,2.0,0.0,,attempt_dial,,,,,,,,,,,,,,,,,,,,,,,,,,,,,,,,,,,,,,,,,,,,,,,,,,,,,2026-01-07 20:20:15.756000+00:00,
2026-01-07T20:20:16.134Z,DIAL_CHECK_START,16Uiu2HAmFuUAn4Pm47ikVQJdNLj9GgJVrntuqUciiXaD5daWa9vT,,,,,,,,,,,,,,,,,,,,,,,,2.0,0.0,6624.0,,,,,,,,,,,,,,,,,,,,,,,,,,,,,,,,,,,,,,,,,,,,,,,,,,,,,,2026-01-07 20:20:16.134000+00:00,
2026-01-07T20:20:16.134Z,DIAL_ATTEMPT_START,16Uiu2HAmFuUAn4Pm47ikVQJdNLj9GgJVrntuqUciiXaD5daWa9vT,,,,,,,,,,,,,,,,,,,6624.0,,,,1767817216134.0,,,,,,,,,,,,,,,,,,,,,,,,,,,,,,,,,,,,,,,,,,,,,,,,,,,,,,,,,2026-01-07 20:20:16.134000+00:00,
2026-01-07T20:20:16.134Z,DISCOVERY_DIAL_DECISION,16Uiu2HAmFuUAn4Pm47ikVQJdNLj9GgJVrntuqUciiXaD5daWa9vT,,,,,,,,,,,,,,,,,,,,,,,,2.0,0.0,,attempt_dial,,,,,,,,,,,,,,,,,,,,,,,,,,,,,,,,,,,,,,,,,,,,,,,,,,,,,2026-01-07 20:20:16.134000+00:00,
2026-01-07T20:20:16.261Z,DIAL_SUCCESS,16Uiu2HAmFuUAn4Pm47ikVQJdNLj9GgJVrntuqUciiXaD5daWa9vT,,,,,,,,,,,,,,,,,,,,,,,,,,,,,127.0,,,,,,,,,,,,,,,,,,,,,,,,,,,,,,,,,,,,,,,,,,,,,,,,,,,2026-01-07 20:20:16.261000+00:00,
2026-01-07T20:20:18.240Z,DIAL_CHECK_START,16Uiu2HAmH1f8jVzBCK4qYkjfTfwYiyez5Rj7W6zyrT3Qkh66P3jA,,,,,,,,,,,,,,,,,,,,,,,,2.0,0.0,6623.0,,,,,,,,,,,,,,,,,,,,,,,,,,,,,,,,,,,,,,,,,,,,,,,,,,,,,,2026-01-07 20:20:18.240000+00:00,
2026-01-07T20:20:18.240Z,DIAL_ATTEMPT_START,16Uiu2HAmH1f8jVzBCK4qYkjfTfwYiyez5Rj7W6zyrT3Qkh66P3jA,,,,,,,,,,,,,,,,,,,6623.0,,,,1767817218240.0,,,,,,,,,,,,,,,,,,,,,,,,,,,,,,,,,,,,,,,,,,,,,,,,,,,,,,,,,2026-01-07 20:20:18.240000+00:00,
2026-01-07T20:20:18.241Z,DISCOVERY_DIAL_DECISION,16Uiu2HAmH1f8jVzBCK4qYkjfTfwYiyez5Rj7W6zyrT3Qkh66P3jA,,,,,,,,,,,,,,,,,,,,,,,,2.0,0.0,,attempt_dial,,,,,,,,,,,,,,,,,,,,,,,,,,,,,,,,,,,,,,,,,,,,,,,,,,,,,2026-01-07 20:20:18.241000+00:00,
2026-01-07T20:20:18.392Z,DIAL_SUCCESS,16Uiu2HAmH1f8jVzBCK4qYkjfTfwYiyez5Rj7W6zyrT3Qkh66P3jA,,,,,,,,,,,,,,,,,,,,,,,,,,,,,152.0,,,,,,,,,,,,,,,,,,,,,,,,,,,,,,,,,,,,,,,,,,,,,,,,,,,2026-01-07 20:20:18.392000+00:00,
2026-01-07T20:20:19.539Z,DIAL_CHECK_START,16Uiu2HAmBNkdGBk5yi1JwJFzVJ1CuspsDoVuRMSH38oqnLvQGQVx,,,,,,,,,,,,,,,,,,,,,,,,2.0,0.0,6622.0,,,,,,,,,,,,,,,,,,,,,,,,,,,,,,,,,,,,,,,,,,,,,,,,,,,,,,2026-01-07 20:20:19.539000+00:00,
2026-01-07T20:20:19.539Z,DIAL_ATTEMPT_START,16Uiu2HAmBNkdGBk5yi1JwJFzVJ1CuspsDoVuRMSH38oqnLvQGQVx,,,,,,,,,,,,,,,,,,,6622.0,,,,1767817219539.0,,,,,,,,,,,,,,,,,,,,,,,,,,,,,,,,,,,,,,,,,,,,,,,,,,,,,,,,,2026-01-07 20:20:19.539000+00:00,
2026-01-07T20:20:19.539Z,DISCOVERY_DIAL_DECISION,16Uiu2HAmBNkdGBk5yi1JwJFzVJ1CuspsDoVuRMSH38oqnLvQGQVx,,,,,,,,,,,,,,,,,,,,,,,,2.0,0.0,,attempt_dial,,,,,,,,,,,,,,,,,,,,,,,,,,,,,,,,,,,,,,,,,,,,,,,,,,,,,2026-01-07 20:20:19.539000+00:00,
2026-01-07T20:20:19.540Z,DIAL_CHECK_START,16Uiu2HAmCbZPcinia1kfSPsuGH8nDntBQeEcMk8BNMXgDiLD5egT,,,,,,,,,,,,,,,,,,,,,,,,2.0,0.0,6621.0,,,,,,,,,,,,,,,,,,,,,,,,,,,,,,,,,,,,,,,,,,,,,,,,,,,,,,2026-01-07 20:20:19.540000+00:00,
2026-01-07T20:20:19.540Z,DIAL_ATTEMPT_START,16Uiu2HAmCbZPcinia1kfSPsuGH8nDntBQeEcMk8BNMXgDiLD5egT,,,,,,,,,,,,,,,,,,,6621.0,,,,1767817219540.0,,,,,,,,,,,,,,,,,,,,,,,,,,,,,,,,,,,,,,,,,,,,,,,,,,,,,,,,,2026-01-07 20:20:19.540000+00:00,
2026-01-07T20:20:19.540Z,DISCOVERY_DIAL_DECISION,16Uiu2HAmCbZPcinia1kfSPsuGH8nDntBQeEcMk8BNMXgDiLD5egT,,,,,,,,,,,,,,,,,,,,,,,,2.0,0.0,,attempt_dial,,,,,,,,,,,,,,,,,,,,,,,,,,,,,,,,,,,,,,,,,,,,,,,,,,,,,2026-01-07 20:20:19.540000+00:00,
2026-01-07T20:20:19.541Z,DIAL_CHECK_START,16Uiu2HAmHLrEJVb9nZXTBAqh4Syx3fJQgJEzCFevTMnDSn7LzLgu,,,,,,,,,,,,,,,,,,,,,,,,2.0,0.0,6620.0,,,,,,,,,,,,,,,,,,,,,,,,,,,,,,,,,,,,,,,,,,,,,,,,,,,,,,2026-01-07 20:20:19.541000+00:00,
2026-01-07T20:20:19.541Z,DIAL_ATTEMPT_START,16Uiu2HAmHLrEJVb9nZXTBAqh4Syx3fJQgJEzCFevTMnDSn7LzLgu,,,,,,,,,,,,,,,,,,,6620.0,,,,1767817219541.0,,,,,,,,,,,,,,,,,,,,,,,,,,,,,,,,,,,,,,,,,,,,,,,,,,,,,,,,,2026-01-07 20:20:19.541000+00:00,
2026-01-07T20:20:19.541Z,DISCOVERY_DIAL_DECISION,16Uiu2HAmHLrEJVb9nZXTBAqh4Syx3fJQgJEzCFevTMnDSn7LzLgu,,,,,,,,,,,,,,,,,,,,,,,,2.0,0.0,,attempt_dial,,,,,,,,,,,,,,,,,,,,,,,,,,,,,,,,,,,,,,,,,,,,,,,,,,,,,2026-01-07 20:20:19.541000+00:00,
2026-01-07T20:20:19.544Z,DIAL_CHECK_START,16Uiu2HAmCbZPcinia1kfSPsuGH8nDntBQeEcMk8BNMXgDiLD5egT,,,,,,,,,,,,,,,,,,,,,,,,0.0,0.0,6619.0,,,,,,,,,,,,,,,,,,,,,,,,,,,,,,,,,,,,,,,,,,,,,,,,,,,,,,2026-01-07 20:20:19.544000+00:00,
2026-01-07T20:20:19.544Z,DIAL_ATTEMPT_START,16Uiu2HAmCbZPcinia1kfSPsuGH8nDntBQeEcMk8BNMXgDiLD5egT,,,,,,,,,,,,,,,,,,,6619.0,,,,1767817219544.0,,,,,,,,,,,,,,,,,,,,,,,,,,,,,,,,,,,,,,,,,,,,,,,,,,,,,,,,,2026-01-07 20:20:19.544000+00:00,
2026-01-07T20:20:19.544Z,DISCOVERY_DIAL_DECISION,16Uiu2HAmCbZPcinia1kfSPsuGH8nDntBQeEcMk8BNMXgDiLD5egT,,,,,,,,,,,,,,,,,,,,,,,,0.0,0.0,,attempt_dial,,,,,,,,,,,,,,,,,,,,,,,,,,,,,,,,,,,,,,,,,,,,,,,,,,,,,2026-01-07 20:20:19.544000+00:00,
2026-01-07T20:20:19.656Z,DIAL_SUCCESS,16Uiu2HAmCbZPcinia1kfSPsuGH8nDntBQeEcMk8BNMXgDiLD5egT,,,,,,,,,,,,,,,,,,,,,,,,,,,,,112.0,,,,,,,,,,,,,,,,,,,,,,,,,,,,,,,,,,,,,,,,,,,,,,,,,,,2026-01-07 20:20:19.656000+00:00,
2026-01-07T20:20:19.656Z,DIAL_SUCCESS,16Uiu2HAmCbZPcinia1kfSPsuGH8nDntBQeEcMk8BNMXgDiLD5egT,,,,,,,,,,,,,,,,,,,,,,,,,,,,,116.0,,,,,,,,,,,,,,,,,,,,,,,,,,,,,,,,,,,,,,,,,,,,,,,,,,,2026-01-07 20:20:19.656000+00:00,
2026-01-07T20:20:19.676Z,DIAL_FAILURE,16Uiu2HAmHLrEJVb9nZXTBAqh4Syx3fJQgJEzCFevTMnDSn7LzLgu,,,,,,,,,,,,,,,,,,,,,,,,,,,,unexpected end of input,135.0,,,,,,,,,,,,,,,,,,,,,,,,,,,,,,,,,,,,,,,,,,,,,,,,,,,2026-01-07 20:20:19.676000+00:00,
2026-01-07T20:20:19.907Z,DIAL_SUCCESS,16Uiu2HAmBNkdGBk5yi1JwJFzVJ1CuspsDoVuRMSH38oqnLvQGQVx,,,,,,,,,,,,,,,,,,,,,,,,,,,,,368.0,,,,,,,,,,,,,,,,,,,,,,,,,,,,,,,,,,,,,,,,,,,,,,,,,,,2026-01-07 20:20:19.907000+00:00,
2026-01-07T20:20:23.570Z,DIAL_CHECK_START,16Uiu2HAmHLrEJVb9nZXTBAqh4Syx3fJQgJEzCFevTMnDSn7LzLgu,,,,,,,,,,,,,,,,,,,,,,,,2.0,0.0,6618.0,,,,,,,,,,,,,,,,,,,,,,,,,,,,,,,,,,,,,,,,,,,,,,,,,,,,,,2026-01-07 20:20:23.570000+00:00,
2026-01-07T20:20:23.570Z,DIAL_ATTEMPT_START,16Uiu2HAmHLrEJVb9nZXTBAqh4Syx3fJQgJEzCFevTMnDSn7LzLgu,,,,,,,,,,,,,,,,,,,6618.0,,,,1767817223570.0,,,,,,,,,,,,,,,,,,,,,,,,,,,,,,,,,,,,,,,,,,,,,,,,,,,,,,,,,2026-01-07 20:20:23.570000+00:00,
2026-01-07T20:20:23.570Z,DISCOVERY_DIAL_DECISION,16Uiu2HAmHLrEJVb9nZXTBAqh4Syx3fJQgJEzCFevTMnDSn7LzLgu,,,,,,,,,,,,,,,,,,,,,,,,2.0,0.0,,attempt_dial,,,,,,,,,,,,,,,,,,,,,,,,,,,,,,,,,,,,,,,,,,,,,,,,,,,,,2026-01-07 20:20:23.570000+00:00,
2026-01-07T20:20:23.705Z,DIAL_FAILURE,16Uiu2HAmHLrEJVb9nZXTBAqh4Syx3fJQgJEzCFevTMnDSn7LzLgu,,,,,,,,,,,,,,,,,,,,,,,,,,,,unexpected end of input,135.0,,,,,,,,,,,,,,,,,,,,,,,,,,,,,,,,,,,,,,,,,,,,,,,,,,,2026-01-07 20:20:23.705000+00:00,
2026-01-07T20:20:25.563Z,DIAL_CHECK_START,16Uiu2HAm1fLYAVWz3UDb6ncu2uQCCXvgRiegohPsyLETVRB3RKJB,,,,,,,,,,,,,,,,,,,,,,,,2.0,0.0,6617.0,,,,,,,,,,,,,,,,,,,,,,,,,,,,,,,,,,,,,,,,,,,,,,,,,,,,,,2026-01-07 20:20:25.563000+00:00,
2026-01-07T20:20:25.563Z,DIAL_ATTEMPT_START,16Uiu2HAm1fLYAVWz3UDb6ncu2uQCCXvgRiegohPsyLETVRB3RKJB,,,,,,,,,,,,,,,,,,,6617.0,,,,1767817225563.0,,,,,,,,,,,,,,,,,,,,,,,,,,,,,,,,,,,,,,,,,,,,,,,,,,,,,,,,,2026-01-07 20:20:25.563000+00:00,
2026-01-07T20:20:25.563Z,DISCOVERY_DIAL_DECISION,16Uiu2HAm1fLYAVWz3UDb6ncu2uQCCXvgRiegohPsyLETVRB3RKJB,,,,,,,,,,,,,,,,,,,,,,,,2.0,0.0,,attempt_dial,,,,,,,,,,,,,,,,,,,,,,,,,,,,,,,,,,,,,,,,,,,,,,,,,,,,,2026-01-07 20:20:25.563000+00:00,
2026-01-07T20:20:25.564Z,DIAL_CHECK_START,16Uiu2HAm1fLYAVWz3UDb6ncu2uQCCXvgRiegohPsyLETVRB3RKJB,,,,,,,,,,,,,,,,,,,,,,,,0.0,0.0,6616.0,,,,,,,,,,,,,,,,,,,,,,,,,,,,,,,,,,,,,,,,,,,,,,,,,,,,,,2026-01-07 20:20:25.564000+00:00,
2026-01-07T20:20:25.564Z,DIAL_ATTEMPT_START,16Uiu2HAm1fLYAVWz3UDb6ncu2uQCCXvgRiegohPsyLETVRB3RKJB,,,,,,,,,,,,,,,,,,,6616.0,,,,1767817225564.0,,,,,,,,,,,,,,,,,,,,,,,,,,,,,,,,,,,,,,,,,,,,,,,,,,,,,,,,,2026-01-07 20:20:25.564000+00:00,
2026-01-07T20:20:25.565Z,DISCOVERY_DIAL_DECISION,16Uiu2HAm1fLYAVWz3UDb6ncu2uQCCXvgRiegohPsyLETVRB3RKJB,,,,,,,,,,,,,,,,,,,,,,,,0.0,0.0,,attempt_dial,,,,,,,,,,,,,,,,,,,,,,,,,,,,,,,,,,,,,,,,,,,,,,,,,,,,,2026-01-07 20:20:25.565000+00:00,
2026-01-07T20:20:25.736Z,DIAL_SUCCESS,16Uiu2HAm1fLYAVWz3UDb6ncu2uQCCXvgRiegohPsyLETVRB3RKJB,,,,,,,,,,,,,,,,,,,,,,,,,,,,,172.0,,,,,,,,,,,,,,,,,,,,,,,,,,,,,,,,,,,,,,,,,,,,,,,,,,,2026-01-07 20:20:25.736000+00:00,
2026-01-07T20:20:25.736Z,DIAL_SUCCESS,16Uiu2HAm1fLYAVWz3UDb6ncu2uQCCXvgRiegohPsyLETVRB3RKJB,,,,,,,,,,,,,,,,,,,,,,,,,,,,,173.0,,,,,,,,,,,,,,,,,,,,,,,,,,,,,,,,,,,,,,,,,,,,,,,,,,,2026-01-07 20:20:25.736000+00:00,
2026-01-07T20:20:26.136Z,HEARTBEAT_DISCOVERY_NEEDED,unknown,,,,,,,,181.0,0.0,none,2.0,0.0,0.0,NO,0.0,0.0,9340302.0,9340302.0,,,,,,,,,,,,,,,,,,,,,,,,,,,,,,,,,,,,,,,,,,,,,,,,,,,,,,,,,,,,,,2026-01-07 20:20:26.136000+00:00,
2026-01-07T20:20:26.136Z,DISCOVERY_START,discovery,,,,,,,,,,,,,,,,,,,181.0,,2.0,,,,,,,,,,,,,,,,,,,,,,,,,,,,,,,,,,,,,,,,,,,,,,,,,,,,,,,,,,,2026-01-07 20:20:26.136000+00:00,
2026-01-07T20:20:26.143Z,DISCOVERY_FINDNODE_RESULT,unknown,,,,,,,,,,,,,,,,,,,,,,,,,,,,,,,,,,,,,,,,,,,,,,,,,,,,,,,,,,,,,,,,,,,16.0,60010.0,,,,,,,,,,,,2026-01-07 20:20:26.143000+00:00,
2026-01-07T20:20:47.511Z,DIAL_FAILURE,16Uiu2HAkz4Qu6rLwfdEF2iuVWN6Nq27Fy8wT74CNJHciivm2xpqH,,,,,,,,,,,,,,,,,,,,,,,,,,,,connection error 54.183.230.174:34931: connect ETIMEDOUT 54.183.230.174:34931,132881.0,,,,,,,,,,,,,,,,,,,,,,,,,,,,,,,,,,,,,,,,,,,,,,,,,,,2026-01-07 20:20:47.511000+00:00,
2026-01-07T20:20:56.136Z,HEARTBEAT_DISCOVERY_NEEDED,unknown,,,,,,,,182.0,0.0,none,2.0,0.0,0.0,NO,0.0,0.0,9340304.0,9340304.0,,,,,,,,,,,,,,,,,,,,,,,,,,,,,,,,,,,,,,,,,,,,,,,,,,,,,,,,,,,,,,2026-01-07 20:20:56.136000+00:00,
2026-01-07T20:20:56.136Z,DISCOVERY_START,discovery,,,,,,,,,,,,,,,,,,,182.0,,2.0,,,,,,,,,,,,,,,,,,,,,,,,,,,,,,,,,,,,,,,,,,,,,,,,,,,,,,,,,,,2026-01-07 20:20:56.136000+00:00,
2026-01-07T20:20:56.136Z,DISCOVERY_FINDNODE_START,unknown,,,,,,,,,,,,,,,,,,,6978.0,,,0.0,1767817256136.0,,,,,,,,,,,,,,,,,,,,,,,,,,,,,,,,,,,,,,,,,,,,,,,,,,,,,,,,,2026-01-07 20:20:56.136000+00:00,
2026-01-07T20:20:56.247Z,DIAL_CHECK_START,16Uiu2HAmQQme9sE8LEBoUdE7gkuaQBUkTmPtQSwEPhvWBK6GTZ16,,,,,,,,,,,,,,,,,,,,,,,,2.0,0.0,6978.0,,,,,,,,,,,,,,,,,,,,,,,,,,,,,,,,,,,,,,,,,,,,,,,,,,,,,,2026-01-07 20:20:56.247000+00:00,
2026-01-07T20:20:56.247Z,DIAL_ATTEMPT_START,16Uiu2HAmQQme9sE8LEBoUdE7gkuaQBUkTmPtQSwEPhvWBK6GTZ16,,,,,,,,,,,,,,,,,,,6978.0,,,,1767817256247.0,,,,,,,,,,,,,,,,,,,,,,,,,,,,,,,,,,,,,,,,,,,,,,,,,,,,,,,,,2026-01-07 20:20:56.247000+00:00,
2026-01-07T20:20:56.247Z,DISCOVERY_DIAL_DECISION,16Uiu2HAmQQme9sE8LEBoUdE7gkuaQBUkTmPtQSwEPhvWBK6GTZ16,,,,,,,,,,,,,,,,,,,,,,,,2.0,0.0,,attempt_dial,,,,,,,,,,,,,,,,,,,,,,,,,,,,,,,,,,,,,,,,,,,,,,,,,,,,,2026-01-07 20:20:56.247000+00:00,
2026-01-07T20:20:56.248Z,DIAL_CHECK_START,16Uiu2HAm9nL4jPyR6Cotu2C5WLhGch1tV4ht5qNFQ3kojjdXZ5Eu,,,,,,,,,,,,,,,,,,,,,,,,64.0,4.0,6977.0,,,,,,,,,,,,,,,,,,,,,,,,,,,,,,,,,,,,,,,,,,,,,,,,,,,,,,2026-01-07 20:20:56.248000+00:00,
2026-01-07T20:20:56.248Z,DIAL_ATTEMPT_START,16Uiu2HAm9nL4jPyR6Cotu2C5WLhGch1tV4ht5qNFQ3kojjdXZ5Eu,,,,,,,,,,,,,,,,,,,6977.0,,,,1767817256248.0,,,,,,,,,,,,,,,,,,,,,,,,,,,,,,,,,,,,,,,,,,,,,,,,,,,,,,,,,2026-01-07 20:20:56.248000+00:00,
2026-01-07T20:20:56.248Z,DISCOVERY_DIAL_DECISION,16Uiu2HAm9nL4jPyR6Cotu2C5WLhGch1tV4ht5qNFQ3kojjdXZ5Eu,,,,,,,,,,,,,,,,,,,,,,,,64.0,4.0,,attempt_dial,,,,,,,,,,,,,,,,,,,,,,,,,,,,,,,,,,,,,,,,,,,,,,,,,,,,,2026-01-07 20:20:56.248000+00:00,
2026-01-07T20:20:56.249Z,DIAL_CHECK_START,16Uiu2HAkvjpfaM7yhcYZSjEUJYHWckLXa4uMG7pwVeuXas8nUxcN,,,,,,,,,,,,,,,,,,,,,,,,2.0,0.0,6976.0,,,,,,,,,,,,,,,,,,,,,,,,,,,,,,,,,,,,,,,,,,,,,,,,,,,,,,2026-01-07 20:20:56.249000+00:00,
2026-01-07T20:20:56.249Z,DIAL_ATTEMPT_START,16Uiu2HAkvjpfaM7yhcYZSjEUJYHWckLXa4uMG7pwVeuXas8nUxcN,,,,,,,,,,,,,,,,,,,6976.0,,,,1767817256249.0,,,,,,,,,,,,,,,,,,,,,,,,,,,,,,,,,,,,,,,,,,,,,,,,,,,,,,,,,2026-01-07 20:20:56.249000+00:00,
2026-01-07T20:20:56.249Z,DISCOVERY_DIAL_DECISION,16Uiu2HAkvjpfaM7yhcYZSjEUJYHWckLXa4uMG7pwVeuXas8nUxcN,,,,,,,,,,,,,,,,,,,,,,,,2.0,0.0,,attempt_dial,,,,,,,,,,,,,,,,,,,,,,,,,,,,,,,,,,,,,,,,,,,,,,,,,,,,,2026-01-07 20:20:56.249000+00:00,
2026-01-07T20:20:56.249Z,DIAL_CHECK_START,16Uiu2HAmJJGHpkhBSkY8ZBfgPZX4Xjw5vEnGhXsDdEyWNuLX2jqf,,,,,,,,,,,,,,,,,,,,,,,,2.0,0.0,6975.0,,,,,,,,,,,,,,,,,,,,,,,,,,,,,,,,,,,,,,,,,,,,,,,,,,,,,,2026-01-07 20:20:56.249000+00:00,
2026-01-07T20:20:56.249Z,DIAL_ATTEMPT_START,16Uiu2HAmJJGHpkhBSkY8ZBfgPZX4Xjw5vEnGhXsDdEyWNuLX2jqf,,,,,,,,,,,,,,,,,,,6975.0,,,,1767817256249.0,,,,,,,,,,,,,,,,,,,,,,,,,,,,,,,,,,,,,,,,,,,,,,,,,,,,,,,,,2026-01-07 20:20:56.249000+00:00,
2026-01-07T20:20:56.249Z,DISCOVERY_DIAL_DECISION,16Uiu2HAmJJGHpkhBSkY8ZBfgPZX4Xjw5vEnGhXsDdEyWNuLX2jqf,,,,,,,,,,,,,,,,,,,,,,,,2.0,0.0,,attempt_dial,,,,,,,,,,,,,,,,,,,,,,,,,,,,,,,,,,,,,,,,,,,,,,,,,,,,,2026-01-07 20:20:56.249000+00:00,
2026-01-07T20:20:56.394Z,DIAL_SUCCESS,16Uiu2HAmQQme9sE8LEBoUdE7gkuaQBUkTmPtQSwEPhvWBK6GTZ16,,,,,,,,,,,,,,,,,,,,,,,,,,,,,147.0,,,,,,,,,,,,,,,,,,,,,,,,,,,,,,,,,,,,,,,,,,,,,,,,,,,2026-01-07 20:20:56.394000+00:00,
2026-01-07T20:20:56.412Z,DIAL_SUCCESS,16Uiu2HAm9nL4jPyR6Cotu2C5WLhGch1tV4ht5qNFQ3kojjdXZ5Eu,,,,,,,,,,,,,,,,,,,,,,,,,,,,,164.0,,,,,,,,,,,,,,,,,,,,,,,,,,,,,,,,,,,,,,,,,,,,,,,,,,,2026-01-07 20:20:56.412000+00:00,
2026-01-07T20:20:56.472Z,DIAL_SUCCESS,16Uiu2HAmJJGHpkhBSkY8ZBfgPZX4Xjw5vEnGhXsDdEyWNuLX2jqf,,,,,,,,,,,,,,,,,,,,,,,,,,,,,223.0,,,,,,,,,,,,,,,,,,,,,,,,,,,,,,,,,,,,,,,,,,,,,,,,,,,2026-01-07 20:20:56.472000+00:00,
2026-01-07T20:20:56.533Z,DIAL_CHECK_START,16Uiu2HAm3F9QtNrmVC1hgTSQbSE31EV76Zp52biqPry8pYiZadvg,,,,,,,,,,,,,,,,,,,,,,,,64.0,4.0,6974.0,,,,,,,,,,,,,,,,,,,,,,,,,,,,,,,,,,,,,,,,,,,,,,,,,,,,,,2026-01-07 20:20:56.533000+00:00,
2026-01-07T20:20:56.533Z,DIAL_ATTEMPT_START,16Uiu2HAm3F9QtNrmVC1hgTSQbSE31EV76Zp52biqPry8pYiZadvg,,,,,,,,,,,,,,,,,,,6974.0,,,,1767817256533.0,,,,,,,,,,,,,,,,,,,,,,,,,,,,,,,,,,,,,,,,,,,,,,,,,,,,,,,,,2026-01-07 20:20:56.533000+00:00,
2026-01-07T20:20:56.533Z,DISCOVERY_DIAL_DECISION,16Uiu2HAm3F9QtNrmVC1hgTSQbSE31EV76Zp52biqPry8pYiZadvg,,,,,,,,,,,,,,,,,,,,,,,,64.0,4.0,,attempt_dial,,,,,,,,,,,,,,,,,,,,,,,,,,,,,,,,,,,,,,,,,,,,,,,,,,,,,2026-01-07 20:20:56.533000+00:00,
2026-01-07T20:20:56.537Z,DIAL_CHECK_START,16Uiu2HAm3F9QtNrmVC1hgTSQbSE31EV76Zp52biqPry8pYiZadvg,,,,,,,,,,,,,,,,,,,,,,,,0.0,0.0,6973.0,,,,,,,,,,,,,,,,,,,,,,,,,,,,,,,,,,,,,,,,,,,,,,,,,,,,,,2026-01-07 20:20:56.537000+00:00,
2026-01-07T20:20:56.537Z,DIAL_ATTEMPT_START,16Uiu2HAm3F9QtNrmVC1hgTSQbSE31EV76Zp52biqPry8pYiZadvg,,,,,,,,,,,,,,,,,,,6973.0,,,,1767817256537.0,,,,,,,,,,,,,,,,,,,,,,,,,,,,,,,,,,,,,,,,,,,,,,,,,,,,,,,,,2026-01-07 20:20:56.537000+00:00,
2026-01-07T20:20:56.537Z,DISCOVERY_DIAL_DECISION,16Uiu2HAm3F9QtNrmVC1hgTSQbSE31EV76Zp52biqPry8pYiZadvg,,,,,,,,,,,,,,,,,,,,,,,,0.0,0.0,,attempt_dial,,,,,,,,,,,,,,,,,,,,,,,,,,,,,,,,,,,,,,,,,,,,,,,,,,,,,2026-01-07 20:20:56.537000+00:00,
2026-01-07T20:20:57.005Z,DIAL_SUCCESS,16Uiu2HAm3F9QtNrmVC1hgTSQbSE31EV76Zp52biqPry8pYiZadvg,,,,,,,,,,,,,,,,,,,,,,,,,,,,,468.0,,,,,,,,,,,,,,,,,,,,,,,,,,,,,,,,,,,,,,,,,,,,,,,,,,,2026-01-07 20:20:57.005000+00:00,
2026-01-07T20:20:57.005Z,DIAL_SUCCESS,16Uiu2HAm3F9QtNrmVC1hgTSQbSE31EV76Zp52biqPry8pYiZadvg,,,,,,,,,,,,,,,,,,,,,,,,,,,,,472.0,,,,,,,,,,,,,,,,,,,,,,,,,,,,,,,,,,,,,,,,,,,,,,,,,,,2026-01-07 20:20:57.005000+00:00,
2026-01-07T20:21:12.429Z,DIAL_CHECK_START,16Uiu2HAm2AJ22sLuCDoMZf5uedud7zzz57SppB3KPywrEeV5RD11,,,,,,,,,,,,,,,,,,,,,,,,2.0,0.0,6972.0,,,,,,,,,,,,,,,,,,,,,,,,,,,,,,,,,,,,,,,,,,,,,,,,,,,,,,2026-01-07 20:21:12.429000+00:00,
2026-01-07T20:21:12.429Z,DIAL_ATTEMPT_START,16Uiu2HAm2AJ22sLuCDoMZf5uedud7zzz57SppB3KPywrEeV5RD11,,,,,,,,,,,,,,,,,,,6972.0,,,,1767817272429.0,,,,,,,,,,,,,,,,,,,,,,,,,,,,,,,,,,,,,,,,,,,,,,,,,,,,,,,,,2026-01-07 20:21:12.429000+00:00,
2026-01-07T20:21:12.429Z,DISCOVERY_DIAL_DECISION,16Uiu2HAm2AJ22sLuCDoMZf5uedud7zzz57SppB3KPywrEeV5RD11,,,,,,,,,,,,,,,,,,,,,,,,2.0,0.0,,attempt_dial,,,,,,,,,,,,,,,,,,,,,,,,,,,,,,,,,,,,,,,,,,,,,,,,,,,,,2026-01-07 20:21:12.429000+00:00,
2026-01-07T20:21:12.432Z,DIAL_CHECK_START,16Uiu2HAm2AJ22sLuCDoMZf5uedud7zzz57SppB3KPywrEeV5RD11,,,,,,,,,,,,,,,,,,,,,,,,0.0,0.0,6971.0,,,,,,,,,,,,,,,,,,,,,,,,,,,,,,,,,,,,,,,,,,,,,,,,,,,,,,2026-01-07 20:21:12.432000+00:00,
2026-01-07T20:21:12.432Z,DIAL_ATTEMPT_START,16Uiu2HAm2AJ22sLuCDoMZf5uedud7zzz57SppB3KPywrEeV5RD11,,,,,,,,,,,,,,,,,,,6971.0,,,,1767817272432.0,,,,,,,,,,,,,,,,,,,,,,,,,,,,,,,,,,,,,,,,,,,,,,,,,,,,,,,,,2026-01-07 20:21:12.432000+00:00,
2026-01-07T20:21:12.432Z,DISCOVERY_DIAL_DECISION,16Uiu2HAm2AJ22sLuCDoMZf5uedud7zzz57SppB3KPywrEeV5RD11,,,,,,,,,,,,,,,,,,,,,,,,0.0,0.0,,attempt_dial,,,,,,,,,,,,,,,,,,,,,,,,,,,,,,,,,,,,,,,,,,,,,,,,,,,,,2026-01-07 20:21:12.432000+00:00,
2026-01-07T20:21:12.895Z,DIAL_SUCCESS,16Uiu2HAm2AJ22sLuCDoMZf5uedud7zzz57SppB3KPywrEeV5RD11,,,,,,,,,,,,,,,,,,,,,,,,,,,,,463.0,,,,,,,,,,,,,,,,,,,,,,,,,,,,,,,,,,,,,,,,,,,,,,,,,,,2026-01-07 20:21:12.895000+00:00,
2026-01-07T20:21:12.895Z,DIAL_SUCCESS,16Uiu2HAm2AJ22sLuCDoMZf5uedud7zzz57SppB3KPywrEeV5RD11,,,,,,,,,,,,,,,,,,,,,,,,,,,,,466.0,,,,,,,,,,,,,,,,,,,,,,,,,,,,,,,,,,,,,,,,,,,,,,,,,,,2026-01-07 20:21:12.895000+00:00,
2026-01-07T20:21:26.138Z,HEARTBEAT_DISCOVERY_NEEDED,unknown,,,,,,,,179.0,0.0,none,2.0,0.0,0.0,NO,0.0,0.0,9340307.0,9340307.0,,,,,,,,,,,,,,,,,,,,,,,,,,,,,,,,,,,,,,,,,,,,,,,,,,,,,,,,,,,,,,2026-01-07 20:21:26.138000+00:00,
2026-01-07T20:21:26.138Z,DISCOVERY_START,discovery,,,,,,,,,,,,,,,,,,,179.0,,2.0,,,,,,,,,,,,,,,,,,,,,,,,,,,,,,,,,,,,,,,,,,,,,,,,,,,,,,,,,,,2026-01-07 20:21:26.138000+00:00,
2026-01-07T20:21:29.191Z,DIAL_CHECK_START,16Uiu2HAm2AJ22sLuCDoMZf5uedud7zzz57SppB3KPywrEeV5RD11,,,,,,,,,,,,,,,,,,,,,,,,2.0,0.0,7149.0,,,,,,,,,,,,,,,,,,,,,,,,,,,,,,,,,,,,,,,,,,,,,,,,,,,,,,2026-01-07 20:21:29.191000+00:00,
2026-01-07T20:21:29.191Z,DIAL_ATTEMPT_START,16Uiu2HAm2AJ22sLuCDoMZf5uedud7zzz57SppB3KPywrEeV5RD11,,,,,,,,,,,,,,,,,,,7149.0,,,,1767817289191.0,,,,,,,,,,,,,,,,,,,,,,,,,,,,,,,,,,,,,,,,,,,,,,,,,,,,,,,,,2026-01-07 20:21:29.191000+00:00,
2026-01-07T20:21:29.191Z,DISCOVERY_DIAL_DECISION,16Uiu2HAm2AJ22sLuCDoMZf5uedud7zzz57SppB3KPywrEeV5RD11,,,,,,,,,,,,,,,,,,,,,,,,2.0,0.0,,attempt_dial,,,,,,,,,,,,,,,,,,,,,,,,,,,,,,,,,,,,,,,,,,,,,,,,,,,,,2026-01-07 20:21:29.191000+00:00,
2026-01-07T20:21:29.672Z,DIAL_SUCCESS,16Uiu2HAm2AJ22sLuCDoMZf5uedud7zzz57SppB3KPywrEeV5RD11,,,,,,,,,,,,,,,,,,,,,,,,,,,,,481.0,,,,,,,,,,,,,,,,,,,,,,,,,,,,,,,,,,,,,,,,,,,,,,,,,,,2026-01-07 20:21:29.672000+00:00,
2026-01-07T20:21:39.725Z,DIAL_CHECK_START,16Uiu2HAmNUVyXErtpK6E32FbbEwdhSrzfyCLiAKmTTPoFHGdkMeY,,,,,,,,,,,,,,,,,,,,,,,,2.0,0.0,7148.0,,,,,,,,,,,,,,,,,,,,,,,,,,,,,,,,,,,,,,,,,,,,,,,,,,,,,,2026-01-07 20:21:39.725000+00:00,
2026-01-07T20:21:39.725Z,DIAL_ATTEMPT_START,16Uiu2HAmNUVyXErtpK6E32FbbEwdhSrzfyCLiAKmTTPoFHGdkMeY,,,,,,,,,,,,,,,,,,,7148.0,,,,1767817299725.0,,,,,,,,,,,,,,,,,,,,,,,,,,,,,,,,,,,,,,,,,,,,,,,,,,,,,,,,,2026-01-07 20:21:39.725000+00:00,
2026-01-07T20:21:39.725Z,DISCOVERY_DIAL_DECISION,16Uiu2HAmNUVyXErtpK6E32FbbEwdhSrzfyCLiAKmTTPoFHGdkMeY,,,,,,,,,,,,,,,,,,,,,,,,2.0,0.0,,attempt_dial,,,,,,,,,,,,,,,,,,,,,,,,,,,,,,,,,,,,,,,,,,,,,,,,,,,,,2026-01-07 20:21:39.725000+00:00,
2026-01-07T20:21:39.726Z,DIAL_CHECK_START,16Uiu2HAmNUVyXErtpK6E32FbbEwdhSrzfyCLiAKmTTPoFHGdkMeY,,,,,,,,,,,,,,,,,,,,,,,,0.0,0.0,7147.0,,,,,,,,,,,,,,,,,,,,,,,,,,,,,,,,,,,,,,,,,,,,,,,,,,,,,,2026-01-07 20:21:39.726000+00:00,
2026-01-07T20:21:39.726Z,DIAL_ATTEMPT_START,16Uiu2HAmNUVyXErtpK6E32FbbEwdhSrzfyCLiAKmTTPoFHGdkMeY,,,,,,,,,,,,,,,,,,,7147.0,,,,1767817299726.0,,,,,,,,,,,,,,,,,,,,,,,,,,,,,,,,,,,,,,,,,,,,,,,,,,,,,,,,,2026-01-07 20:21:39.726000+00:00,
2026-01-07T20:21:39.726Z,DISCOVERY_DIAL_DECISION,16Uiu2HAmNUVyXErtpK6E32FbbEwdhSrzfyCLiAKmTTPoFHGdkMeY,,,,,,,,,,,,,,,,,,,,,,,,0.0,0.0,,attempt_dial,,,,,,,,,,,,,,,,,,,,,,,,,,,,,,,,,,,,,,,,,,,,,,,,,,,,,2026-01-07 20:21:39.726000+00:00,
2026-01-07T20:21:52.931Z,DIAL_CHECK_START,16Uiu2HAmUYbNWbHkAobyuEk8YaXSDwziGpvQxQW1XZovCUidikpj,,,,,,,,,,,,,,,,,,,,,,,,64.0,4.0,7146.0,,,,,,,,,,,,,,,,,,,,,,,,,,,,,,,,,,,,,,,,,,,,,,,,,,,,,,2026-01-07 20:21:52.931000+00:00,
2026-01-07T20:21:52.931Z,DIAL_ATTEMPT_START,16Uiu2HAmUYbNWbHkAobyuEk8YaXSDwziGpvQxQW1XZovCUidikpj,,,,,,,,,,,,,,,,,,,7146.0,,,,1767817312931.0,,,,,,,,,,,,,,,,,,,,,,,,,,,,,,,,,,,,,,,,,,,,,,,,,,,,,,,,,2026-01-07 20:21:52.931000+00:00,
2026-01-07T20:21:52.931Z,DISCOVERY_DIAL_DECISION,16Uiu2HAmUYbNWbHkAobyuEk8YaXSDwziGpvQxQW1XZovCUidikpj,,,,,,,,,,,,,,,,,,,,,,,,64.0,4.0,,attempt_dial,,,,,,,,,,,,,,,,,,,,,,,,,,,,,,,,,,,,,,,,,,,,,,,,,,,,,2026-01-07 20:21:52.931000+00:00,
2026-01-07T20:21:52.932Z,DIAL_CHECK_START,16Uiu2HAmUYbNWbHkAobyuEk8YaXSDwziGpvQxQW1XZovCUidikpj,,,,,,,,,,,,,,,,,,,,,,,,0.0,0.0,7145.0,,,,,,,,,,,,,,,,,,,,,,,,,,,,,,,,,,,,,,,,,,,,,,,,,,,,,,2026-01-07 20:21:52.932000+00:00,
2026-01-07T20:21:52.932Z,DIAL_ATTEMPT_START,16Uiu2HAmUYbNWbHkAobyuEk8YaXSDwziGpvQxQW1XZovCUidikpj,,,,,,,,,,,,,,,,,,,7145.0,,,,1767817312932.0,,,,,,,,,,,,,,,,,,,,,,,,,,,,,,,,,,,,,,,,,,,,,,,,,,,,,,,,,2026-01-07 20:21:52.932000+00:00,
2026-01-07T20:21:52.932Z,DISCOVERY_DIAL_DECISION,16Uiu2HAmUYbNWbHkAobyuEk8YaXSDwziGpvQxQW1XZovCUidikpj,,,,,,,,,,,,,,,,,,,,,,,,0.0,0.0,,attempt_dial,,,,,,,,,,,,,,,,,,,,,,,,,,,,,,,,,,,,,,,,,,,,,,,,,,,,,2026-01-07 20:21:52.932000+00:00,
2026-01-07T20:21:53.424Z,DIAL_SUCCESS,16Uiu2HAmUYbNWbHkAobyuEk8YaXSDwziGpvQxQW1XZovCUidikpj,,,,,,,,,,,,,,,,,,,,,,,,,,,,,492.0,,,,,,,,,,,,,,,,,,,,,,,,,,,,,,,,,,,,,,,,,,,,,,,,,,,2026-01-07 20:21:53.424000+00:00,
2026-01-07T20:21:53.424Z,DIAL_SUCCESS,16Uiu2HAmUYbNWbHkAobyuEk8YaXSDwziGpvQxQW1XZovCUidikpj,,,,,,,,,,,,,,,,,,,,,,,,,,,,,493.0,,,,,,,,,,,,,,,,,,,,,,,,,,,,,,,,,,,,,,,,,,,,,,,,,,,2026-01-07 20:21:53.424000+00:00,
2026-01-07T20:21:54.090Z,DIAL_CHECK_START,16Uiu2HAkzeqT9kafFwKJadNJ8W1BAxqZ4HDfvhUprZ8YMVKNoVZj,,,,,,,,,,,,,,,,,,,,,,,,2.0,0.0,7144.0,,,,,,,,,,,,,,,,,,,,,,,,,,,,,,,,,,,,,,,,,,,,,,,,,,,,,,2026-01-07 20:21:54.090000+00:00,
2026-01-07T20:21:54.090Z,DIAL_ATTEMPT_START,16Uiu2HAkzeqT9kafFwKJadNJ8W1BAxqZ4HDfvhUprZ8YMVKNoVZj,,,,,,,,,,,,,,,,,,,7144.0,,,,1767817314090.0,,,,,,,,,,,,,,,,,,,,,,,,,,,,,,,,,,,,,,,,,,,,,,,,,,,,,,,,,2026-01-07 20:21:54.090000+00:00,
2026-01-07T20:21:54.090Z,DISCOVERY_DIAL_DECISION,16Uiu2HAkzeqT9kafFwKJadNJ8W1BAxqZ4HDfvhUprZ8YMVKNoVZj,,,,,,,,,,,,,,,,,,,,,,,,2.0,0.0,,attempt_dial,,,,,,,,,,,,,,,,,,,,,,,,,,,,,,,,,,,,,,,,,,,,,,,,,,,,,2026-01-07 20:21:54.090000+00:00,
2026-01-07T20:21:54.091Z,DIAL_CHECK_START,16Uiu2HAkzeqT9kafFwKJadNJ8W1BAxqZ4HDfvhUprZ8YMVKNoVZj,,,,,,,,,,,,,,,,,,,,,,,,0.0,0.0,7143.0,,,,,,,,,,,,,,,,,,,,,,,,,,,,,,,,,,,,,,,,,,,,,,,,,,,,,,2026-01-07 20:21:54.091000+00:00,
2026-01-07T20:21:54.091Z,DIAL_ATTEMPT_START,16Uiu2HAkzeqT9kafFwKJadNJ8W1BAxqZ4HDfvhUprZ8YMVKNoVZj,,,,,,,,,,,,,,,,,,,7143.0,,,,1767817314091.0,,,,,,,,,,,,,,,,,,,,,,,,,,,,,,,,,,,,,,,,,,,,,,,,,,,,,,,,,2026-01-07 20:21:54.091000+00:00,
2026-01-07T20:21:54.091Z,DISCOVERY_DIAL_DECISION,16Uiu2HAkzeqT9kafFwKJadNJ8W1BAxqZ4HDfvhUprZ8YMVKNoVZj,,,,,,,,,,,,,,,,,,,,,,,,0.0,0.0,,attempt_dial,,,,,,,,,,,,,,,,,,,,,,,,,,,,,,,,,,,,,,,,,,,,,,,,,,,,,2026-01-07 20:21:54.091000+00:00,
2026-01-07T20:21:54.135Z,DIAL_FAILURE,16Uiu2HAkzeqT9kafFwKJadNJ8W1BAxqZ4HDfvhUprZ8YMVKNoVZj,,,,,,,,,,,,,,,,,,,,,,,,,,,,connection error 34.34.1.132:9004: connect ECONNREFUSED 34.34.1.132:9004,44.0,,,,,,,,,,,,,,,,,,,,,,,,,,,,,,,,,,,,,,,,,,,,,,,,,,,2026-01-07 20:21:54.135000+00:00,
2026-01-07T20:21:54.135Z,DIAL_FAILURE,16Uiu2HAkzeqT9kafFwKJadNJ8W1BAxqZ4HDfvhUprZ8YMVKNoVZj,,,,,,,,,,,,,,,,,,,,,,,,,,,,connection error 34.34.1.132:9004: connect ECONNREFUSED 34.34.1.132:9004,45.0,,,,,,,,,,,,,,,,,,,,,,,,,,,,,,,,,,,,,,,,,,,,,,,,,,,2026-01-07 20:21:54.135000+00:00,
2026-01-07T20:21:56.138Z,HEARTBEAT_DISCOVERY_NEEDED,unknown,,,,,,,,179.0,0.0,none,2.0,0.0,0.0,NO,0.0,0.0,9340309.0,9340309.0,,,,,,,,,,,,,,,,,,,,,,,,,,,,,,,,,,,,,,,,,,,,,,,,,,,,,,,,,,,,,,2026-01-07 20:21:56.138000+00:00,
2026-01-07T20:21:56.138Z,DISCOVERY_START,discovery,,,,,,,,,,,,,,,,,,,179.0,,2.0,,,,,,,,,,,,,,,,,,,,,,,,,,,,,,,,,,,,,,,,,,,,,,,,,,,,,,,,,,,2026-01-07 20:21:56.138000+00:00,
2026-01-07T20:21:56.151Z,DISCOVERY_FINDNODE_RESULT,unknown,,,,,,,,,,,,,,,,,,,,,,,,,,,,,,,,,,,,,,,,,,,,,,,,,,,,,,,,,,,,,,,,,,,16.0,60015.0,,,,,,,,,,,,2026-01-07 20:21:56.151000+00:00,
2026-01-07T20:22:26.139Z,HEARTBEAT_DISCOVERY_NEEDED,unknown,,,,,,,,182.0,0.0,none,2.0,0.0,0.0,NO,0.0,0.0,9340312.0,9340312.0,,,,,,,,,,,,,,,,,,,,,,,,,,,,,,,,,,,,,,,,,,,,,,,,,,,,,,,,,,,,,,2026-01-07 20:22:26.139000+00:00,
2026-01-07T20:22:26.139Z,DISCOVERY_START,discovery,,,,,,,,,,,,,,,,,,,182.0,,2.0,,,,,,,,,,,,,,,,,,,,,,,,,,,,,,,,,,,,,,,,,,,,,,,,,,,,,,,,,,,2026-01-07 20:22:26.139000+00:00,
2026-01-07T20:22:26.139Z,DISCOVERY_FINDNODE_START,unknown,,,,,,,,,,,,,,,,,,,7503.0,,,0.0,1767817346139.0,,,,,,,,,,,,,,,,,,,,,,,,,,,,,,,,,,,,,,,,,,,,,,,,,,,,,,,,,2026-01-07 20:22:26.139000+00:00,
2026-01-07T20:22:26.256Z,DIAL_CHECK_START,16Uiu2HAkymr6scyqPG9gzZkaqobYyKkHfqv2EjJs67MfjUY1T1iQ,,,,,,,,,,,,,,,,,,,,,,,,2.0,0.0,7503.0,,,,,,,,,,,,,,,,,,,,,,,,,,,,,,,,,,,,,,,,,,,,,,,,,,,,,,2026-01-07 20:22:26.256000+00:00,
2026-01-07T20:22:26.256Z,DIAL_ATTEMPT_START,16Uiu2HAkymr6scyqPG9gzZkaqobYyKkHfqv2EjJs67MfjUY1T1iQ,,,,,,,,,,,,,,,,,,,7503.0,,,,1767817346256.0,,,,,,,,,,,,,,,,,,,,,,,,,,,,,,,,,,,,,,,,,,,,,,,,,,,,,,,,,2026-01-07 20:22:26.256000+00:00,
2026-01-07T20:22:26.256Z,DISCOVERY_DIAL_DECISION,16Uiu2HAkymr6scyqPG9gzZkaqobYyKkHfqv2EjJs67MfjUY1T1iQ,,,,,,,,,,,,,,,,,,,,,,,,2.0,0.0,,attempt_dial,,,,,,,,,,,,,,,,,,,,,,,,,,,,,,,,,,,,,,,,,,,,,,,,,,,,,2026-01-07 20:22:26.256000+00:00,
2026-01-07T20:22:26.294Z,DIAL_CHECK_START,16Uiu2HAmQmpThYcwN73g2qb4GZcdyWjwq1M544y1MngmdD6KcwNp,,,,,,,,,,,,,,,,,,,,,,,,2.0,0.0,7502.0,,,,,,,,,,,,,,,,,,,,,,,,,,,,,,,,,,,,,,,,,,,,,,,,,,,,,,2026-01-07 20:22:26.294000+00:00,
2026-01-07T20:22:26.294Z,DIAL_ATTEMPT_START,16Uiu2HAmQmpThYcwN73g2qb4GZcdyWjwq1M544y1MngmdD6KcwNp,,,,,,,,,,,,,,,,,,,7502.0,,,,1767817346294.0,,,,,,,,,,,,,,,,,,,,,,,,,,,,,,,,,,,,,,,,,,,,,,,,,,,,,,,,,2026-01-07 20:22:26.294000+00:00,
2026-01-07T20:22:26.294Z,DISCOVERY_DIAL_DECISION,16Uiu2HAmQmpThYcwN73g2qb4GZcdyWjwq1M544y1MngmdD6KcwNp,,,,,,,,,,,,,,,,,,,,,,,,2.0,0.0,,attempt_dial,,,,,,,,,,,,,,,,,,,,,,,,,,,,,,,,,,,,,,,,,,,,,,,,,,,,,2026-01-07 20:22:26.294000+00:00,
2026-01-07T20:22:26.403Z,DIAL_SUCCESS,16Uiu2HAkymr6scyqPG9gzZkaqobYyKkHfqv2EjJs67MfjUY1T1iQ,,,,,,,,,,,,,,,,,,,,,,,,,,,,,147.0,,,,,,,,,,,,,,,,,,,,,,,,,,,,,,,,,,,,,,,,,,,,,,,,,,,2026-01-07 20:22:26.403000+00:00,
2026-01-07T20:22:26.788Z,DIAL_SUCCESS,16Uiu2HAmQmpThYcwN73g2qb4GZcdyWjwq1M544y1MngmdD6KcwNp,,,,,,,,,,,,,,,,,,,,,,,,,,,,,494.0,,,,,,,,,,,,,,,,,,,,,,,,,,,,,,,,,,,,,,,,,,,,,,,,,,,2026-01-07 20:22:26.788000+00:00,
2026-01-07T20:22:31.875Z,DIAL_CHECK_START,16Uiu2HAmH26nUnN21UTjLgWPhm7fWwrfRuqjjJmEAtfGD44ezreF,,,,,,,,,,,,,,,,,,,,,,,,2.0,0.0,7501.0,,,,,,,,,,,,,,,,,,,,,,,,,,,,,,,,,,,,,,,,,,,,,,,,,,,,,,2026-01-07 20:22:31.875000+00:00,
2026-01-07T20:22:31.875Z,DIAL_ATTEMPT_START,16Uiu2HAmH26nUnN21UTjLgWPhm7fWwrfRuqjjJmEAtfGD44ezreF,,,,,,,,,,,,,,,,,,,7501.0,,,,1767817351875.0,,,,,,,,,,,,,,,,,,,,,,,,,,,,,,,,,,,,,,,,,,,,,,,,,,,,,,,,,2026-01-07 20:22:31.875000+00:00,
2026-01-07T20:22:31.875Z,DISCOVERY_DIAL_DECISION,16Uiu2HAmH26nUnN21UTjLgWPhm7fWwrfRuqjjJmEAtfGD44ezreF,,,,,,,,,,,,,,,,,,,,,,,,2.0,0.0,,attempt_dial,,,,,,,,,,,,,,,,,,,,,,,,,,,,,,,,,,,,,,,,,,,,,,,,,,,,,2026-01-07 20:22:31.875000+00:00,
2026-01-07T20:22:31.876Z,DIAL_CHECK_START,16Uiu2HAmH26nUnN21UTjLgWPhm7fWwrfRuqjjJmEAtfGD44ezreF,,,,,,,,,,,,,,,,,,,,,,,,0.0,0.0,7500.0,,,,,,,,,,,,,,,,,,,,,,,,,,,,,,,,,,,,,,,,,,,,,,,,,,,,,,2026-01-07 20:22:31.876000+00:00,
2026-01-07T20:22:31.876Z,DIAL_ATTEMPT_START,16Uiu2HAmH26nUnN21UTjLgWPhm7fWwrfRuqjjJmEAtfGD44ezreF,,,,,,,,,,,,,,,,,,,7500.0,,,,1767817351876.0,,,,,,,,,,,,,,,,,,,,,,,,,,,,,,,,,,,,,,,,,,,,,,,,,,,,,,,,,2026-01-07 20:22:31.876000+00:00,
2026-01-07T20:22:31.876Z,DISCOVERY_DIAL_DECISION,16Uiu2HAmH26nUnN21UTjLgWPhm7fWwrfRuqjjJmEAtfGD44ezreF,,,,,,,,,,,,,,,,,,,,,,,,0.0,0.0,,attempt_dial,,,,,,,,,,,,,,,,,,,,,,,,,,,,,,,,,,,,,,,,,,,,,,,,,,,,,2026-01-07 20:22:31.876000+00:00,
2026-01-07T20:22:52.240Z,DIAL_CHECK_START,16Uiu2HAm4YBhFT692oM7RmDj5JSc6haw11TCAMLxkVD1J1K9pd62,,,,,,,,,,,,,,,,,,,,,,,,2.0,0.0,7499.0,,,,,,,,,,,,,,,,,,,,,,,,,,,,,,,,,,,,,,,,,,,,,,,,,,,,,,2026-01-07 20:22:52.240000+00:00,
2026-01-07T20:22:52.240Z,DIAL_ATTEMPT_START,16Uiu2HAm4YBhFT692oM7RmDj5JSc6haw11TCAMLxkVD1J1K9pd62,,,,,,,,,,,,,,,,,,,7499.0,,,,1767817372240.0,,,,,,,,,,,,,,,,,,,,,,,,,,,,,,,,,,,,,,,,,,,,,,,,,,,,,,,,,2026-01-07 20:22:52.240000+00:00,
2026-01-07T20:22:52.240Z,DISCOVERY_DIAL_DECISION,16Uiu2HAm4YBhFT692oM7RmDj5JSc6haw11TCAMLxkVD1J1K9pd62,,,,,,,,,,,,,,,,,,,,,,,,2.0,0.0,,attempt_dial,,,,,,,,,,,,,,,,,,,,,,,,,,,,,,,,,,,,,,,,,,,,,,,,,,,,,2026-01-07 20:22:52.240000+00:00,
2026-01-07T20:22:52.242Z,DIAL_CHECK_START,16Uiu2HAm4YBhFT692oM7RmDj5JSc6haw11TCAMLxkVD1J1K9pd62,,,,,,,,,,,,,,,,,,,,,,,,0.0,0.0,7498.0,,,,,,,,,,,,,,,,,,,,,,,,,,,,,,,,,,,,,,,,,,,,,,,,,,,,,,2026-01-07 20:22:52.242000+00:00,
2026-01-07T20:22:52.242Z,DIAL_ATTEMPT_START,16Uiu2HAm4YBhFT692oM7RmDj5JSc6haw11TCAMLxkVD1J1K9pd62,,,,,,,,,,,,,,,,,,,7498.0,,,,1767817372242.0,,,,,,,,,,,,,,,,,,,,,,,,,,,,,,,,,,,,,,,,,,,,,,,,,,,,,,,,,2026-01-07 20:22:52.242000+00:00,
2026-01-07T20:22:52.242Z,DISCOVERY_DIAL_DECISION,16Uiu2HAm4YBhFT692oM7RmDj5JSc6haw11TCAMLxkVD1J1K9pd62,,,,,,,,,,,,,,,,,,,,,,,,0.0,0.0,,attempt_dial,,,,,,,,,,,,,,,,,,,,,,,,,,,,,,,,,,,,,,,,,,,,,,,,,,,,,2026-01-07 20:22:52.242000+00:00,
2026-01-07T20:22:56.140Z,HEARTBEAT_DISCOVERY_NEEDED,unknown,,,,,,,,185.0,0.0,none,2.0,0.0,0.0,NO,0.0,0.0,9340314.0,9340314.0,,,,,,,,,,,,,,,,,,,,,,,,,,,,,,,,,,,,,,,,,,,,,,,,,,,,,,,,,,,,,,2026-01-07 20:22:56.140000+00:00,
2026-01-07T20:22:56.140Z,DISCOVERY_START,discovery,,,,,,,,,,,,,,,,,,,185.0,,2.0,,,,,,,,,,,,,,,,,,,,,,,,,,,,,,,,,,,,,,,,,,,,,,,,,,,,,,,,,,,2026-01-07 20:22:56.140000+00:00,
2026-01-07T20:23:07.107Z,DIAL_CHECK_START,16Uiu2HAm9U9Sp82KvPzj7NpkXQKsvgag1Yks2qBjcWpD7aF6eNi2,,,,,,,,,,,,,,,,,,,,,,,,2.0,0.0,7682.0,,,,,,,,,,,,,,,,,,,,,,,,,,,,,,,,,,,,,,,,,,,,,,,,,,,,,,2026-01-07 20:23:07.107000+00:00,
2026-01-07T20:23:07.107Z,DIAL_ATTEMPT_START,16Uiu2HAm9U9Sp82KvPzj7NpkXQKsvgag1Yks2qBjcWpD7aF6eNi2,,,,,,,,,,,,,,,,,,,7682.0,,,,1767817387107.0,,,,,,,,,,,,,,,,,,,,,,,,,,,,,,,,,,,,,,,,,,,,,,,,,,,,,,,,,2026-01-07 20:23:07.107000+00:00,
2026-01-07T20:23:07.107Z,DISCOVERY_DIAL_DECISION,16Uiu2HAm9U9Sp82KvPzj7NpkXQKsvgag1Yks2qBjcWpD7aF6eNi2,,,,,,,,,,,,,,,,,,,,,,,,2.0,0.0,,attempt_dial,,,,,,,,,,,,,,,,,,,,,,,,,,,,,,,,,,,,,,,,,,,,,,,,,,,,,2026-01-07 20:23:07.107000+00:00,
2026-01-07T20:23:07.108Z,DIAL_CHECK_START,16Uiu2HAm9U9Sp82KvPzj7NpkXQKsvgag1Yks2qBjcWpD7aF6eNi2,,,,,,,,,,,,,,,,,,,,,,,,0.0,0.0,7681.0,,,,,,,,,,,,,,,,,,,,,,,,,,,,,,,,,,,,,,,,,,,,,,,,,,,,,,2026-01-07 20:23:07.108000+00:00,
2026-01-07T20:23:07.108Z,DIAL_ATTEMPT_START,16Uiu2HAm9U9Sp82KvPzj7NpkXQKsvgag1Yks2qBjcWpD7aF6eNi2,,,,,,,,,,,,,,,,,,,7681.0,,,,1767817387108.0,,,,,,,,,,,,,,,,,,,,,,,,,,,,,,,,,,,,,,,,,,,,,,,,,,,,,,,,,2026-01-07 20:23:07.108000+00:00,
2026-01-07T20:23:07.108Z,DISCOVERY_DIAL_DECISION,16Uiu2HAm9U9Sp82KvPzj7NpkXQKsvgag1Yks2qBjcWpD7aF6eNi2,,,,,,,,,,,,,,,,,,,,,,,,0.0,0.0,,attempt_dial,,,,,,,,,,,,,,,,,,,,,,,,,,,,,,,,,,,,,,,,,,,,,,,,,,,,,2026-01-07 20:23:07.108000+00:00,
2026-01-07T20:23:07.296Z,DIAL_SUCCESS,16Uiu2HAm9U9Sp82KvPzj7NpkXQKsvgag1Yks2qBjcWpD7aF6eNi2,,,,,,,,,,,,,,,,,,,,,,,,,,,,,188.0,,,,,,,,,,,,,,,,,,,,,,,,,,,,,,,,,,,,,,,,,,,,,,,,,,,2026-01-07 20:23:07.296000+00:00,
2026-01-07T20:23:07.296Z,DIAL_SUCCESS,16Uiu2HAm9U9Sp82KvPzj7NpkXQKsvgag1Yks2qBjcWpD7aF6eNi2,,,,,,,,,,,,,,,,,,,,,,,,,,,,,189.0,,,,,,,,,,,,,,,,,,,,,,,,,,,,,,,,,,,,,,,,,,,,,,,,,,,2026-01-07 20:23:07.296000+00:00,
2026-01-07T20:23:10.380Z,DIAL_CHECK_START,16Uiu2HAmLe5GvFCbvkuL3dHUH7V5UjMW48LdeLu7LLniu4Wu3sCT,,,,,,,,,,,,,,,,,,,,,,,,2.0,0.0,7680.0,,,,,,,,,,,,,,,,,,,,,,,,,,,,,,,,,,,,,,,,,,,,,,,,,,,,,,2026-01-07 20:23:10.380000+00:00,
2026-01-07T20:23:10.380Z,DIAL_ATTEMPT_START,16Uiu2HAmLe5GvFCbvkuL3dHUH7V5UjMW48LdeLu7LLniu4Wu3sCT,,,,,,,,,,,,,,,,,,,7680.0,,,,1767817390380.0,,,,,,,,,,,,,,,,,,,,,,,,,,,,,,,,,,,,,,,,,,,,,,,,,,,,,,,,,2026-01-07 20:23:10.380000+00:00,
2026-01-07T20:23:10.380Z,DISCOVERY_DIAL_DECISION,16Uiu2HAmLe5GvFCbvkuL3dHUH7V5UjMW48LdeLu7LLniu4Wu3sCT,,,,,,,,,,,,,,,,,,,,,,,,2.0,0.0,,attempt_dial,,,,,,,,,,,,,,,,,,,,,,,,,,,,,,,,,,,,,,,,,,,,,,,,,,,,,2026-01-07 20:23:10.380000+00:00,
2026-01-07T20:23:10.529Z,DIAL_SUCCESS,16Uiu2HAmLe5GvFCbvkuL3dHUH7V5UjMW48LdeLu7LLniu4Wu3sCT,,,,,,,,,,,,,,,,,,,,,,,,,,,,,149.0,,,,,,,,,,,,,,,,,,,,,,,,,,,,,,,,,,,,,,,,,,,,,,,,,,,2026-01-07 20:23:10.529000+00:00,
2026-01-07T20:23:12.938Z,DIAL_CHECK_START,16Uiu2HAm4WjA4PaK8f5fWqAuFYrP9khBLTbUgXUERLYLFwzHvC7E,,,,,,,,,,,,,,,,,,,,,,,,2.0,0.0,7679.0,,,,,,,,,,,,,,,,,,,,,,,,,,,,,,,,,,,,,,,,,,,,,,,,,,,,,,2026-01-07 20:23:12.938000+00:00,
2026-01-07T20:23:12.938Z,DIAL_ATTEMPT_START,16Uiu2HAm4WjA4PaK8f5fWqAuFYrP9khBLTbUgXUERLYLFwzHvC7E,,,,,,,,,,,,,,,,,,,7679.0,,,,1767817392938.0,,,,,,,,,,,,,,,,,,,,,,,,,,,,,,,,,,,,,,,,,,,,,,,,,,,,,,,,,2026-01-07 20:23:12.938000+00:00,
2026-01-07T20:23:12.938Z,DISCOVERY_DIAL_DECISION,16Uiu2HAm4WjA4PaK8f5fWqAuFYrP9khBLTbUgXUERLYLFwzHvC7E,,,,,,,,,,,,,,,,,,,,,,,,2.0,0.0,,attempt_dial,,,,,,,,,,,,,,,,,,,,,,,,,,,,,,,,,,,,,,,,,,,,,,,,,,,,,2026-01-07 20:23:12.938000+00:00,
2026-01-07T20:23:12.939Z,DIAL_CHECK_START,16Uiu2HAm4WjA4PaK8f5fWqAuFYrP9khBLTbUgXUERLYLFwzHvC7E,,,,,,,,,,,,,,,,,,,,,,,,0.0,0.0,7678.0,,,,,,,,,,,,,,,,,,,,,,,,,,,,,,,,,,,,,,,,,,,,,,,,,,,,,,2026-01-07 20:23:12.939000+00:00,
2026-01-07T20:23:12.939Z,DIAL_ATTEMPT_START,16Uiu2HAm4WjA4PaK8f5fWqAuFYrP9khBLTbUgXUERLYLFwzHvC7E,,,,,,,,,,,,,,,,,,,7678.0,,,,1767817392939.0,,,,,,,,,,,,,,,,,,,,,,,,,,,,,,,,,,,,,,,,,,,,,,,,,,,,,,,,,2026-01-07 20:23:12.939000+00:00,
2026-01-07T20:23:12.939Z,DISCOVERY_DIAL_DECISION,16Uiu2HAm4WjA4PaK8f5fWqAuFYrP9khBLTbUgXUERLYLFwzHvC7E,,,,,,,,,,,,,,,,,,,,,,,,0.0,0.0,,attempt_dial,,,,,,,,,,,,,,,,,,,,,,,,,,,,,,,,,,,,,,,,,,,,,,,,,,,,,2026-01-07 20:23:12.939000+00:00,
2026-01-07T20:23:15.322Z,DIAL_CHECK_START,16Uiu2HAm7fwgR241pfu6ZJrffR5rcmG33TyMRQzG7jYeSj36J3du,,,,,,,,,,,,,,,,,,,,,,,,2.0,0.0,7677.0,,,,,,,,,,,,,,,,,,,,,,,,,,,,,,,,,,,,,,,,,,,,,,,,,,,,,,2026-01-07 20:23:15.322000+00:00,
2026-01-07T20:23:15.322Z,DIAL_ATTEMPT_START,16Uiu2HAm7fwgR241pfu6ZJrffR5rcmG33TyMRQzG7jYeSj36J3du,,,,,,,,,,,,,,,,,,,7677.0,,,,1767817395322.0,,,,,,,,,,,,,,,,,,,,,,,,,,,,,,,,,,,,,,,,,,,,,,,,,,,,,,,,,2026-01-07 20:23:15.322000+00:00,
2026-01-07T20:23:15.323Z,DISCOVERY_DIAL_DECISION,16Uiu2HAm7fwgR241pfu6ZJrffR5rcmG33TyMRQzG7jYeSj36J3du,,,,,,,,,,,,,,,,,,,,,,,,2.0,0.0,,attempt_dial,,,,,,,,,,,,,,,,,,,,,,,,,,,,,,,,,,,,,,,,,,,,,,,,,,,,,2026-01-07 20:23:15.323000+00:00,
2026-01-07T20:23:15.555Z,DIAL_FAILURE,16Uiu2HAm7fwgR241pfu6ZJrffR5rcmG33TyMRQzG7jYeSj36J3du,,,,,,,,,,,,,,,,,,,,,,,,,,,,unexpected end of input,233.0,,,,,,,,,,,,,,,,,,,,,,,,,,,,,,,,,,,,,,,,,,,,,,,,,,,2026-01-07 20:23:15.555000+00:00,
2026-01-07T20:23:16.881Z,DIAL_CHECK_START,16Uiu2HAm7fwgR241pfu6ZJrffR5rcmG33TyMRQzG7jYeSj36J3du,,,,,,,,,,,,,,,,,,,,,,,,2.0,0.0,7676.0,,,,,,,,,,,,,,,,,,,,,,,,,,,,,,,,,,,,,,,,,,,,,,,,,,,,,,2026-01-07 20:23:16.881000+00:00,
2026-01-07T20:23:16.881Z,DIAL_ATTEMPT_START,16Uiu2HAm7fwgR241pfu6ZJrffR5rcmG33TyMRQzG7jYeSj36J3du,,,,,,,,,,,,,,,,,,,7676.0,,,,1767817396881.0,,,,,,,,,,,,,,,,,,,,,,,,,,,,,,,,,,,,,,,,,,,,,,,,,,,,,,,,,2026-01-07 20:23:16.881000+00:00,
2026-01-07T20:23:16.882Z,DISCOVERY_DIAL_DECISION,16Uiu2HAm7fwgR241pfu6ZJrffR5rcmG33TyMRQzG7jYeSj36J3du,,,,,,,,,,,,,,,,,,,,,,,,2.0,0.0,,attempt_dial,,,,,,,,,,,,,,,,,,,,,,,,,,,,,,,,,,,,,,,,,,,,,,,,,,,,,2026-01-07 20:23:16.882000+00:00,
2026-01-07T20:23:17.121Z,DIAL_FAILURE,16Uiu2HAm7fwgR241pfu6ZJrffR5rcmG33TyMRQzG7jYeSj36J3du,,,,,,,,,,,,,,,,,,,,,,,,,,,,unexpected end of input,240.0,,,,,,,,,,,,,,,,,,,,,,,,,,,,,,,,,,,,,,,,,,,,,,,,,,,2026-01-07 20:23:17.121000+00:00,
2026-01-07T20:23:17.213Z,DIAL_CHECK_START,16Uiu2HAmPu8zPRPrGx3vVg5B2STSQwSsisUTGcARxj6SWcTeDGwu,,,,,,,,,,,,,,,,,,,,,,,,2.0,0.0,7675.0,,,,,,,,,,,,,,,,,,,,,,,,,,,,,,,,,,,,,,,,,,,,,,,,,,,,,,2026-01-07 20:23:17.213000+00:00,
2026-01-07T20:23:17.213Z,DIAL_ATTEMPT_START,16Uiu2HAmPu8zPRPrGx3vVg5B2STSQwSsisUTGcARxj6SWcTeDGwu,,,,,,,,,,,,,,,,,,,7675.0,,,,1767817397213.0,,,,,,,,,,,,,,,,,,,,,,,,,,,,,,,,,,,,,,,,,,,,,,,,,,,,,,,,,2026-01-07 20:23:17.213000+00:00,
2026-01-07T20:23:17.213Z,DISCOVERY_DIAL_DECISION,16Uiu2HAmPu8zPRPrGx3vVg5B2STSQwSsisUTGcARxj6SWcTeDGwu,,,,,,,,,,,,,,,,,,,,,,,,2.0,0.0,,attempt_dial,,,,,,,,,,,,,,,,,,,,,,,,,,,,,,,,,,,,,,,,,,,,,,,,,,,,,2026-01-07 20:23:17.213000+00:00,
2026-01-07T20:23:17.214Z,DIAL_CHECK_START,16Uiu2HAmPu8zPRPrGx3vVg5B2STSQwSsisUTGcARxj6SWcTeDGwu,,,,,,,,,,,,,,,,,,,,,,,,0.0,0.0,7674.0,,,,,,,,,,,,,,,,,,,,,,,,,,,,,,,,,,,,,,,,,,,,,,,,,,,,,,2026-01-07 20:23:17.214000+00:00,
2026-01-07T20:23:17.214Z,DIAL_ATTEMPT_START,16Uiu2HAmPu8zPRPrGx3vVg5B2STSQwSsisUTGcARxj6SWcTeDGwu,,,,,,,,,,,,,,,,,,,7674.0,,,,1767817397214.0,,,,,,,,,,,,,,,,,,,,,,,,,,,,,,,,,,,,,,,,,,,,,,,,,,,,,,,,,2026-01-07 20:23:17.214000+00:00,
2026-01-07T20:23:17.214Z,DISCOVERY_DIAL_DECISION,16Uiu2HAmPu8zPRPrGx3vVg5B2STSQwSsisUTGcARxj6SWcTeDGwu,,,,,,,,,,,,,,,,,,,,,,,,0.0,0.0,,attempt_dial,,,,,,,,,,,,,,,,,,,,,,,,,,,,,,,,,,,,,,,,,,,,,,,,,,,,,2026-01-07 20:23:17.214000+00:00,
2026-01-07T20:23:20.014Z,DIAL_CHECK_START,16Uiu2HAm7fwgR241pfu6ZJrffR5rcmG33TyMRQzG7jYeSj36J3du,,,,,,,,,,,,,,,,,,,,,,,,2.0,0.0,7673.0,,,,,,,,,,,,,,,,,,,,,,,,,,,,,,,,,,,,,,,,,,,,,,,,,,,,,,2026-01-07 20:23:20.014000+00:00,
2026-01-07T20:23:20.014Z,DIAL_ATTEMPT_START,16Uiu2HAm7fwgR241pfu6ZJrffR5rcmG33TyMRQzG7jYeSj36J3du,,,,,,,,,,,,,,,,,,,7673.0,,,,1767817400014.0,,,,,,,,,,,,,,,,,,,,,,,,,,,,,,,,,,,,,,,,,,,,,,,,,,,,,,,,,2026-01-07 20:23:20.014000+00:00,
2026-01-07T20:23:20.014Z,DISCOVERY_DIAL_DECISION,16Uiu2HAm7fwgR241pfu6ZJrffR5rcmG33TyMRQzG7jYeSj36J3du,,,,,,,,,,,,,,,,,,,,,,,,2.0,0.0,,attempt_dial,,,,,,,,,,,,,,,,,,,,,,,,,,,,,,,,,,,,,,,,,,,,,,,,,,,,,2026-01-07 20:23:20.014000+00:00,
2026-01-07T20:23:20.245Z,DIAL_FAILURE,16Uiu2HAm7fwgR241pfu6ZJrffR5rcmG33TyMRQzG7jYeSj36J3du,,,,,,,,,,,,,,,,,,,,,,,,,,,,read ECONNRESET,231.0,,,,,,,,,,,,,,,,,,,,,,,,,,,,,,,,,,,,,,,,,,,,,,,,,,,2026-01-07 20:23:20.245000+00:00,
2026-01-07T20:23:26.140Z,HEARTBEAT_DISCOVERY_NEEDED,unknown,,,,,,,,185.0,0.0,none,2.0,0.0,0.0,NO,0.0,0.0,9340317.0,9340317.0,,,,,,,,,,,,,,,,,,,,,,,,,,,,,,,,,,,,,,,,,,,,,,,,,,,,,,,,,,,,,,2026-01-07 20:23:26.140000+00:00,
2026-01-07T20:23:26.140Z,DISCOVERY_START,discovery,,,,,,,,,,,,,,,,,,,185.0,,2.0,,,,,,,,,,,,,,,,,,,,,,,,,,,,,,,,,,,,,,,,,,,,,,,,,,,,,,,,,,,2026-01-07 20:23:26.140000+00:00,
2026-01-07T20:23:26.150Z,DISCOVERY_FINDNODE_RESULT,unknown,,,,,,,,,,,,,,,,,,,,,,,,,,,,,,,,,,,,,,,,,,,,,,,,,,,,,,,,,,,,,,,,,,,16.0,60011.0,,,,,,,,,,,,2026-01-07 20:23:26.150000+00:00,
2026-01-07T20:23:49.559Z,DIAL_SUCCESS,16Uiu2HAm4YBhFT692oM7RmDj5JSc6haw11TCAMLxkVD1J1K9pd62,,,,,,,,,,,,,,,,,,,,,,,,,,,,,57317.0,,,,,,,,,,,,,,,,,,,,,,,,,,,,,,,,,,,,,,,,,,,,,,,,,,,2026-01-07 20:23:49.559000+00:00,
2026-01-07T20:23:55.926Z,DIAL_FAILURE,16Uiu2HAmNUVyXErtpK6E32FbbEwdhSrzfyCLiAKmTTPoFHGdkMeY,,,,,,,,,,,,,,,,,,,,,,,,,,,,connection error 34.194.25.1:9000: connect ETIMEDOUT 34.194.25.1:9000,136200.0,,,,,,,,,,,,,,,,,,,,,,,,,,,,,,,,,,,,,,,,,,,,,,,,,,,2026-01-07 20:23:55.926000+00:00,
2026-01-07T20:23:56.140Z,HEARTBEAT_DISCOVERY_NEEDED,unknown,,,,,,,,187.0,0.0,none,2.0,0.0,0.0,NO,0.0,0.0,9340319.0,9340319.0,,,,,,,,,,,,,,,,,,,,,,,,,,,,,,,,,,,,,,,,,,,,,,,,,,,,,,,,,,,,,,2026-01-07 20:23:56.140000+00:00,
2026-01-07T20:23:56.140Z,DISCOVERY_START,discovery,,,,,,,,,,,,,,,,,,,187.0,,2.0,,,,,,,,,,,,,,,,,,,,,,,,,,,,,,,,,,,,,,,,,,,,,,,,,,,,,,,,,,,2026-01-07 20:23:56.140000+00:00,
2026-01-07T20:23:56.140Z,DISCOVERY_FINDNODE_START,unknown,,,,,,,,,,,,,,,,,,,8044.0,,,0.0,1767817436140.0,,,,,,,,,,,,,,,,,,,,,,,,,,,,,,,,,,,,,,,,,,,,,,,,,,,,,,,,,2026-01-07 20:23:56.140000+00:00,
2026-01-07T20:24:24.842Z,DIAL_CHECK_START,16Uiu2HAmGQ69vcQi7pxfzTPtKCVtbm3ZVBwtzB3JMYXcQKWEMtWf,,,,,,,,,,,,,,,,,,,,,,,,2.0,0.0,8044.0,,,,,,,,,,,,,,,,,,,,,,,,,,,,,,,,,,,,,,,,,,,,,,,,,,,,,,2026-01-07 20:24:24.842000+00:00,
2026-01-07T20:24:24.842Z,DIAL_ATTEMPT_START,16Uiu2HAmGQ69vcQi7pxfzTPtKCVtbm3ZVBwtzB3JMYXcQKWEMtWf,,,,,,,,,,,,,,,,,,,8044.0,,,,1767817464842.0,,,,,,,,,,,,,,,,,,,,,,,,,,,,,,,,,,,,,,,,,,,,,,,,,,,,,,,,,2026-01-07 20:24:24.842000+00:00,
2026-01-07T20:24:24.842Z,DISCOVERY_DIAL_DECISION,16Uiu2HAmGQ69vcQi7pxfzTPtKCVtbm3ZVBwtzB3JMYXcQKWEMtWf,,,,,,,,,,,,,,,,,,,,,,,,2.0,0.0,,attempt_dial,,,,,,,,,,,,,,,,,,,,,,,,,,,,,,,,,,,,,,,,,,,,,,,,,,,,,2026-01-07 20:24:24.842000+00:00,
2026-01-07T20:24:25.101Z,DIAL_FAILURE,16Uiu2HAmGQ69vcQi7pxfzTPtKCVtbm3ZVBwtzB3JMYXcQKWEMtWf,,,,,,,,,,,,,,,,,,,,,,,,,,,,unexpected end of input,259.0,,,,,,,,,,,,,,,,,,,,,,,,,,,,,,,,,,,,,,,,,,,,,,,,,,,2026-01-07 20:24:25.101000+00:00,
2026-01-07T20:24:25.390Z,DIAL_CHECK_START,16Uiu2HAmGQ69vcQi7pxfzTPtKCVtbm3ZVBwtzB3JMYXcQKWEMtWf,,,,,,,,,,,,,,,,,,,,,,,,2.0,0.0,8043.0,,,,,,,,,,,,,,,,,,,,,,,,,,,,,,,,,,,,,,,,,,,,,,,,,,,,,,2026-01-07 20:24:25.390000+00:00,
2026-01-07T20:24:25.390Z,DIAL_ATTEMPT_START,16Uiu2HAmGQ69vcQi7pxfzTPtKCVtbm3ZVBwtzB3JMYXcQKWEMtWf,,,,,,,,,,,,,,,,,,,8043.0,,,,1767817465390.0,,,,,,,,,,,,,,,,,,,,,,,,,,,,,,,,,,,,,,,,,,,,,,,,,,,,,,,,,2026-01-07 20:24:25.390000+00:00,
2026-01-07T20:24:25.390Z,DISCOVERY_DIAL_DECISION,16Uiu2HAmGQ69vcQi7pxfzTPtKCVtbm3ZVBwtzB3JMYXcQKWEMtWf,,,,,,,,,,,,,,,,,,,,,,,,2.0,0.0,,attempt_dial,,,,,,,,,,,,,,,,,,,,,,,,,,,,,,,,,,,,,,,,,,,,,,,,,,,,,2026-01-07 20:24:25.390000+00:00,
2026-01-07T20:24:25.653Z,DIAL_FAILURE,16Uiu2HAmGQ69vcQi7pxfzTPtKCVtbm3ZVBwtzB3JMYXcQKWEMtWf,,,,,,,,,,,,,,,,,,,,,,,,,,,,read ECONNRESET,263.0,,,,,,,,,,,,,,,,,,,,,,,,,,,,,,,,,,,,,,,,,,,,,,,,,,,2026-01-07 20:24:25.653000+00:00,
2026-01-07T20:24:26.089Z,DIAL_CHECK_START,16Uiu2HAmGQ69vcQi7pxfzTPtKCVtbm3ZVBwtzB3JMYXcQKWEMtWf,,,,,,,,,,,,,,,,,,,,,,,,2.0,0.0,8042.0,,,,,,,,,,,,,,,,,,,,,,,,,,,,,,,,,,,,,,,,,,,,,,,,,,,,,,2026-01-07 20:24:26.089000+00:00,
2026-01-07T20:24:26.089Z,DIAL_ATTEMPT_START,16Uiu2HAmGQ69vcQi7pxfzTPtKCVtbm3ZVBwtzB3JMYXcQKWEMtWf,,,,,,,,,,,,,,,,,,,8042.0,,,,1767817466089.0,,,,,,,,,,,,,,,,,,,,,,,,,,,,,,,,,,,,,,,,,,,,,,,,,,,,,,,,,2026-01-07 20:24:26.089000+00:00,
2026-01-07T20:24:26.089Z,DISCOVERY_DIAL_DECISION,16Uiu2HAmGQ69vcQi7pxfzTPtKCVtbm3ZVBwtzB3JMYXcQKWEMtWf,,,,,,,,,,,,,,,,,,,,,,,,2.0,0.0,,attempt_dial,,,,,,,,,,,,,,,,,,,,,,,,,,,,,,,,,,,,,,,,,,,,,,,,,,,,,2026-01-07 20:24:26.089000+00:00,
2026-01-07T20:24:26.090Z,DIAL_CHECK_START,16Uiu2HAmBMnRYFvz93HPZCrRarXyVedHSyGetRFkHF8UWxyN7BPd,,,,,,,,,,,,,,,,,,,,,,,,2.0,0.0,8041.0,,,,,,,,,,,,,,,,,,,,,,,,,,,,,,,,,,,,,,,,,,,,,,,,,,,,,,2026-01-07 20:24:26.090000+00:00,
2026-01-07T20:24:26.090Z,DIAL_ATTEMPT_START,16Uiu2HAmBMnRYFvz93HPZCrRarXyVedHSyGetRFkHF8UWxyN7BPd,,,,,,,,,,,,,,,,,,,8041.0,,,,1767817466090.0,,,,,,,,,,,,,,,,,,,,,,,,,,,,,,,,,,,,,,,,,,,,,,,,,,,,,,,,,2026-01-07 20:24:26.090000+00:00,
2026-01-07T20:24:26.090Z,DISCOVERY_DIAL_DECISION,16Uiu2HAmBMnRYFvz93HPZCrRarXyVedHSyGetRFkHF8UWxyN7BPd,,,,,,,,,,,,,,,,,,,,,,,,2.0,0.0,,attempt_dial,,,,,,,,,,,,,,,,,,,,,,,,,,,,,,,,,,,,,,,,,,,,,,,,,,,,,2026-01-07 20:24:26.090000+00:00,
2026-01-07T20:24:26.143Z,HEARTBEAT_DISCOVERY_NEEDED,unknown,,,,,,,,190.0,0.0,none,2.0,0.0,0.0,NO,0.0,0.0,9340322.0,9340322.0,,,,,,,,,,,,,,,,,,,,,,,,,,,,,,,,,,,,,,,,,,,,,,,,,,,,,,,,,,,,,,2026-01-07 20:24:26.143000+00:00,
2026-01-07T20:24:26.143Z,DISCOVERY_START,discovery,,,,,,,,,,,,,,,,,,,190.0,,2.0,,,,,,,,,,,,,,,,,,,,,,,,,,,,,,,,,,,,,,,,,,,,,,,,,,,,,,,,,,,2026-01-07 20:24:26.143000+00:00,
2026-01-07T20:24:26.352Z,DIAL_FAILURE,16Uiu2HAmGQ69vcQi7pxfzTPtKCVtbm3ZVBwtzB3JMYXcQKWEMtWf,,,,,,,,,,,,,,,,,,,,,,,,,,,,read ECONNRESET,263.0,,,,,,,,,,,,,,,,,,,,,,,,,,,,,,,,,,,,,,,,,,,,,,,,,,,2026-01-07 20:24:26.352000+00:00,
2026-01-07T20:24:27.879Z,DIAL_CHECK_START,16Uiu2HAkwm8w2xQjYrdq8ba4pfNML1wZWTTTw6qTUix9f9Scfi5P,,,,,,,,,,,,,,,,,,,,,,,,2.0,0.0,8230.0,,,,,,,,,,,,,,,,,,,,,,,,,,,,,,,,,,,,,,,,,,,,,,,,,,,,,,2026-01-07 20:24:27.879000+00:00,
2026-01-07T20:24:27.879Z,DIAL_ATTEMPT_START,16Uiu2HAkwm8w2xQjYrdq8ba4pfNML1wZWTTTw6qTUix9f9Scfi5P,,,,,,,,,,,,,,,,,,,8230.0,,,,1767817467879.0,,,,,,,,,,,,,,,,,,,,,,,,,,,,,,,,,,,,,,,,,,,,,,,,,,,,,,,,,2026-01-07 20:24:27.879000+00:00,
2026-01-07T20:24:27.879Z,DISCOVERY_DIAL_DECISION,16Uiu2HAkwm8w2xQjYrdq8ba4pfNML1wZWTTTw6qTUix9f9Scfi5P,,,,,,,,,,,,,,,,,,,,,,,,2.0,0.0,,attempt_dial,,,,,,,,,,,,,,,,,,,,,,,,,,,,,,,,,,,,,,,,,,,,,,,,,,,,,2026-01-07 20:24:27.879000+00:00,
2026-01-07T20:24:27.880Z,DIAL_CHECK_START,16Uiu2HAmLpF1oHWqKB5UUruF7qgjVFzgEFuVnTj5t9Nc5g3GDtAs,,,,,,,,,,,,,,,,,,,,,,,,2.0,0.0,8229.0,,,,,,,,,,,,,,,,,,,,,,,,,,,,,,,,,,,,,,,,,,,,,,,,,,,,,,2026-01-07 20:24:27.880000+00:00,
2026-01-07T20:24:27.880Z,DIAL_ATTEMPT_START,16Uiu2HAmLpF1oHWqKB5UUruF7qgjVFzgEFuVnTj5t9Nc5g3GDtAs,,,,,,,,,,,,,,,,,,,8229.0,,,,1767817467880.0,,,,,,,,,,,,,,,,,,,,,,,,,,,,,,,,,,,,,,,,,,,,,,,,,,,,,,,,,2026-01-07 20:24:27.880000+00:00,
2026-01-07T20:24:27.880Z,DISCOVERY_DIAL_DECISION,16Uiu2HAmLpF1oHWqKB5UUruF7qgjVFzgEFuVnTj5t9Nc5g3GDtAs,,,,,,,,,,,,,,,,,,,,,,,,2.0,0.0,,attempt_dial,,,,,,,,,,,,,,,,,,,,,,,,,,,,,,,,,,,,,,,,,,,,,,,,,,,,,2026-01-07 20:24:27.880000+00:00,
2026-01-07T20:24:28.015Z,DIAL_FAILURE,16Uiu2HAkwm8w2xQjYrdq8ba4pfNML1wZWTTTw6qTUix9f9Scfi5P,,,,,,,,,,,,,,,,,,,,,,,,,,,,unexpected end of input,136.0,,,,,,,,,,,,,,,,,,,,,,,,,,,,,,,,,,,,,,,,,,,,,,,,,,,2026-01-07 20:24:28.015000+00:00,
2026-01-07T20:24:28.645Z,DIAL_CHECK_START,16Uiu2HAmGQ69vcQi7pxfzTPtKCVtbm3ZVBwtzB3JMYXcQKWEMtWf,,,,,,,,,,,,,,,,,,,,,,,,2.0,0.0,8228.0,,,,,,,,,,,,,,,,,,,,,,,,,,,,,,,,,,,,,,,,,,,,,,,,,,,,,,2026-01-07 20:24:28.645000+00:00,
2026-01-07T20:24:28.645Z,DIAL_ATTEMPT_START,16Uiu2HAmGQ69vcQi7pxfzTPtKCVtbm3ZVBwtzB3JMYXcQKWEMtWf,,,,,,,,,,,,,,,,,,,8228.0,,,,1767817468645.0,,,,,,,,,,,,,,,,,,,,,,,,,,,,,,,,,,,,,,,,,,,,,,,,,,,,,,,,,2026-01-07 20:24:28.645000+00:00,
2026-01-07T20:24:28.645Z,DISCOVERY_DIAL_DECISION,16Uiu2HAmGQ69vcQi7pxfzTPtKCVtbm3ZVBwtzB3JMYXcQKWEMtWf,,,,,,,,,,,,,,,,,,,,,,,,2.0,0.0,,attempt_dial,,,,,,,,,,,,,,,,,,,,,,,,,,,,,,,,,,,,,,,,,,,,,,,,,,,,,2026-01-07 20:24:28.645000+00:00,
2026-01-07T20:24:28.903Z,DIAL_FAILURE,16Uiu2HAmGQ69vcQi7pxfzTPtKCVtbm3ZVBwtzB3JMYXcQKWEMtWf,,,,,,,,,,,,,,,,,,,,,,,,,,,,read ECONNRESET,258.0,,,,,,,,,,,,,,,,,,,,,,,,,,,,,,,,,,,,,,,,,,,,,,,,,,,2026-01-07 20:24:28.903000+00:00,
2026-01-07T20:24:29.169Z,DIAL_CHECK_START,16Uiu2HAmGQ69vcQi7pxfzTPtKCVtbm3ZVBwtzB3JMYXcQKWEMtWf,,,,,,,,,,,,,,,,,,,,,,,,2.0,0.0,8227.0,,,,,,,,,,,,,,,,,,,,,,,,,,,,,,,,,,,,,,,,,,,,,,,,,,,,,,2026-01-07 20:24:29.169000+00:00,
2026-01-07T20:24:29.169Z,DIAL_ATTEMPT_START,16Uiu2HAmGQ69vcQi7pxfzTPtKCVtbm3ZVBwtzB3JMYXcQKWEMtWf,,,,,,,,,,,,,,,,,,,8227.0,,,,1767817469169.0,,,,,,,,,,,,,,,,,,,,,,,,,,,,,,,,,,,,,,,,,,,,,,,,,,,,,,,,,2026-01-07 20:24:29.169000+00:00,
2026-01-07T20:24:29.169Z,DISCOVERY_DIAL_DECISION,16Uiu2HAmGQ69vcQi7pxfzTPtKCVtbm3ZVBwtzB3JMYXcQKWEMtWf,,,,,,,,,,,,,,,,,,,,,,,,2.0,0.0,,attempt_dial,,,,,,,,,,,,,,,,,,,,,,,,,,,,,,,,,,,,,,,,,,,,,,,,,,,,,2026-01-07 20:24:29.169000+00:00,
2026-01-07T20:24:29.430Z,DIAL_FAILURE,16Uiu2HAmGQ69vcQi7pxfzTPtKCVtbm3ZVBwtzB3JMYXcQKWEMtWf,,,,,,,,,,,,,,,,,,,,,,,,,,,,unexpected end of input,261.0,,,,,,,,,,,,,,,,,,,,,,,,,,,,,,,,,,,,,,,,,,,,,,,,,,,2026-01-07 20:24:29.430000+00:00,
2026-01-07T20:24:30.841Z,DIAL_CHECK_START,16Uiu2HAmGQ69vcQi7pxfzTPtKCVtbm3ZVBwtzB3JMYXcQKWEMtWf,,,,,,,,,,,,,,,,,,,,,,,,2.0,0.0,8226.0,,,,,,,,,,,,,,,,,,,,,,,,,,,,,,,,,,,,,,,,,,,,,,,,,,,,,,2026-01-07 20:24:30.841000+00:00,
2026-01-07T20:24:30.841Z,DIAL_ATTEMPT_START,16Uiu2HAmGQ69vcQi7pxfzTPtKCVtbm3ZVBwtzB3JMYXcQKWEMtWf,,,,,,,,,,,,,,,,,,,8226.0,,,,1767817470841.0,,,,,,,,,,,,,,,,,,,,,,,,,,,,,,,,,,,,,,,,,,,,,,,,,,,,,,,,,2026-01-07 20:24:30.841000+00:00,
2026-01-07T20:24:30.841Z,DISCOVERY_DIAL_DECISION,16Uiu2HAmGQ69vcQi7pxfzTPtKCVtbm3ZVBwtzB3JMYXcQKWEMtWf,,,,,,,,,,,,,,,,,,,,,,,,2.0,0.0,,attempt_dial,,,,,,,,,,,,,,,,,,,,,,,,,,,,,,,,,,,,,,,,,,,,,,,,,,,,,2026-01-07 20:24:30.841000+00:00,
2026-01-07T20:24:31.097Z,DIAL_FAILURE,16Uiu2HAmGQ69vcQi7pxfzTPtKCVtbm3ZVBwtzB3JMYXcQKWEMtWf,,,,,,,,,,,,,,,,,,,,,,,,,,,,read ECONNRESET,256.0,,,,,,,,,,,,,,,,,,,,,,,,,,,,,,,,,,,,,,,,,,,,,,,,,,,2026-01-07 20:24:31.097000+00:00,
2026-01-07T20:24:34.219Z,DIAL_CHECK_START,16Uiu2HAkwm8w2xQjYrdq8ba4pfNML1wZWTTTw6qTUix9f9Scfi5P,,,,,,,,,,,,,,,,,,,,,,,,2.0,0.0,8225.0,,,,,,,,,,,,,,,,,,,,,,,,,,,,,,,,,,,,,,,,,,,,,,,,,,,,,,2026-01-07 20:24:34.219000+00:00,
2026-01-07T20:24:34.219Z,DIAL_ATTEMPT_START,16Uiu2HAkwm8w2xQjYrdq8ba4pfNML1wZWTTTw6qTUix9f9Scfi5P,,,,,,,,,,,,,,,,,,,8225.0,,,,1767817474219.0,,,,,,,,,,,,,,,,,,,,,,,,,,,,,,,,,,,,,,,,,,,,,,,,,,,,,,,,,2026-01-07 20:24:34.219000+00:00,
2026-01-07T20:24:34.219Z,DISCOVERY_DIAL_DECISION,16Uiu2HAkwm8w2xQjYrdq8ba4pfNML1wZWTTTw6qTUix9f9Scfi5P,,,,,,,,,,,,,,,,,,,,,,,,2.0,0.0,,attempt_dial,,,,,,,,,,,,,,,,,,,,,,,,,,,,,,,,,,,,,,,,,,,,,,,,,,,,,2026-01-07 20:24:34.219000+00:00,
2026-01-07T20:24:34.267Z,DIAL_CHECK_START,16Uiu2HAmGQ69vcQi7pxfzTPtKCVtbm3ZVBwtzB3JMYXcQKWEMtWf,,,,,,,,,,,,,,,,,,,,,,,,2.0,0.0,8224.0,,,,,,,,,,,,,,,,,,,,,,,,,,,,,,,,,,,,,,,,,,,,,,,,,,,,,,2026-01-07 20:24:34.267000+00:00,
2026-01-07T20:24:34.267Z,DIAL_ATTEMPT_START,16Uiu2HAmGQ69vcQi7pxfzTPtKCVtbm3ZVBwtzB3JMYXcQKWEMtWf,,,,,,,,,,,,,,,,,,,8224.0,,,,1767817474267.0,,,,,,,,,,,,,,,,,,,,,,,,,,,,,,,,,,,,,,,,,,,,,,,,,,,,,,,,,2026-01-07 20:24:34.267000+00:00,
2026-01-07T20:24:34.267Z,DISCOVERY_DIAL_DECISION,16Uiu2HAmGQ69vcQi7pxfzTPtKCVtbm3ZVBwtzB3JMYXcQKWEMtWf,,,,,,,,,,,,,,,,,,,,,,,,2.0,0.0,,attempt_dial,,,,,,,,,,,,,,,,,,,,,,,,,,,,,,,,,,,,,,,,,,,,,,,,,,,,,2026-01-07 20:24:34.267000+00:00,
2026-01-07T20:24:34.354Z,DIAL_FAILURE,16Uiu2HAkwm8w2xQjYrdq8ba4pfNML1wZWTTTw6qTUix9f9Scfi5P,,,,,,,,,,,,,,,,,,,,,,,,,,,,unexpected end of input,135.0,,,,,,,,,,,,,,,,,,,,,,,,,,,,,,,,,,,,,,,,,,,,,,,,,,,2026-01-07 20:24:34.354000+00:00,
2026-01-07T20:24:34.524Z,DIAL_FAILURE,16Uiu2HAmGQ69vcQi7pxfzTPtKCVtbm3ZVBwtzB3JMYXcQKWEMtWf,,,,,,,,,,,,,,,,,,,,,,,,,,,,unexpected end of input,257.0,,,,,,,,,,,,,,,,,,,,,,,,,,,,,,,,,,,,,,,,,,,,,,,,,,,2026-01-07 20:24:34.524000+00:00,
2026-01-07T20:24:34.630Z,DIAL_CHECK_START,16Uiu2HAkwm8w2xQjYrdq8ba4pfNML1wZWTTTw6qTUix9f9Scfi5P,,,,,,,,,,,,,,,,,,,,,,,,2.0,0.0,8223.0,,,,,,,,,,,,,,,,,,,,,,,,,,,,,,,,,,,,,,,,,,,,,,,,,,,,,,2026-01-07 20:24:34.630000+00:00,
2026-01-07T20:24:34.630Z,DIAL_ATTEMPT_START,16Uiu2HAkwm8w2xQjYrdq8ba4pfNML1wZWTTTw6qTUix9f9Scfi5P,,,,,,,,,,,,,,,,,,,8223.0,,,,1767817474630.0,,,,,,,,,,,,,,,,,,,,,,,,,,,,,,,,,,,,,,,,,,,,,,,,,,,,,,,,,2026-01-07 20:24:34.630000+00:00,
2026-01-07T20:24:34.630Z,DISCOVERY_DIAL_DECISION,16Uiu2HAkwm8w2xQjYrdq8ba4pfNML1wZWTTTw6qTUix9f9Scfi5P,,,,,,,,,,,,,,,,,,,,,,,,2.0,0.0,,attempt_dial,,,,,,,,,,,,,,,,,,,,,,,,,,,,,,,,,,,,,,,,,,,,,,,,,,,,,2026-01-07 20:24:34.630000+00:00,
2026-01-07T20:24:34.764Z,DIAL_FAILURE,16Uiu2HAkwm8w2xQjYrdq8ba4pfNML1wZWTTTw6qTUix9f9Scfi5P,,,,,,,,,,,,,,,,,,,,,,,,,,,,unexpected end of input,134.0,,,,,,,,,,,,,,,,,,,,,,,,,,,,,,,,,,,,,,,,,,,,,,,,,,,2026-01-07 20:24:34.764000+00:00,
2026-01-07T20:24:39.296Z,DIAL_CHECK_START,16Uiu2HAmGQ69vcQi7pxfzTPtKCVtbm3ZVBwtzB3JMYXcQKWEMtWf,,,,,,,,,,,,,,,,,,,,,,,,2.0,0.0,8222.0,,,,,,,,,,,,,,,,,,,,,,,,,,,,,,,,,,,,,,,,,,,,,,,,,,,,,,2026-01-07 20:24:39.296000+00:00,
2026-01-07T20:24:39.296Z,DIAL_ATTEMPT_START,16Uiu2HAmGQ69vcQi7pxfzTPtKCVtbm3ZVBwtzB3JMYXcQKWEMtWf,,,,,,,,,,,,,,,,,,,8222.0,,,,1767817479296.0,,,,,,,,,,,,,,,,,,,,,,,,,,,,,,,,,,,,,,,,,,,,,,,,,,,,,,,,,2026-01-07 20:24:39.296000+00:00,
2026-01-07T20:24:39.297Z,DISCOVERY_DIAL_DECISION,16Uiu2HAmGQ69vcQi7pxfzTPtKCVtbm3ZVBwtzB3JMYXcQKWEMtWf,,,,,,,,,,,,,,,,,,,,,,,,2.0,0.0,,attempt_dial,,,,,,,,,,,,,,,,,,,,,,,,,,,,,,,,,,,,,,,,,,,,,,,,,,,,,2026-01-07 20:24:39.297000+00:00,
2026-01-07T20:24:39.555Z,DIAL_FAILURE,16Uiu2HAmGQ69vcQi7pxfzTPtKCVtbm3ZVBwtzB3JMYXcQKWEMtWf,,,,,,,,,,,,,,,,,,,,,,,,,,,,read ECONNRESET,259.0,,,,,,,,,,,,,,,,,,,,,,,,,,,,,,,,,,,,,,,,,,,,,,,,,,,2026-01-07 20:24:39.555000+00:00,
2026-01-07T20:24:40.422Z,DIAL_CHECK_START,16Uiu2HAmGQ69vcQi7pxfzTPtKCVtbm3ZVBwtzB3JMYXcQKWEMtWf,,,,,,,,,,,,,,,,,,,,,,,,2.0,0.0,8221.0,,,,,,,,,,,,,,,,,,,,,,,,,,,,,,,,,,,,,,,,,,,,,,,,,,,,,,2026-01-07 20:24:40.422000+00:00,
2026-01-07T20:24:40.422Z,DIAL_ATTEMPT_START,16Uiu2HAmGQ69vcQi7pxfzTPtKCVtbm3ZVBwtzB3JMYXcQKWEMtWf,,,,,,,,,,,,,,,,,,,8221.0,,,,1767817480422.0,,,,,,,,,,,,,,,,,,,,,,,,,,,,,,,,,,,,,,,,,,,,,,,,,,,,,,,,,2026-01-07 20:24:40.422000+00:00,
2026-01-07T20:24:40.422Z,DISCOVERY_DIAL_DECISION,16Uiu2HAmGQ69vcQi7pxfzTPtKCVtbm3ZVBwtzB3JMYXcQKWEMtWf,,,,,,,,,,,,,,,,,,,,,,,,2.0,0.0,,attempt_dial,,,,,,,,,,,,,,,,,,,,,,,,,,,,,,,,,,,,,,,,,,,,,,,,,,,,,2026-01-07 20:24:40.422000+00:00,
2026-01-07T20:24:40.527Z,DIAL_CHECK_START,16Uiu2HAmLXHfG2e5Q5fca93fmkH5HicAitazkkTuQxuw1WFoBDMS,,,,,,,,,,,,,,,,,,,,,,,,2.0,0.0,8220.0,,,,,,,,,,,,,,,,,,,,,,,,,,,,,,,,,,,,,,,,,,,,,,,,,,,,,,2026-01-07 20:24:40.527000+00:00,
2026-01-07T20:24:40.527Z,DIAL_ATTEMPT_START,16Uiu2HAmLXHfG2e5Q5fca93fmkH5HicAitazkkTuQxuw1WFoBDMS,,,,,,,,,,,,,,,,,,,8220.0,,,,1767817480527.0,,,,,,,,,,,,,,,,,,,,,,,,,,,,,,,,,,,,,,,,,,,,,,,,,,,,,,,,,2026-01-07 20:24:40.527000+00:00,
2026-01-07T20:24:40.527Z,DISCOVERY_DIAL_DECISION,16Uiu2HAmLXHfG2e5Q5fca93fmkH5HicAitazkkTuQxuw1WFoBDMS,,,,,,,,,,,,,,,,,,,,,,,,2.0,0.0,,attempt_dial,,,,,,,,,,,,,,,,,,,,,,,,,,,,,,,,,,,,,,,,,,,,,,,,,,,,,2026-01-07 20:24:40.527000+00:00,
2026-01-07T20:24:40.529Z,DIAL_CHECK_START,16Uiu2HAmLXHfG2e5Q5fca93fmkH5HicAitazkkTuQxuw1WFoBDMS,,,,,,,,,,,,,,,,,,,,,,,,0.0,0.0,8219.0,,,,,,,,,,,,,,,,,,,,,,,,,,,,,,,,,,,,,,,,,,,,,,,,,,,,,,2026-01-07 20:24:40.529000+00:00,
2026-01-07T20:24:40.529Z,DIAL_ATTEMPT_START,16Uiu2HAmLXHfG2e5Q5fca93fmkH5HicAitazkkTuQxuw1WFoBDMS,,,,,,,,,,,,,,,,,,,8219.0,,,,1767817480529.0,,,,,,,,,,,,,,,,,,,,,,,,,,,,,,,,,,,,,,,,,,,,,,,,,,,,,,,,,2026-01-07 20:24:40.529000+00:00,
2026-01-07T20:24:40.529Z,DISCOVERY_DIAL_DECISION,16Uiu2HAmLXHfG2e5Q5fca93fmkH5HicAitazkkTuQxuw1WFoBDMS,,,,,,,,,,,,,,,,,,,,,,,,0.0,0.0,,attempt_dial,,,,,,,,,,,,,,,,,,,,,,,,,,,,,,,,,,,,,,,,,,,,,,,,,,,,,2026-01-07 20:24:40.529000+00:00,
2026-01-07T20:24:40.687Z,DIAL_FAILURE,16Uiu2HAmGQ69vcQi7pxfzTPtKCVtbm3ZVBwtzB3JMYXcQKWEMtWf,,,,,,,,,,,,,,,,,,,,,,,,,,,,read ECONNRESET,265.0,,,,,,,,,,,,,,,,,,,,,,,,,,,,,,,,,,,,,,,,,,,,,,,,,,,2026-01-07 20:24:40.687000+00:00,
2026-01-07T20:24:44.233Z,DIAL_CHECK_START,16Uiu2HAmGQ69vcQi7pxfzTPtKCVtbm3ZVBwtzB3JMYXcQKWEMtWf,,,,,,,,,,,,,,,,,,,,,,,,2.0,0.0,8218.0,,,,,,,,,,,,,,,,,,,,,,,,,,,,,,,,,,,,,,,,,,,,,,,,,,,,,,2026-01-07 20:24:44.233000+00:00,
2026-01-07T20:24:44.233Z,DIAL_ATTEMPT_START,16Uiu2HAmGQ69vcQi7pxfzTPtKCVtbm3ZVBwtzB3JMYXcQKWEMtWf,,,,,,,,,,,,,,,,,,,8218.0,,,,1767817484233.0,,,,,,,,,,,,,,,,,,,,,,,,,,,,,,,,,,,,,,,,,,,,,,,,,,,,,,,,,2026-01-07 20:24:44.233000+00:00,
2026-01-07T20:24:44.233Z,DISCOVERY_DIAL_DECISION,16Uiu2HAmGQ69vcQi7pxfzTPtKCVtbm3ZVBwtzB3JMYXcQKWEMtWf,,,,,,,,,,,,,,,,,,,,,,,,2.0,0.0,,attempt_dial,,,,,,,,,,,,,,,,,,,,,,,,,,,,,,,,,,,,,,,,,,,,,,,,,,,,,2026-01-07 20:24:44.233000+00:00,
2026-01-07T20:24:44.490Z,DIAL_FAILURE,16Uiu2HAmGQ69vcQi7pxfzTPtKCVtbm3ZVBwtzB3JMYXcQKWEMtWf,,,,,,,,,,,,,,,,,,,,,,,,,,,,read ECONNRESET,257.0,,,,,,,,,,,,,,,,,,,,,,,,,,,,,,,,,,,,,,,,,,,,,,,,,,,2026-01-07 20:24:44.490000+00:00,
2026-01-07T20:24:45.086Z,DIAL_FAILURE,16Uiu2HAmH26nUnN21UTjLgWPhm7fWwrfRuqjjJmEAtfGD44ezreF,,,,,,,,,,,,,,,,,,,,,,,,,,,,connection error 104.199.171.162:9000: connect ETIMEDOUT 104.199.171.162:9000,133210.0,,,,,,,,,,,,,,,,,,,,,,,,,,,,,,,,,,,,,,,,,,,,,,,,,,,2026-01-07 20:24:45.086000+00:00,
2026-01-07T20:24:45.838Z,DIAL_CHECK_START,16Uiu2HAkwm8w2xQjYrdq8ba4pfNML1wZWTTTw6qTUix9f9Scfi5P,,,,,,,,,,,,,,,,,,,,,,,,2.0,0.0,8217.0,,,,,,,,,,,,,,,,,,,,,,,,,,,,,,,,,,,,,,,,,,,,,,,,,,,,,,2026-01-07 20:24:45.838000+00:00,
2026-01-07T20:24:45.838Z,DIAL_ATTEMPT_START,16Uiu2HAkwm8w2xQjYrdq8ba4pfNML1wZWTTTw6qTUix9f9Scfi5P,,,,,,,,,,,,,,,,,,,8217.0,,,,1767817485838.0,,,,,,,,,,,,,,,,,,,,,,,,,,,,,,,,,,,,,,,,,,,,,,,,,,,,,,,,,2026-01-07 20:24:45.838000+00:00,
2026-01-07T20:24:45.838Z,DISCOVERY_DIAL_DECISION,16Uiu2HAkwm8w2xQjYrdq8ba4pfNML1wZWTTTw6qTUix9f9Scfi5P,,,,,,,,,,,,,,,,,,,,,,,,2.0,0.0,,attempt_dial,,,,,,,,,,,,,,,,,,,,,,,,,,,,,,,,,,,,,,,,,,,,,,,,,,,,,2026-01-07 20:24:45.838000+00:00,
2026-01-07T20:24:45.973Z,DIAL_FAILURE,16Uiu2HAkwm8w2xQjYrdq8ba4pfNML1wZWTTTw6qTUix9f9Scfi5P,,,,,,,,,,,,,,,,,,,,,,,,,,,,unexpected end of input,135.0,,,,,,,,,,,,,,,,,,,,,,,,,,,,,,,,,,,,,,,,,,,,,,,,,,,2026-01-07 20:24:45.973000+00:00,
2026-01-07T20:24:48.687Z,DIAL_CHECK_START,16Uiu2HAmGQ69vcQi7pxfzTPtKCVtbm3ZVBwtzB3JMYXcQKWEMtWf,,,,,,,,,,,,,,,,,,,,,,,,2.0,0.0,8216.0,,,,,,,,,,,,,,,,,,,,,,,,,,,,,,,,,,,,,,,,,,,,,,,,,,,,,,2026-01-07 20:24:48.687000+00:00,
2026-01-07T20:24:48.687Z,DIAL_ATTEMPT_START,16Uiu2HAmGQ69vcQi7pxfzTPtKCVtbm3ZVBwtzB3JMYXcQKWEMtWf,,,,,,,,,,,,,,,,,,,8216.0,,,,1767817488687.0,,,,,,,,,,,,,,,,,,,,,,,,,,,,,,,,,,,,,,,,,,,,,,,,,,,,,,,,,2026-01-07 20:24:48.687000+00:00,
2026-01-07T20:24:48.688Z,DISCOVERY_DIAL_DECISION,16Uiu2HAmGQ69vcQi7pxfzTPtKCVtbm3ZVBwtzB3JMYXcQKWEMtWf,,,,,,,,,,,,,,,,,,,,,,,,2.0,0.0,,attempt_dial,,,,,,,,,,,,,,,,,,,,,,,,,,,,,,,,,,,,,,,,,,,,,,,,,,,,,2026-01-07 20:24:48.688000+00:00,
2026-01-07T20:24:48.947Z,DIAL_FAILURE,16Uiu2HAmGQ69vcQi7pxfzTPtKCVtbm3ZVBwtzB3JMYXcQKWEMtWf,,,,,,,,,,,,,,,,,,,,,,,,,,,,unexpected end of input,260.0,,,,,,,,,,,,,,,,,,,,,,,,,,,,,,,,,,,,,,,,,,,,,,,,,,,2026-01-07 20:24:48.947000+00:00,
2026-01-07T20:24:56.143Z,DISCOVERY_FINDNODE_RESULT,unknown,,,,,,,,,,,,,,,,,,,,,,,,,,,,,,,,,,,,,,,,,,,,,,,,,,,,,,,,,,,,,,,,,,,16.0,60003.0,,,,,,,,,,,,2026-01-07 20:24:56.143000+00:00,
2026-01-07T20:24:56.144Z,HEARTBEAT_DISCOVERY_NEEDED,unknown,,,,,,,,191.0,0.0,none,2.0,0.0,0.0,NO,0.0,0.0,9340324.0,9340324.0,,,,,,,,,,,,,,,,,,,,,,,,,,,,,,,,,,,,,,,,,,,,,,,,,,,,,,,,,,,,,,2026-01-07 20:24:56.144000+00:00,
2026-01-07T20:24:56.144Z,DISCOVERY_START,discovery,,,,,,,,,,,,,,,,,,,191.0,,2.0,,,,,,,,,,,,,,,,,,,,,,,,,,,,,,,,,,,,,,,,,,,,,,,,,,,,,,,,,,,2026-01-07 20:24:56.144000+00:00,
2026-01-07T20:24:56.144Z,DISCOVERY_FINDNODE_START,unknown,,,,,,,,,,,,,,,,,,,8406.0,,,0.0,1767817496144.0,,,,,,,,,,,,,,,,,,,,,,,,,,,,,,,,,,,,,,,,,,,,,,,,,,,,,,,,,2026-01-07 20:24:56.144000+00:00,
2026-01-07T20:24:56.217Z,DIAL_CHECK_START,16Uiu2HAmSYQo1eEWDRuoC2vGeXdaU5cPz1MVGRAZMQTs5d9zcYUA,,,,,,,,,,,,,,,,,,,,,,,,2.0,0.0,8406.0,,,,,,,,,,,,,,,,,,,,,,,,,,,,,,,,,,,,,,,,,,,,,,,,,,,,,,2026-01-07 20:24:56.217000+00:00,
2026-01-07T20:24:56.217Z,DIAL_ATTEMPT_START,16Uiu2HAmSYQo1eEWDRuoC2vGeXdaU5cPz1MVGRAZMQTs5d9zcYUA,,,,,,,,,,,,,,,,,,,8406.0,,,,1767817496217.0,,,,,,,,,,,,,,,,,,,,,,,,,,,,,,,,,,,,,,,,,,,,,,,,,,,,,,,,,2026-01-07 20:24:56.217000+00:00,
2026-01-07T20:24:56.217Z,DISCOVERY_DIAL_DECISION,16Uiu2HAmSYQo1eEWDRuoC2vGeXdaU5cPz1MVGRAZMQTs5d9zcYUA,,,,,,,,,,,,,,,,,,,,,,,,2.0,0.0,,attempt_dial,,,,,,,,,,,,,,,,,,,,,,,,,,,,,,,,,,,,,,,,,,,,,,,,,,,,,2026-01-07 20:24:56.217000+00:00,
2026-01-07T20:24:56.282Z,DIAL_CHECK_START,16Uiu2HAmHC67yLMggoGaAFyhm92jraDHTuoGGa3ZgM5dUoooFqc2,,,,,,,,,,,,,,,,,,,,,,,,2.0,4.0,8405.0,,,,,,,,,,,,,,,,,,,,,,,,,,,,,,,,,,,,,,,,,,,,,,,,,,,,,,2026-01-07 20:24:56.282000+00:00,
2026-01-07T20:24:56.282Z,DIAL_ATTEMPT_START,16Uiu2HAmHC67yLMggoGaAFyhm92jraDHTuoGGa3ZgM5dUoooFqc2,,,,,,,,,,,,,,,,,,,8405.0,,,,1767817496282.0,,,,,,,,,,,,,,,,,,,,,,,,,,,,,,,,,,,,,,,,,,,,,,,,,,,,,,,,,2026-01-07 20:24:56.282000+00:00,
2026-01-07T20:24:56.282Z,DISCOVERY_DIAL_DECISION,16Uiu2HAmHC67yLMggoGaAFyhm92jraDHTuoGGa3ZgM5dUoooFqc2,,,,,,,,,,,,,,,,,,,,,,,,2.0,4.0,,attempt_dial,,,,,,,,,,,,,,,,,,,,,,,,,,,,,,,,,,,,,,,,,,,,,,,,,,,,,2026-01-07 20:24:56.282000+00:00,
2026-01-07T20:24:56.283Z,DIAL_CHECK_START,16Uiu2HAmD1T5b1AKyzNGB2xk2g2y6gTQxLWQZAAyt1maBEmPLtt6,,,,,,,,,,,,,,,,,,,,,,,,2.0,0.0,8404.0,,,,,,,,,,,,,,,,,,,,,,,,,,,,,,,,,,,,,,,,,,,,,,,,,,,,,,2026-01-07 20:24:56.283000+00:00,
2026-01-07T20:24:56.283Z,DIAL_ATTEMPT_START,16Uiu2HAmD1T5b1AKyzNGB2xk2g2y6gTQxLWQZAAyt1maBEmPLtt6,,,,,,,,,,,,,,,,,,,8404.0,,,,1767817496283.0,,,,,,,,,,,,,,,,,,,,,,,,,,,,,,,,,,,,,,,,,,,,,,,,,,,,,,,,,2026-01-07 20:24:56.283000+00:00,
2026-01-07T20:24:56.284Z,DISCOVERY_DIAL_DECISION,16Uiu2HAmD1T5b1AKyzNGB2xk2g2y6gTQxLWQZAAyt1maBEmPLtt6,,,,,,,,,,,,,,,,,,,,,,,,2.0,0.0,,attempt_dial,,,,,,,,,,,,,,,,,,,,,,,,,,,,,,,,,,,,,,,,,,,,,,,,,,,,,2026-01-07 20:24:56.284000+00:00,
2026-01-07T20:24:56.362Z,DIAL_FAILURE,16Uiu2HAmD1T5b1AKyzNGB2xk2g2y6gTQxLWQZAAyt1maBEmPLtt6,,,,,,,,,,,,,,,,,,,,,,,,,,,,unexpected end of input,79.0,,,,,,,,,,,,,,,,,,,,,,,,,,,,,,,,,,,,,,,,,,,,,,,,,,,2026-01-07 20:24:56.362000+00:00,
2026-01-07T20:24:56.418Z,DIAL_CHECK_START,16Uiu2HAky4ao7WuYcbSZchJGyZf6EYiosjm63MEsaCp8rDoX2io9,,,,,,,,,,,,,,,,,,,,,,,,64.0,4.0,8403.0,,,,,,,,,,,,,,,,,,,,,,,,,,,,,,,,,,,,,,,,,,,,,,,,,,,,,,2026-01-07 20:24:56.418000+00:00,
2026-01-07T20:24:56.418Z,DIAL_ATTEMPT_START,16Uiu2HAky4ao7WuYcbSZchJGyZf6EYiosjm63MEsaCp8rDoX2io9,,,,,,,,,,,,,,,,,,,8403.0,,,,1767817496418.0,,,,,,,,,,,,,,,,,,,,,,,,,,,,,,,,,,,,,,,,,,,,,,,,,,,,,,,,,2026-01-07 20:24:56.418000+00:00,
2026-01-07T20:24:56.418Z,DISCOVERY_DIAL_DECISION,16Uiu2HAky4ao7WuYcbSZchJGyZf6EYiosjm63MEsaCp8rDoX2io9,,,,,,,,,,,,,,,,,,,,,,,,64.0,4.0,,attempt_dial,,,,,,,,,,,,,,,,,,,,,,,,,,,,,,,,,,,,,,,,,,,,,,,,,,,,,2026-01-07 20:24:56.418000+00:00,
2026-01-07T20:24:56.680Z,DIAL_CHECK_START,16Uiu2HAmG69dDpXBZhoSC14kZ8H8NDZXPMRK5BTuZSqpvJW2Pr6M,,,,,,,,,,,,,,,,,,,,,,,,2.0,0.0,8402.0,,,,,,,,,,,,,,,,,,,,,,,,,,,,,,,,,,,,,,,,,,,,,,,,,,,,,,2026-01-07 20:24:56.680000+00:00,
2026-01-07T20:24:56.680Z,DIAL_ATTEMPT_START,16Uiu2HAmG69dDpXBZhoSC14kZ8H8NDZXPMRK5BTuZSqpvJW2Pr6M,,,,,,,,,,,,,,,,,,,8402.0,,,,1767817496680.0,,,,,,,,,,,,,,,,,,,,,,,,,,,,,,,,,,,,,,,,,,,,,,,,,,,,,,,,,2026-01-07 20:24:56.680000+00:00,
2026-01-07T20:24:56.681Z,DISCOVERY_DIAL_DECISION,16Uiu2HAmG69dDpXBZhoSC14kZ8H8NDZXPMRK5BTuZSqpvJW2Pr6M,,,,,,,,,,,,,,,,,,,,,,,,2.0,0.0,,attempt_dial,,,,,,,,,,,,,,,,,,,,,,,,,,,,,,,,,,,,,,,,,,,,,,,,,,,,,2026-01-07 20:24:56.681000+00:00,
2026-01-07T20:24:56.682Z,DIAL_CHECK_START,16Uiu2HAmG69dDpXBZhoSC14kZ8H8NDZXPMRK5BTuZSqpvJW2Pr6M,,,,,,,,,,,,,,,,,,,,,,,,0.0,0.0,8401.0,,,,,,,,,,,,,,,,,,,,,,,,,,,,,,,,,,,,,,,,,,,,,,,,,,,,,,2026-01-07 20:24:56.682000+00:00,
2026-01-07T20:24:56.682Z,DIAL_ATTEMPT_START,16Uiu2HAmG69dDpXBZhoSC14kZ8H8NDZXPMRK5BTuZSqpvJW2Pr6M,,,,,,,,,,,,,,,,,,,8401.0,,,,1767817496682.0,,,,,,,,,,,,,,,,,,,,,,,,,,,,,,,,,,,,,,,,,,,,,,,,,,,,,,,,,2026-01-07 20:24:56.682000+00:00,
2026-01-07T20:24:56.682Z,DISCOVERY_DIAL_DECISION,16Uiu2HAmG69dDpXBZhoSC14kZ8H8NDZXPMRK5BTuZSqpvJW2Pr6M,,,,,,,,,,,,,,,,,,,,,,,,0.0,0.0,,attempt_dial,,,,,,,,,,,,,,,,,,,,,,,,,,,,,,,,,,,,,,,,,,,,,,,,,,,,,2026-01-07 20:24:56.682000+00:00,
2026-01-07T20:24:56.749Z,DIAL_SUCCESS,16Uiu2HAmSYQo1eEWDRuoC2vGeXdaU5cPz1MVGRAZMQTs5d9zcYUA,,,,,,,,,,,,,,,,,,,,,,,,,,,,,532.0,,,,,,,,,,,,,,,,,,,,,,,,,,,,,,,,,,,,,,,,,,,,,,,,,,,2026-01-07 20:24:56.749000+00:00,
2026-01-07T20:24:56.771Z,DIAL_SUCCESS,16Uiu2HAmHC67yLMggoGaAFyhm92jraDHTuoGGa3ZgM5dUoooFqc2,,,,,,,,,,,,,,,,,,,,,,,,,,,,,489.0,,,,,,,,,,,,,,,,,,,,,,,,,,,,,,,,,,,,,,,,,,,,,,,,,,,2026-01-07 20:24:56.771000+00:00,
2026-01-07T20:24:56.845Z,DIAL_SUCCESS,16Uiu2HAmG69dDpXBZhoSC14kZ8H8NDZXPMRK5BTuZSqpvJW2Pr6M,,,,,,,,,,,,,,,,,,,,,,,,,,,,,163.0,,,,,,,,,,,,,,,,,,,,,,,,,,,,,,,,,,,,,,,,,,,,,,,,,,,2026-01-07 20:24:56.845000+00:00,
2026-01-07T20:24:56.845Z,DIAL_SUCCESS,16Uiu2HAmG69dDpXBZhoSC14kZ8H8NDZXPMRK5BTuZSqpvJW2Pr6M,,,,,,,,,,,,,,,,,,,,,,,,,,,,,165.0,,,,,,,,,,,,,,,,,,,,,,,,,,,,,,,,,,,,,,,,,,,,,,,,,,,2026-01-07 20:24:56.845000+00:00,
2026-01-07T20:24:56.903Z,DIAL_SUCCESS,16Uiu2HAky4ao7WuYcbSZchJGyZf6EYiosjm63MEsaCp8rDoX2io9,,,,,,,,,,,,,,,,,,,,,,,,,,,,,485.0,,,,,,,,,,,,,,,,,,,,,,,,,,,,,,,,,,,,,,,,,,,,,,,,,,,2026-01-07 20:24:56.903000+00:00,
2026-01-07T20:24:57.060Z,DIAL_CHECK_START,16Uiu2HAmPFpjqYb9jnRGxcmdWGqubtjfYiQrpavJWNazuzZf6HBj,,,,,,,,,,,,,,,,,,,,,,,,2.0,0.0,8400.0,,,,,,,,,,,,,,,,,,,,,,,,,,,,,,,,,,,,,,,,,,,,,,,,,,,,,,2026-01-07 20:24:57.060000+00:00,
2026-01-07T20:24:57.060Z,DIAL_ATTEMPT_START,16Uiu2HAmPFpjqYb9jnRGxcmdWGqubtjfYiQrpavJWNazuzZf6HBj,,,,,,,,,,,,,,,,,,,8400.0,,,,1767817497060.0,,,,,,,,,,,,,,,,,,,,,,,,,,,,,,,,,,,,,,,,,,,,,,,,,,,,,,,,,2026-01-07 20:24:57.060000+00:00,
2026-01-07T20:24:57.060Z,DISCOVERY_DIAL_DECISION,16Uiu2HAmPFpjqYb9jnRGxcmdWGqubtjfYiQrpavJWNazuzZf6HBj,,,,,,,,,,,,,,,,,,,,,,,,2.0,0.0,,attempt_dial,,,,,,,,,,,,,,,,,,,,,,,,,,,,,,,,,,,,,,,,,,,,,,,,,,,,,2026-01-07 20:24:57.060000+00:00,
2026-01-07T20:24:57.298Z,DIAL_CHECK_START,16Uiu2HAm3fgBrLcNkGMMVYhqS4wzsic64EU1MkPK81wWCHbJQE9u,,,,,,,,,,,,,,,,,,,,,,,,2.0,0.0,8399.0,,,,,,,,,,,,,,,,,,,,,,,,,,,,,,,,,,,,,,,,,,,,,,,,,,,,,,2026-01-07 20:24:57.298000+00:00,
2026-01-07T20:24:57.298Z,DIAL_ATTEMPT_START,16Uiu2HAm3fgBrLcNkGMMVYhqS4wzsic64EU1MkPK81wWCHbJQE9u,,,,,,,,,,,,,,,,,,,8399.0,,,,1767817497298.0,,,,,,,,,,,,,,,,,,,,,,,,,,,,,,,,,,,,,,,,,,,,,,,,,,,,,,,,,2026-01-07 20:24:57.298000+00:00,
2026-01-07T20:24:57.298Z,DISCOVERY_DIAL_DECISION,16Uiu2HAm3fgBrLcNkGMMVYhqS4wzsic64EU1MkPK81wWCHbJQE9u,,,,,,,,,,,,,,,,,,,,,,,,2.0,0.0,,attempt_dial,,,,,,,,,,,,,,,,,,,,,,,,,,,,,,,,,,,,,,,,,,,,,,,,,,,,,2026-01-07 20:24:57.298000+00:00,
2026-01-07T20:24:57.777Z,DIAL_SUCCESS,16Uiu2HAmPFpjqYb9jnRGxcmdWGqubtjfYiQrpavJWNazuzZf6HBj,,,,,,,,,,,,,,,,,,,,,,,,,,,,,717.0,,,,,,,,,,,,,,,,,,,,,,,,,,,,,,,,,,,,,,,,,,,,,,,,,,,2026-01-07 20:24:57.777000+00:00,
2026-01-07T20:25:21.484Z,DIAL_CHECK_START,16Uiu2HAkxV34mgQhGztfz42hqsxr3EKxgwbT7bWbASfE9Nvw4F5u,,,,,,,,,,,,,,,,,,,,,,,,2.0,0.0,8398.0,,,,,,,,,,,,,,,,,,,,,,,,,,,,,,,,,,,,,,,,,,,,,,,,,,,,,,2026-01-07 20:25:21.484000+00:00,
2026-01-07T20:25:21.484Z,DIAL_ATTEMPT_START,16Uiu2HAkxV34mgQhGztfz42hqsxr3EKxgwbT7bWbASfE9Nvw4F5u,,,,,,,,,,,,,,,,,,,8398.0,,,,1767817521484.0,,,,,,,,,,,,,,,,,,,,,,,,,,,,,,,,,,,,,,,,,,,,,,,,,,,,,,,,,2026-01-07 20:25:21.484000+00:00,
2026-01-07T20:25:21.484Z,DISCOVERY_DIAL_DECISION,16Uiu2HAkxV34mgQhGztfz42hqsxr3EKxgwbT7bWbASfE9Nvw4F5u,,,,,,,,,,,,,,,,,,,,,,,,2.0,0.0,,attempt_dial,,,,,,,,,,,,,,,,,,,,,,,,,,,,,,,,,,,,,,,,,,,,,,,,,,,,,2026-01-07 20:25:21.484000+00:00,
2026-01-07T20:25:21.486Z,DIAL_CHECK_START,16Uiu2HAkxV34mgQhGztfz42hqsxr3EKxgwbT7bWbASfE9Nvw4F5u,,,,,,,,,,,,,,,,,,,,,,,,0.0,0.0,8397.0,,,,,,,,,,,,,,,,,,,,,,,,,,,,,,,,,,,,,,,,,,,,,,,,,,,,,,2026-01-07 20:25:21.486000+00:00,
2026-01-07T20:25:21.486Z,DIAL_ATTEMPT_START,16Uiu2HAkxV34mgQhGztfz42hqsxr3EKxgwbT7bWbASfE9Nvw4F5u,,,,,,,,,,,,,,,,,,,8397.0,,,,1767817521486.0,,,,,,,,,,,,,,,,,,,,,,,,,,,,,,,,,,,,,,,,,,,,,,,,,,,,,,,,,2026-01-07 20:25:21.486000+00:00,
2026-01-07T20:25:21.486Z,DISCOVERY_DIAL_DECISION,16Uiu2HAkxV34mgQhGztfz42hqsxr3EKxgwbT7bWbASfE9Nvw4F5u,,,,,,,,,,,,,,,,,,,,,,,,0.0,0.0,,attempt_dial,,,,,,,,,,,,,,,,,,,,,,,,,,,,,,,,,,,,,,,,,,,,,,,,,,,,,2026-01-07 20:25:21.486000+00:00,
2026-01-07T20:25:22.159Z,DIAL_CHECK_START,16Uiu2HAkwzLBZTSDHXH6Ckz7f6pWs3N6qEm3qm46j2SjijNiUgtp,,,,,,,,,,,,,,,,,,,,,,,,2.0,0.0,8396.0,,,,,,,,,,,,,,,,,,,,,,,,,,,,,,,,,,,,,,,,,,,,,,,,,,,,,,2026-01-07 20:25:22.159000+00:00,
2026-01-07T20:25:22.160Z,DIAL_ATTEMPT_START,16Uiu2HAkwzLBZTSDHXH6Ckz7f6pWs3N6qEm3qm46j2SjijNiUgtp,,,,,,,,,,,,,,,,,,,8396.0,,,,1767817522160.0,,,,,,,,,,,,,,,,,,,,,,,,,,,,,,,,,,,,,,,,,,,,,,,,,,,,,,,,,2026-01-07 20:25:22.160000+00:00,
2026-01-07T20:25:22.160Z,DISCOVERY_DIAL_DECISION,16Uiu2HAkwzLBZTSDHXH6Ckz7f6pWs3N6qEm3qm46j2SjijNiUgtp,,,,,,,,,,,,,,,,,,,,,,,,2.0,0.0,,attempt_dial,,,,,,,,,,,,,,,,,,,,,,,,,,,,,,,,,,,,,,,,,,,,,,,,,,,,,2026-01-07 20:25:22.160000+00:00,
2026-01-07T20:25:26.038Z,DIAL_FAILURE,16Uiu2HAm4WjA4PaK8f5fWqAuFYrP9khBLTbUgXUERLYLFwzHvC7E,,,,,,,,,,,,,,,,,,,,,,,,,,,,connection error 104.155.231.218:1536: connect ETIMEDOUT 104.155.231.218:1536,133099.0,,,,,,,,,,,,,,,,,,,,,,,,,,,,,,,,,,,,,,,,,,,,,,,,,,,2026-01-07 20:25:26.038000+00:00,
2026-01-07T20:25:26.157Z,HEARTBEAT_DISCOVERY_NEEDED,unknown,,,,,,,,191.0,0.0,none,2.0,0.0,0.0,NO,0.0,0.0,9340327.0,9340327.0,,,,,,,,,,,,,,,,,,,,,,,,,,,,,,,,,,,,,,,,,,,,,,,,,,,,,,,,,,,,,,2026-01-07 20:25:26.157000+00:00,
2026-01-07T20:25:26.157Z,DISCOVERY_START,discovery,,,,,,,,,,,,,,,,,,,191.0,,2.0,,,,,,,,,,,,,,,,,,,,,,,,,,,,,,,,,,,,,,,,,,,,,,,,,,,,,,,,,,,2026-01-07 20:25:26.157000+00:00,
2026-01-07T20:25:30.134Z,DIAL_FAILURE,16Uiu2HAmPu8zPRPrGx3vVg5B2STSQwSsisUTGcARxj6SWcTeDGwu,,,,,,,,,,,,,,,,,,,,,,,,,,,,connection error 54.69.186.54:9000: connect ETIMEDOUT 54.69.186.54:9000,132920.0,,,,,,,,,,,,,,,,,,,,,,,,,,,,,,,,,,,,,,,,,,,,,,,,,,,2026-01-07 20:25:30.134000+00:00,
2026-01-07T20:25:50.827Z,DIAL_CHECK_START,16Uiu2HAmM9fJAHwxqSUKfdyjmVKwbkh2C9SpPs9hF6VC4pXCjsJy,,,,,,,,,,,,,,,,,,,,,,,,2.0,0.0,8586.0,,,,,,,,,,,,,,,,,,,,,,,,,,,,,,,,,,,,,,,,,,,,,,,,,,,,,,2026-01-07 20:25:50.827000+00:00,
2026-01-07T20:25:50.827Z,DIAL_ATTEMPT_START,16Uiu2HAmM9fJAHwxqSUKfdyjmVKwbkh2C9SpPs9hF6VC4pXCjsJy,,,,,,,,,,,,,,,,,,,8586.0,,,,1767817550827.0,,,,,,,,,,,,,,,,,,,,,,,,,,,,,,,,,,,,,,,,,,,,,,,,,,,,,,,,,2026-01-07 20:25:50.827000+00:00,
2026-01-07T20:25:50.827Z,DISCOVERY_DIAL_DECISION,16Uiu2HAmM9fJAHwxqSUKfdyjmVKwbkh2C9SpPs9hF6VC4pXCjsJy,,,,,,,,,,,,,,,,,,,,,,,,2.0,0.0,,attempt_dial,,,,,,,,,,,,,,,,,,,,,,,,,,,,,,,,,,,,,,,,,,,,,,,,,,,,,2026-01-07 20:25:50.827000+00:00,
2026-01-07T20:25:50.828Z,DIAL_CHECK_START,16Uiu2HAmM9fJAHwxqSUKfdyjmVKwbkh2C9SpPs9hF6VC4pXCjsJy,,,,,,,,,,,,,,,,,,,,,,,,0.0,0.0,8585.0,,,,,,,,,,,,,,,,,,,,,,,,,,,,,,,,,,,,,,,,,,,,,,,,,,,,,,2026-01-07 20:25:50.828000+00:00,
2026-01-07T20:25:50.828Z,DIAL_ATTEMPT_START,16Uiu2HAmM9fJAHwxqSUKfdyjmVKwbkh2C9SpPs9hF6VC4pXCjsJy,,,,,,,,,,,,,,,,,,,8585.0,,,,1767817550828.0,,,,,,,,,,,,,,,,,,,,,,,,,,,,,,,,,,,,,,,,,,,,,,,,,,,,,,,,,2026-01-07 20:25:50.828000+00:00,
2026-01-07T20:25:50.828Z,DISCOVERY_DIAL_DECISION,16Uiu2HAmM9fJAHwxqSUKfdyjmVKwbkh2C9SpPs9hF6VC4pXCjsJy,,,,,,,,,,,,,,,,,,,,,,,,0.0,0.0,,attempt_dial,,,,,,,,,,,,,,,,,,,,,,,,,,,,,,,,,,,,,,,,,,,,,,,,,,,,,2026-01-07 20:25:50.828000+00:00,
2026-01-07T20:25:56.153Z,DISCOVERY_FINDNODE_RESULT,unknown,,,,,,,,,,,,,,,,,,,,,,,,,,,,,,,,,,,,,,,,,,,,,,,,,,,,,,,,,,,,,,,,,,,16.0,60009.0,,,,,,,,,,,,2026-01-07 20:25:56.153000+00:00,
2026-01-07T20:25:56.158Z,HEARTBEAT_DISCOVERY_NEEDED,unknown,,,,,,,,192.0,0.0,none,2.0,0.0,0.0,NO,0.0,0.0,9340329.0,9340329.0,,,,,,,,,,,,,,,,,,,,,,,,,,,,,,,,,,,,,,,,,,,,,,,,,,,,,,,,,,,,,,2026-01-07 20:25:56.158000+00:00,
2026-01-07T20:25:56.158Z,DISCOVERY_START,discovery,,,,,,,,,,,,,,,,,,,192.0,,2.0,,,,,,,,,,,,,,,,,,,,,,,,,,,,,,,,,,,,,,,,,,,,,,,,,,,,,,,,,,,2026-01-07 20:25:56.158000+00:00,
2026-01-07T20:25:56.158Z,DISCOVERY_FINDNODE_START,unknown,,,,,,,,,,,,,,,,,,,8776.0,,,0.0,1767817556158.0,,,,,,,,,,,,,,,,,,,,,,,,,,,,,,,,,,,,,,,,,,,,,,,,,,,,,,,,,2026-01-07 20:25:56.158000+00:00,
2026-01-07T20:25:56.629Z,DIAL_CHECK_START,16Uiu2HAmVeUPER1UFquNxicicLK1p5P8Fs61mGkWCYmW7qZFYZQw,,,,,,,,,,,,,,,,,,,,,,,,2.0,0.0,8776.0,,,,,,,,,,,,,,,,,,,,,,,,,,,,,,,,,,,,,,,,,,,,,,,,,,,,,,2026-01-07 20:25:56.629000+00:00,
2026-01-07T20:25:56.629Z,DIAL_ATTEMPT_START,16Uiu2HAmVeUPER1UFquNxicicLK1p5P8Fs61mGkWCYmW7qZFYZQw,,,,,,,,,,,,,,,,,,,8776.0,,,,1767817556629.0,,,,,,,,,,,,,,,,,,,,,,,,,,,,,,,,,,,,,,,,,,,,,,,,,,,,,,,,,2026-01-07 20:25:56.629000+00:00,
2026-01-07T20:25:56.629Z,DISCOVERY_DIAL_DECISION,16Uiu2HAmVeUPER1UFquNxicicLK1p5P8Fs61mGkWCYmW7qZFYZQw,,,,,,,,,,,,,,,,,,,,,,,,2.0,0.0,,attempt_dial,,,,,,,,,,,,,,,,,,,,,,,,,,,,,,,,,,,,,,,,,,,,,,,,,,,,,2026-01-07 20:25:56.629000+00:00,
2026-01-07T20:25:56.762Z,DIAL_CHECK_START,16Uiu2HAkvzo658CEjaky3cRD9wPdThcdbeDvr9E1RkjWDmZfio5Z,,,,,,,,,,,,,,,,,,,,,,,,2.0,0.0,8775.0,,,,,,,,,,,,,,,,,,,,,,,,,,,,,,,,,,,,,,,,,,,,,,,,,,,,,,2026-01-07 20:25:56.762000+00:00,
2026-01-07T20:25:56.762Z,DIAL_ATTEMPT_START,16Uiu2HAkvzo658CEjaky3cRD9wPdThcdbeDvr9E1RkjWDmZfio5Z,,,,,,,,,,,,,,,,,,,8775.0,,,,1767817556762.0,,,,,,,,,,,,,,,,,,,,,,,,,,,,,,,,,,,,,,,,,,,,,,,,,,,,,,,,,2026-01-07 20:25:56.762000+00:00,
2026-01-07T20:25:56.762Z,DISCOVERY_DIAL_DECISION,16Uiu2HAkvzo658CEjaky3cRD9wPdThcdbeDvr9E1RkjWDmZfio5Z,,,,,,,,,,,,,,,,,,,,,,,,2.0,0.0,,attempt_dial,,,,,,,,,,,,,,,,,,,,,,,,,,,,,,,,,,,,,,,,,,,,,,,,,,,,,2026-01-07 20:25:56.762000+00:00,
2026-01-07T20:25:56.849Z,DIAL_CHECK_START,16Uiu2HAmBJYeBsPeHy1j2yd99QYxoVyXVHTjd1GCqCLVSwSnxfxU,,,,,,,,,,,,,,,,,,,,,,,,2.0,0.0,8774.0,,,,,,,,,,,,,,,,,,,,,,,,,,,,,,,,,,,,,,,,,,,,,,,,,,,,,,2026-01-07 20:25:56.849000+00:00,
2026-01-07T20:25:56.849Z,DIAL_ATTEMPT_START,16Uiu2HAmBJYeBsPeHy1j2yd99QYxoVyXVHTjd1GCqCLVSwSnxfxU,,,,,,,,,,,,,,,,,,,8774.0,,,,1767817556849.0,,,,,,,,,,,,,,,,,,,,,,,,,,,,,,,,,,,,,,,,,,,,,,,,,,,,,,,,,2026-01-07 20:25:56.849000+00:00,
2026-01-07T20:25:56.850Z,DISCOVERY_DIAL_DECISION,16Uiu2HAmBJYeBsPeHy1j2yd99QYxoVyXVHTjd1GCqCLVSwSnxfxU,,,,,,,,,,,,,,,,,,,,,,,,2.0,0.0,,attempt_dial,,,,,,,,,,,,,,,,,,,,,,,,,,,,,,,,,,,,,,,,,,,,,,,,,,,,,2026-01-07 20:25:56.850000+00:00,
2026-01-07T20:25:56.851Z,DIAL_CHECK_START,16Uiu2HAmBJYeBsPeHy1j2yd99QYxoVyXVHTjd1GCqCLVSwSnxfxU,,,,,,,,,,,,,,,,,,,,,,,,0.0,0.0,8773.0,,,,,,,,,,,,,,,,,,,,,,,,,,,,,,,,,,,,,,,,,,,,,,,,,,,,,,2026-01-07 20:25:56.851000+00:00,
2026-01-07T20:25:56.851Z,DIAL_ATTEMPT_START,16Uiu2HAmBJYeBsPeHy1j2yd99QYxoVyXVHTjd1GCqCLVSwSnxfxU,,,,,,,,,,,,,,,,,,,8773.0,,,,1767817556851.0,,,,,,,,,,,,,,,,,,,,,,,,,,,,,,,,,,,,,,,,,,,,,,,,,,,,,,,,,2026-01-07 20:25:56.851000+00:00,
2026-01-07T20:25:56.851Z,DISCOVERY_DIAL_DECISION,16Uiu2HAmBJYeBsPeHy1j2yd99QYxoVyXVHTjd1GCqCLVSwSnxfxU,,,,,,,,,,,,,,,,,,,,,,,,0.0,0.0,,attempt_dial,,,,,,,,,,,,,,,,,,,,,,,,,,,,,,,,,,,,,,,,,,,,,,,,,,,,,2026-01-07 20:25:56.851000+00:00,
2026-01-07T20:25:56.910Z,DIAL_SUCCESS,16Uiu2HAkvzo658CEjaky3cRD9wPdThcdbeDvr9E1RkjWDmZfio5Z,,,,,,,,,,,,,,,,,,,,,,,,,,,,,148.0,,,,,,,,,,,,,,,,,,,,,,,,,,,,,,,,,,,,,,,,,,,,,,,,,,,2026-01-07 20:25:56.910000+00:00,
2026-01-07T20:25:57.232Z,DIAL_SUCCESS,16Uiu2HAmBJYeBsPeHy1j2yd99QYxoVyXVHTjd1GCqCLVSwSnxfxU,,,,,,,,,,,,,,,,,,,,,,,,,,,,,381.0,,,,,,,,,,,,,,,,,,,,,,,,,,,,,,,,,,,,,,,,,,,,,,,,,,,2026-01-07 20:25:57.232000+00:00,
2026-01-07T20:25:57.232Z,DIAL_SUCCESS,16Uiu2HAmBJYeBsPeHy1j2yd99QYxoVyXVHTjd1GCqCLVSwSnxfxU,,,,,,,,,,,,,,,,,,,,,,,,,,,,,383.0,,,,,,,,,,,,,,,,,,,,,,,,,,,,,,,,,,,,,,,,,,,,,,,,,,,2026-01-07 20:25:57.232000+00:00,
2026-01-07T20:25:57.918Z,DIAL_CHECK_START,16Uiu2HAmECtQxhGX3VzxkAQGPMHe7axVZxD4pRXG2aLKCajHtzT1,,,,,,,,,,,,,,,,,,,,,,,,2.0,0.0,8772.0,,,,,,,,,,,,,,,,,,,,,,,,,,,,,,,,,,,,,,,,,,,,,,,,,,,,,,2026-01-07 20:25:57.918000+00:00,
2026-01-07T20:25:57.918Z,DIAL_ATTEMPT_START,16Uiu2HAmECtQxhGX3VzxkAQGPMHe7axVZxD4pRXG2aLKCajHtzT1,,,,,,,,,,,,,,,,,,,8772.0,,,,1767817557918.0,,,,,,,,,,,,,,,,,,,,,,,,,,,,,,,,,,,,,,,,,,,,,,,,,,,,,,,,,2026-01-07 20:25:57.918000+00:00,
2026-01-07T20:25:57.918Z,DISCOVERY_DIAL_DECISION,16Uiu2HAmECtQxhGX3VzxkAQGPMHe7axVZxD4pRXG2aLKCajHtzT1,,,,,,,,,,,,,,,,,,,,,,,,2.0,0.0,,attempt_dial,,,,,,,,,,,,,,,,,,,,,,,,,,,,,,,,,,,,,,,,,,,,,,,,,,,,,2026-01-07 20:25:57.918000+00:00,
2026-01-07T20:26:00.547Z,DIAL_CHECK_START,16Uiu2HAmCQgnzMKMbo5H9CM4PXgZeogJffffPTPwLoFErJdqD4XQ,,,,,,,,,,,,,,,,,,,,,,,,2.0,0.0,8771.0,,,,,,,,,,,,,,,,,,,,,,,,,,,,,,,,,,,,,,,,,,,,,,,,,,,,,,2026-01-07 20:26:00.547000+00:00,
2026-01-07T20:26:00.547Z,DIAL_ATTEMPT_START,16Uiu2HAmCQgnzMKMbo5H9CM4PXgZeogJffffPTPwLoFErJdqD4XQ,,,,,,,,,,,,,,,,,,,8771.0,,,,1767817560547.0,,,,,,,,,,,,,,,,,,,,,,,,,,,,,,,,,,,,,,,,,,,,,,,,,,,,,,,,,2026-01-07 20:26:00.547000+00:00,
2026-01-07T20:26:00.547Z,DISCOVERY_DIAL_DECISION,16Uiu2HAmCQgnzMKMbo5H9CM4PXgZeogJffffPTPwLoFErJdqD4XQ,,,,,,,,,,,,,,,,,,,,,,,,2.0,0.0,,attempt_dial,,,,,,,,,,,,,,,,,,,,,,,,,,,,,,,,,,,,,,,,,,,,,,,,,,,,,2026-01-07 20:26:00.547000+00:00,
2026-01-07T20:26:00.742Z,DIAL_SUCCESS,16Uiu2HAmCQgnzMKMbo5H9CM4PXgZeogJffffPTPwLoFErJdqD4XQ,,,,,,,,,,,,,,,,,,,,,,,,,,,,,195.0,,,,,,,,,,,,,,,,,,,,,,,,,,,,,,,,,,,,,,,,,,,,,,,,,,,2026-01-07 20:26:00.742000+00:00,
2026-01-07T20:26:01.115Z,DIAL_CHECK_START,16Uiu2HAmAtN3JK2gPqz9dVdtYuBFkBbievgsG8e7dyu4DJr365Tx,,,,,,,,,,,,,,,,,,,,,,,,2.0,0.0,8770.0,,,,,,,,,,,,,,,,,,,,,,,,,,,,,,,,,,,,,,,,,,,,,,,,,,,,,,2026-01-07 20:26:01.115000+00:00,
2026-01-07T20:26:01.115Z,DIAL_ATTEMPT_START,16Uiu2HAmAtN3JK2gPqz9dVdtYuBFkBbievgsG8e7dyu4DJr365Tx,,,,,,,,,,,,,,,,,,,8770.0,,,,1767817561115.0,,,,,,,,,,,,,,,,,,,,,,,,,,,,,,,,,,,,,,,,,,,,,,,,,,,,,,,,,2026-01-07 20:26:01.115000+00:00,
2026-01-07T20:26:01.116Z,DISCOVERY_DIAL_DECISION,16Uiu2HAmAtN3JK2gPqz9dVdtYuBFkBbievgsG8e7dyu4DJr365Tx,,,,,,,,,,,,,,,,,,,,,,,,2.0,0.0,,attempt_dial,,,,,,,,,,,,,,,,,,,,,,,,,,,,,,,,,,,,,,,,,,,,,,,,,,,,,2026-01-07 20:26:01.116000+00:00,
2026-01-07T20:26:01.117Z,DIAL_CHECK_START,16Uiu2HAmAtN3JK2gPqz9dVdtYuBFkBbievgsG8e7dyu4DJr365Tx,,,,,,,,,,,,,,,,,,,,,,,,0.0,0.0,8769.0,,,,,,,,,,,,,,,,,,,,,,,,,,,,,,,,,,,,,,,,,,,,,,,,,,,,,,2026-01-07 20:26:01.117000+00:00,
2026-01-07T20:26:01.117Z,DIAL_ATTEMPT_START,16Uiu2HAmAtN3JK2gPqz9dVdtYuBFkBbievgsG8e7dyu4DJr365Tx,,,,,,,,,,,,,,,,,,,8769.0,,,,1767817561117.0,,,,,,,,,,,,,,,,,,,,,,,,,,,,,,,,,,,,,,,,,,,,,,,,,,,,,,,,,2026-01-07 20:26:01.117000+00:00,
2026-01-07T20:26:01.117Z,DISCOVERY_DIAL_DECISION,16Uiu2HAmAtN3JK2gPqz9dVdtYuBFkBbievgsG8e7dyu4DJr365Tx,,,,,,,,,,,,,,,,,,,,,,,,0.0,0.0,,attempt_dial,,,,,,,,,,,,,,,,,,,,,,,,,,,,,,,,,,,,,,,,,,,,,,,,,,,,,2026-01-07 20:26:01.117000+00:00,
2026-01-07T20:26:10.468Z,DIAL_CHECK_START,16Uiu2HAm5Pt4nuKGop4uBDrLE6vrn2rFkxsTVNND3EMpsEqf4Vxf,,,,,,,,,,,,,,,,,,,,,,,,2.0,0.0,8768.0,,,,,,,,,,,,,,,,,,,,,,,,,,,,,,,,,,,,,,,,,,,,,,,,,,,,,,2026-01-07 20:26:10.468000+00:00,
2026-01-07T20:26:10.468Z,DIAL_ATTEMPT_START,16Uiu2HAm5Pt4nuKGop4uBDrLE6vrn2rFkxsTVNND3EMpsEqf4Vxf,,,,,,,,,,,,,,,,,,,8768.0,,,,1767817570468.0,,,,,,,,,,,,,,,,,,,,,,,,,,,,,,,,,,,,,,,,,,,,,,,,,,,,,,,,,2026-01-07 20:26:10.468000+00:00,
2026-01-07T20:26:10.468Z,DISCOVERY_DIAL_DECISION,16Uiu2HAm5Pt4nuKGop4uBDrLE6vrn2rFkxsTVNND3EMpsEqf4Vxf,,,,,,,,,,,,,,,,,,,,,,,,2.0,0.0,,attempt_dial,,,,,,,,,,,,,,,,,,,,,,,,,,,,,,,,,,,,,,,,,,,,,,,,,,,,,2026-01-07 20:26:10.468000+00:00,
2026-01-07T20:26:10.924Z,DIAL_SUCCESS,16Uiu2HAm5Pt4nuKGop4uBDrLE6vrn2rFkxsTVNND3EMpsEqf4Vxf,,,,,,,,,,,,,,,,,,,,,,,,,,,,,456.0,,,,,,,,,,,,,,,,,,,,,,,,,,,,,,,,,,,,,,,,,,,,,,,,,,,2026-01-07 20:26:10.924000+00:00,
2026-01-07T20:26:26.159Z,HEARTBEAT_DISCOVERY_NEEDED,unknown,,,,,,,,189.0,0.0,none,2.0,0.0,0.0,NO,0.0,0.0,9340332.0,9340332.0,,,,,,,,,,,,,,,,,,,,,,,,,,,,,,,,,,,,,,,,,,,,,,,,,,,,,,,,,,,,,,2026-01-07 20:26:26.159000+00:00,
2026-01-07T20:26:26.159Z,DISCOVERY_START,discovery,,,,,,,,,,,,,,,,,,,189.0,,2.0,,,,,,,,,,,,,,,,,,,,,,,,,,,,,,,,,,,,,,,,,,,,,,,,,,,,,,,,,,,2026-01-07 20:26:26.159000+00:00,
2026-01-07T20:26:36.936Z,DIAL_CHECK_START,16Uiu2HAmCQgnzMKMbo5H9CM4PXgZeogJffffPTPwLoFErJdqD4XQ,,,,,,,,,,,,,,,,,,,,,,,,2.0,0.0,8956.0,,,,,,,,,,,,,,,,,,,,,,,,,,,,,,,,,,,,,,,,,,,,,,,,,,,,,,2026-01-07 20:26:36.936000+00:00,
2026-01-07T20:26:36.936Z,DIAL_ATTEMPT_START,16Uiu2HAmCQgnzMKMbo5H9CM4PXgZeogJffffPTPwLoFErJdqD4XQ,,,,,,,,,,,,,,,,,,,8956.0,,,,1767817596936.0,,,,,,,,,,,,,,,,,,,,,,,,,,,,,,,,,,,,,,,,,,,,,,,,,,,,,,,,,2026-01-07 20:26:36.936000+00:00,
2026-01-07T20:26:36.936Z,DISCOVERY_DIAL_DECISION,16Uiu2HAmCQgnzMKMbo5H9CM4PXgZeogJffffPTPwLoFErJdqD4XQ,,,,,,,,,,,,,,,,,,,,,,,,2.0,0.0,,attempt_dial,,,,,,,,,,,,,,,,,,,,,,,,,,,,,,,,,,,,,,,,,,,,,,,,,,,,,2026-01-07 20:26:36.936000+00:00,
2026-01-07T20:26:37.119Z,DIAL_SUCCESS,16Uiu2HAmCQgnzMKMbo5H9CM4PXgZeogJffffPTPwLoFErJdqD4XQ,,,,,,,,,,,,,,,,,,,,,,,,,,,,,183.0,,,,,,,,,,,,,,,,,,,,,,,,,,,,,,,,,,,,,,,,,,,,,,,,,,,2026-01-07 20:26:37.119000+00:00,
2026-01-07T20:26:38.263Z,DIAL_CHECK_START,16Uiu2HAmKVfDSuPKuwcMJPh52HAcUTKbwq6wGzg1ZX9DtXcdGb9c,,,,,,,,,,,,,,,,,,,,,,,,2.0,0.0,8955.0,,,,,,,,,,,,,,,,,,,,,,,,,,,,,,,,,,,,,,,,,,,,,,,,,,,,,,2026-01-07 20:26:38.263000+00:00,
2026-01-07T20:26:38.263Z,DIAL_ATTEMPT_START,16Uiu2HAmKVfDSuPKuwcMJPh52HAcUTKbwq6wGzg1ZX9DtXcdGb9c,,,,,,,,,,,,,,,,,,,8955.0,,,,1767817598263.0,,,,,,,,,,,,,,,,,,,,,,,,,,,,,,,,,,,,,,,,,,,,,,,,,,,,,,,,,2026-01-07 20:26:38.263000+00:00,
2026-01-07T20:26:38.263Z,DISCOVERY_DIAL_DECISION,16Uiu2HAmKVfDSuPKuwcMJPh52HAcUTKbwq6wGzg1ZX9DtXcdGb9c,,,,,,,,,,,,,,,,,,,,,,,,2.0,0.0,,attempt_dial,,,,,,,,,,,,,,,,,,,,,,,,,,,,,,,,,,,,,,,,,,,,,,,,,,,,,2026-01-07 20:26:38.263000+00:00,
2026-01-07T20:26:38.539Z,DIAL_SUCCESS,16Uiu2HAmKVfDSuPKuwcMJPh52HAcUTKbwq6wGzg1ZX9DtXcdGb9c,,,,,,,,,,,,,,,,,,,,,,,,,,,,,276.0,,,,,,,,,,,,,,,,,,,,,,,,,,,,,,,,,,,,,,,,,,,,,,,,,,,2026-01-07 20:26:38.539000+00:00,
2026-01-07T20:26:38.870Z,DIAL_CHECK_START,16Uiu2HAmCqVQPqY1Cpphwzhj4axXe4m1BCyZbG7jNnNea6Pq14j7,,,,,,,,,,,,,,,,,,,,,,,,64.0,4.0,8954.0,,,,,,,,,,,,,,,,,,,,,,,,,,,,,,,,,,,,,,,,,,,,,,,,,,,,,,2026-01-07 20:26:38.870000+00:00,
2026-01-07T20:26:38.870Z,DIAL_ATTEMPT_START,16Uiu2HAmCqVQPqY1Cpphwzhj4axXe4m1BCyZbG7jNnNea6Pq14j7,,,,,,,,,,,,,,,,,,,8954.0,,,,1767817598870.0,,,,,,,,,,,,,,,,,,,,,,,,,,,,,,,,,,,,,,,,,,,,,,,,,,,,,,,,,2026-01-07 20:26:38.870000+00:00,
2026-01-07T20:26:38.870Z,DISCOVERY_DIAL_DECISION,16Uiu2HAmCqVQPqY1Cpphwzhj4axXe4m1BCyZbG7jNnNea6Pq14j7,,,,,,,,,,,,,,,,,,,,,,,,64.0,4.0,,attempt_dial,,,,,,,,,,,,,,,,,,,,,,,,,,,,,,,,,,,,,,,,,,,,,,,,,,,,,2026-01-07 20:26:38.870000+00:00,
2026-01-07T20:26:40.538Z,DIAL_CHECK_START,16Uiu2HAmECtQxhGX3VzxkAQGPMHe7axVZxD4pRXG2aLKCajHtzT1,,,,,,,,,,,,,,,,,,,,,,,,2.0,0.0,8953.0,,,,,,,,,,,,,,,,,,,,,,,,,,,,,,,,,,,,,,,,,,,,,,,,,,,,,,2026-01-07 20:26:40.538000+00:00,
2026-01-07T20:26:40.539Z,DIAL_ATTEMPT_START,16Uiu2HAmECtQxhGX3VzxkAQGPMHe7axVZxD4pRXG2aLKCajHtzT1,,,,,,,,,,,,,,,,,,,8953.0,,,,1767817600539.0,,,,,,,,,,,,,,,,,,,,,,,,,,,,,,,,,,,,,,,,,,,,,,,,,,,,,,,,,2026-01-07 20:26:40.539000+00:00,
2026-01-07T20:26:40.539Z,DISCOVERY_DIAL_DECISION,16Uiu2HAmECtQxhGX3VzxkAQGPMHe7axVZxD4pRXG2aLKCajHtzT1,,,,,,,,,,,,,,,,,,,,,,,,2.0,0.0,,attempt_dial,,,,,,,,,,,,,,,,,,,,,,,,,,,,,,,,,,,,,,,,,,,,,,,,,,,,,2026-01-07 20:26:40.539000+00:00,
2026-01-07T20:26:43.178Z,DIAL_CHECK_START,16Uiu2HAmFDMsqhDdaJy4nEvYYfEisaA1J4ibGTqYdrgRcbf3yszZ,,,,,,,,,,,,,,,,,,,,,,,,2.0,0.0,8952.0,,,,,,,,,,,,,,,,,,,,,,,,,,,,,,,,,,,,,,,,,,,,,,,,,,,,,,2026-01-07 20:26:43.178000+00:00,
2026-01-07T20:26:43.178Z,DIAL_ATTEMPT_START,16Uiu2HAmFDMsqhDdaJy4nEvYYfEisaA1J4ibGTqYdrgRcbf3yszZ,,,,,,,,,,,,,,,,,,,8952.0,,,,1767817603178.0,,,,,,,,,,,,,,,,,,,,,,,,,,,,,,,,,,,,,,,,,,,,,,,,,,,,,,,,,2026-01-07 20:26:43.178000+00:00,
2026-01-07T20:26:43.178Z,DISCOVERY_DIAL_DECISION,16Uiu2HAmFDMsqhDdaJy4nEvYYfEisaA1J4ibGTqYdrgRcbf3yszZ,,,,,,,,,,,,,,,,,,,,,,,,2.0,0.0,,attempt_dial,,,,,,,,,,,,,,,,,,,,,,,,,,,,,,,,,,,,,,,,,,,,,,,,,,,,,2026-01-07 20:26:43.178000+00:00,
2026-01-07T20:26:43.708Z,DIAL_SUCCESS,16Uiu2HAmFDMsqhDdaJy4nEvYYfEisaA1J4ibGTqYdrgRcbf3yszZ,,,,,,,,,,,,,,,,,,,,,,,,,,,,,530.0,,,,,,,,,,,,,,,,,,,,,,,,,,,,,,,,,,,,,,,,,,,,,,,,,,,2026-01-07 20:26:43.708000+00:00,
2026-01-07T20:26:49.571Z,DIAL_CHECK_START,16Uiu2HAmP3JdXZiFE1krSZFBHbK1m51xdUgE7fkPDeebh7P4bdKH,,,,,,,,,,,,,,,,,,,,,,,,2.0,0.0,8951.0,,,,,,,,,,,,,,,,,,,,,,,,,,,,,,,,,,,,,,,,,,,,,,,,,,,,,,2026-01-07 20:26:49.571000+00:00,
2026-01-07T20:26:49.571Z,DIAL_ATTEMPT_START,16Uiu2HAmP3JdXZiFE1krSZFBHbK1m51xdUgE7fkPDeebh7P4bdKH,,,,,,,,,,,,,,,,,,,8951.0,,,,1767817609571.0,,,,,,,,,,,,,,,,,,,,,,,,,,,,,,,,,,,,,,,,,,,,,,,,,,,,,,,,,2026-01-07 20:26:49.571000+00:00,
2026-01-07T20:26:49.571Z,DISCOVERY_DIAL_DECISION,16Uiu2HAmP3JdXZiFE1krSZFBHbK1m51xdUgE7fkPDeebh7P4bdKH,,,,,,,,,,,,,,,,,,,,,,,,2.0,0.0,,attempt_dial,,,,,,,,,,,,,,,,,,,,,,,,,,,,,,,,,,,,,,,,,,,,,,,,,,,,,2026-01-07 20:26:49.571000+00:00,
2026-01-07T20:26:56.151Z,DIAL_FAILURE,16Uiu2HAmLXHfG2e5Q5fca93fmkH5HicAitazkkTuQxuw1WFoBDMS,,,,,,,,,,,,,,,,,,,,,,,,,,,,connection error 152.53.210.136:13000: connect ETIMEDOUT 152.53.210.136:13000,135622.0,,,,,,,,,,,,,,,,,,,,,,,,,,,,,,,,,,,,,,,,,,,,,,,,,,,2026-01-07 20:26:56.151000+00:00,
2026-01-07T20:26:56.159Z,HEARTBEAT_DISCOVERY_NEEDED,unknown,,,,,,,,188.0,0.0,none,2.0,0.0,0.0,NO,0.0,0.0,9340334.0,9340334.0,,,,,,,,,,,,,,,,,,,,,,,,,,,,,,,,,,,,,,,,,,,,,,,,,,,,,,,,,,,,,,2026-01-07 20:26:56.159000+00:00,
2026-01-07T20:26:56.159Z,DISCOVERY_START,discovery,,,,,,,,,,,,,,,,,,,188.0,,2.0,,,,,,,,,,,,,,,,,,,,,,,,,,,,,,,,,,,,,,,,,,,,,,,,,,,,,,,,,,,2026-01-07 20:26:56.159000+00:00,
2026-01-07T20:26:56.162Z,DISCOVERY_FINDNODE_RESULT,unknown,,,,,,,,,,,,,,,,,,,,,,,,,,,,,,,,,,,,,,,,,,,,,,,,,,,,,,,,,,,,,,,,,,,16.0,60004.0,,,,,,,,,,,,2026-01-07 20:26:56.162000+00:00,
2026-01-07T20:27:26.167Z,HEARTBEAT_DISCOVERY_NEEDED,unknown,,,,,,,,189.0,0.0,none,2.0,0.0,0.0,NO,0.0,0.0,9340337.0,9340337.0,,,,,,,,,,,,,,,,,,,,,,,,,,,,,,,,,,,,,,,,,,,,,,,,,,,,,,,,,,,,,,2026-01-07 20:27:26.167000+00:00,
2026-01-07T20:27:26.167Z,DISCOVERY_START,discovery,,,,,,,,,,,,,,,,,,,189.0,,2.0,,,,,,,,,,,,,,,,,,,,,,,,,,,,,,,,,,,,,,,,,,,,,,,,,,,,,,,,,,,2026-01-07 20:27:26.167000+00:00,
2026-01-07T20:27:26.167Z,DISCOVERY_FINDNODE_START,unknown,,,,,,,,,,,,,,,,,,,9327.0,,,0.0,1767817646167.0,,,,,,,,,,,,,,,,,,,,,,,,,,,,,,,,,,,,,,,,,,,,,,,,,,,,,,,,,2026-01-07 20:27:26.167000+00:00,
2026-01-07T20:27:27.221Z,DIAL_CHECK_START,16Uiu2HAm6F5D7dF4btd64pMH6wezSLEyz6FSaaRhR4PmGochNSBL,,,,,,,,,,,,,,,,,,,,,,,,2.0,0.0,9327.0,,,,,,,,,,,,,,,,,,,,,,,,,,,,,,,,,,,,,,,,,,,,,,,,,,,,,,2026-01-07 20:27:27.221000+00:00,
2026-01-07T20:27:27.221Z,DIAL_ATTEMPT_START,16Uiu2HAm6F5D7dF4btd64pMH6wezSLEyz6FSaaRhR4PmGochNSBL,,,,,,,,,,,,,,,,,,,9327.0,,,,1767817647221.0,,,,,,,,,,,,,,,,,,,,,,,,,,,,,,,,,,,,,,,,,,,,,,,,,,,,,,,,,2026-01-07 20:27:27.221000+00:00,
2026-01-07T20:27:27.221Z,DISCOVERY_DIAL_DECISION,16Uiu2HAm6F5D7dF4btd64pMH6wezSLEyz6FSaaRhR4PmGochNSBL,,,,,,,,,,,,,,,,,,,,,,,,2.0,0.0,,attempt_dial,,,,,,,,,,,,,,,,,,,,,,,,,,,,,,,,,,,,,,,,,,,,,,,,,,,,,2026-01-07 20:27:27.221000+00:00,
2026-01-07T20:27:27.221Z,DIAL_CHECK_START,16Uiu2HAm6F5D7dF4btd64pMH6wezSLEyz6FSaaRhR4PmGochNSBL,,,,,,,,,,,,,,,,,,,,,,,,0.0,0.0,9326.0,,,,,,,,,,,,,,,,,,,,,,,,,,,,,,,,,,,,,,,,,,,,,,,,,,,,,,2026-01-07 20:27:27.221000+00:00,
2026-01-07T20:27:27.221Z,DIAL_ATTEMPT_START,16Uiu2HAm6F5D7dF4btd64pMH6wezSLEyz6FSaaRhR4PmGochNSBL,,,,,,,,,,,,,,,,,,,9326.0,,,,1767817647221.0,,,,,,,,,,,,,,,,,,,,,,,,,,,,,,,,,,,,,,,,,,,,,,,,,,,,,,,,,2026-01-07 20:27:27.221000+00:00,
2026-01-07T20:27:27.221Z,DISCOVERY_DIAL_DECISION,16Uiu2HAm6F5D7dF4btd64pMH6wezSLEyz6FSaaRhR4PmGochNSBL,,,,,,,,,,,,,,,,,,,,,,,,0.0,0.0,,attempt_dial,,,,,,,,,,,,,,,,,,,,,,,,,,,,,,,,,,,,,,,,,,,,,,,,,,,,,2026-01-07 20:27:27.221000+00:00,
2026-01-07T20:27:27.912Z,DIAL_SUCCESS,16Uiu2HAm6F5D7dF4btd64pMH6wezSLEyz6FSaaRhR4PmGochNSBL,,,,,,,,,,,,,,,,,,,,,,,,,,,,,691.0,,,,,,,,,,,,,,,,,,,,,,,,,,,,,,,,,,,,,,,,,,,,,,,,,,,2026-01-07 20:27:27.912000+00:00,
2026-01-07T20:27:27.912Z,DIAL_SUCCESS,16Uiu2HAm6F5D7dF4btd64pMH6wezSLEyz6FSaaRhR4PmGochNSBL,,,,,,,,,,,,,,,,,,,,,,,,,,,,,691.0,,,,,,,,,,,,,,,,,,,,,,,,,,,,,,,,,,,,,,,,,,,,,,,,,,,2026-01-07 20:27:27.912000+00:00,
2026-01-07T20:27:31.356Z,DIAL_CHECK_START,16Uiu2HAkyEGsyqQTj19f2svhZ9FzJsvzWXuxBgFb8QzMS2M1o7uT,,,,,,,,,,,,,,,,,,,,,,,,2.0,0.0,9325.0,,,,,,,,,,,,,,,,,,,,,,,,,,,,,,,,,,,,,,,,,,,,,,,,,,,,,,2026-01-07 20:27:31.356000+00:00,
2026-01-07T20:27:31.356Z,DIAL_ATTEMPT_START,16Uiu2HAkyEGsyqQTj19f2svhZ9FzJsvzWXuxBgFb8QzMS2M1o7uT,,,,,,,,,,,,,,,,,,,9325.0,,,,1767817651356.0,,,,,,,,,,,,,,,,,,,,,,,,,,,,,,,,,,,,,,,,,,,,,,,,,,,,,,,,,2026-01-07 20:27:31.356000+00:00,
2026-01-07T20:27:31.356Z,DISCOVERY_DIAL_DECISION,16Uiu2HAkyEGsyqQTj19f2svhZ9FzJsvzWXuxBgFb8QzMS2M1o7uT,,,,,,,,,,,,,,,,,,,,,,,,2.0,0.0,,attempt_dial,,,,,,,,,,,,,,,,,,,,,,,,,,,,,,,,,,,,,,,,,,,,,,,,,,,,,2026-01-07 20:27:31.356000+00:00,
2026-01-07T20:27:31.585Z,DIAL_FAILURE,16Uiu2HAkyEGsyqQTj19f2svhZ9FzJsvzWXuxBgFb8QzMS2M1o7uT,,,,,,,,,,,,,,,,,,,,,,,,,,,,unexpected end of input,229.0,,,,,,,,,,,,,,,,,,,,,,,,,,,,,,,,,,,,,,,,,,,,,,,,,,,2026-01-07 20:27:31.585000+00:00,
2026-01-07T20:27:31.611Z,DIAL_CHECK_START,16Uiu2HAmPYbRZqYXfJiT7Kuy1EVAHFKWgqxSjXMNvwKt1bMBoR3P,,,,,,,,,,,,,,,,,,,,,,,,2.0,0.0,9324.0,,,,,,,,,,,,,,,,,,,,,,,,,,,,,,,,,,,,,,,,,,,,,,,,,,,,,,2026-01-07 20:27:31.611000+00:00,
2026-01-07T20:27:31.611Z,DIAL_ATTEMPT_START,16Uiu2HAmPYbRZqYXfJiT7Kuy1EVAHFKWgqxSjXMNvwKt1bMBoR3P,,,,,,,,,,,,,,,,,,,9324.0,,,,1767817651611.0,,,,,,,,,,,,,,,,,,,,,,,,,,,,,,,,,,,,,,,,,,,,,,,,,,,,,,,,,2026-01-07 20:27:31.611000+00:00,
2026-01-07T20:27:31.611Z,DISCOVERY_DIAL_DECISION,16Uiu2HAmPYbRZqYXfJiT7Kuy1EVAHFKWgqxSjXMNvwKt1bMBoR3P,,,,,,,,,,,,,,,,,,,,,,,,2.0,0.0,,attempt_dial,,,,,,,,,,,,,,,,,,,,,,,,,,,,,,,,,,,,,,,,,,,,,,,,,,,,,2026-01-07 20:27:31.611000+00:00,
2026-01-07T20:27:31.612Z,DIAL_CHECK_START,16Uiu2HAmPYbRZqYXfJiT7Kuy1EVAHFKWgqxSjXMNvwKt1bMBoR3P,,,,,,,,,,,,,,,,,,,,,,,,0.0,0.0,9323.0,,,,,,,,,,,,,,,,,,,,,,,,,,,,,,,,,,,,,,,,,,,,,,,,,,,,,,2026-01-07 20:27:31.612000+00:00,
2026-01-07T20:27:31.612Z,DIAL_ATTEMPT_START,16Uiu2HAmPYbRZqYXfJiT7Kuy1EVAHFKWgqxSjXMNvwKt1bMBoR3P,,,,,,,,,,,,,,,,,,,9323.0,,,,1767817651612.0,,,,,,,,,,,,,,,,,,,,,,,,,,,,,,,,,,,,,,,,,,,,,,,,,,,,,,,,,2026-01-07 20:27:31.612000+00:00,
2026-01-07T20:27:31.612Z,DISCOVERY_DIAL_DECISION,16Uiu2HAmPYbRZqYXfJiT7Kuy1EVAHFKWgqxSjXMNvwKt1bMBoR3P,,,,,,,,,,,,,,,,,,,,,,,,0.0,0.0,,attempt_dial,,,,,,,,,,,,,,,,,,,,,,,,,,,,,,,,,,,,,,,,,,,,,,,,,,,,,2026-01-07 20:27:31.612000+00:00,
2026-01-07T20:27:36.831Z,DIAL_CHECK_START,16Uiu2HAmVMpcK9fsKQQkwLtUAduUxFeDNPYZvHWZi9VN22rYmJ1e,,,,,,,,,,,,,,,,,,,,,,,,64.0,0.0,9322.0,,,,,,,,,,,,,,,,,,,,,,,,,,,,,,,,,,,,,,,,,,,,,,,,,,,,,,2026-01-07 20:27:36.831000+00:00,
2026-01-07T20:27:36.831Z,DIAL_ATTEMPT_START,16Uiu2HAmVMpcK9fsKQQkwLtUAduUxFeDNPYZvHWZi9VN22rYmJ1e,,,,,,,,,,,,,,,,,,,9322.0,,,,1767817656831.0,,,,,,,,,,,,,,,,,,,,,,,,,,,,,,,,,,,,,,,,,,,,,,,,,,,,,,,,,2026-01-07 20:27:36.831000+00:00,
2026-01-07T20:27:36.831Z,DISCOVERY_DIAL_DECISION,16Uiu2HAmVMpcK9fsKQQkwLtUAduUxFeDNPYZvHWZi9VN22rYmJ1e,,,,,,,,,,,,,,,,,,,,,,,,64.0,0.0,,attempt_dial,,,,,,,,,,,,,,,,,,,,,,,,,,,,,,,,,,,,,,,,,,,,,,,,,,,,,2026-01-07 20:27:36.831000+00:00,
2026-01-07T20:27:36.832Z,DIAL_CHECK_START,16Uiu2HAmVMpcK9fsKQQkwLtUAduUxFeDNPYZvHWZi9VN22rYmJ1e,,,,,,,,,,,,,,,,,,,,,,,,0.0,0.0,9321.0,,,,,,,,,,,,,,,,,,,,,,,,,,,,,,,,,,,,,,,,,,,,,,,,,,,,,,2026-01-07 20:27:36.832000+00:00,
2026-01-07T20:27:36.832Z,DIAL_ATTEMPT_START,16Uiu2HAmVMpcK9fsKQQkwLtUAduUxFeDNPYZvHWZi9VN22rYmJ1e,,,,,,,,,,,,,,,,,,,9321.0,,,,1767817656832.0,,,,,,,,,,,,,,,,,,,,,,,,,,,,,,,,,,,,,,,,,,,,,,,,,,,,,,,,,2026-01-07 20:27:36.832000+00:00,
2026-01-07T20:27:36.833Z,DISCOVERY_DIAL_DECISION,16Uiu2HAmVMpcK9fsKQQkwLtUAduUxFeDNPYZvHWZi9VN22rYmJ1e,,,,,,,,,,,,,,,,,,,,,,,,0.0,0.0,,attempt_dial,,,,,,,,,,,,,,,,,,,,,,,,,,,,,,,,,,,,,,,,,,,,,,,,,,,,,2026-01-07 20:27:36.833000+00:00,
2026-01-07T20:27:37.110Z,DIAL_FAILURE,16Uiu2HAkxV34mgQhGztfz42hqsxr3EKxgwbT7bWbASfE9Nvw4F5u,,,,,,,,,,,,,,,,,,,,,,,,,,,,connection error 136.114.41.212:9000: connect ETIMEDOUT 136.114.41.212:9000,135624.0,,,,,,,,,,,,,,,,,,,,,,,,,,,,,,,,,,,,,,,,,,,,,,,,,,,2026-01-07 20:27:37.110000+00:00,
2026-01-07T20:27:37.284Z,DIAL_SUCCESS,16Uiu2HAmVMpcK9fsKQQkwLtUAduUxFeDNPYZvHWZi9VN22rYmJ1e,,,,,,,,,,,,,,,,,,,,,,,,,,,,,452.0,,,,,,,,,,,,,,,,,,,,,,,,,,,,,,,,,,,,,,,,,,,,,,,,,,,2026-01-07 20:27:37.284000+00:00,
2026-01-07T20:27:37.284Z,DIAL_SUCCESS,16Uiu2HAmVMpcK9fsKQQkwLtUAduUxFeDNPYZvHWZi9VN22rYmJ1e,,,,,,,,,,,,,,,,,,,,,,,,,,,,,453.0,,,,,,,,,,,,,,,,,,,,,,,,,,,,,,,,,,,,,,,,,,,,,,,,,,,2026-01-07 20:27:37.284000+00:00,
2026-01-07T20:27:53.757Z,DIAL_CHECK_START,16Uiu2HAkyEGsyqQTj19f2svhZ9FzJsvzWXuxBgFb8QzMS2M1o7uT,,,,,,,,,,,,,,,,,,,,,,,,2.0,0.0,9320.0,,,,,,,,,,,,,,,,,,,,,,,,,,,,,,,,,,,,,,,,,,,,,,,,,,,,,,2026-01-07 20:27:53.757000+00:00,
2026-01-07T20:27:53.758Z,DIAL_ATTEMPT_START,16Uiu2HAkyEGsyqQTj19f2svhZ9FzJsvzWXuxBgFb8QzMS2M1o7uT,,,,,,,,,,,,,,,,,,,9320.0,,,,1767817673758.0,,,,,,,,,,,,,,,,,,,,,,,,,,,,,,,,,,,,,,,,,,,,,,,,,,,,,,,,,2026-01-07 20:27:53.758000+00:00,
2026-01-07T20:27:53.758Z,DISCOVERY_DIAL_DECISION,16Uiu2HAkyEGsyqQTj19f2svhZ9FzJsvzWXuxBgFb8QzMS2M1o7uT,,,,,,,,,,,,,,,,,,,,,,,,2.0,0.0,,attempt_dial,,,,,,,,,,,,,,,,,,,,,,,,,,,,,,,,,,,,,,,,,,,,,,,,,,,,,2026-01-07 20:27:53.758000+00:00,
2026-01-07T20:27:53.987Z,DIAL_FAILURE,16Uiu2HAkyEGsyqQTj19f2svhZ9FzJsvzWXuxBgFb8QzMS2M1o7uT,,,,,,,,,,,,,,,,,,,,,,,,,,,,unexpected end of input,229.0,,,,,,,,,,,,,,,,,,,,,,,,,,,,,,,,,,,,,,,,,,,,,,,,,,,2026-01-07 20:27:53.987000+00:00,
2026-01-07T20:27:56.166Z,HEARTBEAT_DISCOVERY_NEEDED,unknown,,,,,,,,187.0,0.0,none,2.0,0.0,0.0,NO,0.0,0.0,9340339.0,9340339.0,,,,,,,,,,,,,,,,,,,,,,,,,,,,,,,,,,,,,,,,,,,,,,,,,,,,,,,,,,,,,,2026-01-07 20:27:56.166000+00:00,
2026-01-07T20:27:56.166Z,DISCOVERY_START,discovery,,,,,,,,,,,,,,,,,,,187.0,,2.0,,,,,,,,,,,,,,,,,,,,,,,,,,,,,,,,,,,,,,,,,,,,,,,,,,,,,,,,,,,2026-01-07 20:27:56.166000+00:00,
2026-01-07T20:27:56.913Z,DIAL_CHECK_START,16Uiu2HAmT8ywWNkumvVfDTA22S88axj7uPMpA5dAx2jxNMQFPwLx,,,,,,,,,,,,,,,,,,,,,,,,2.0,0.0,9506.0,,,,,,,,,,,,,,,,,,,,,,,,,,,,,,,,,,,,,,,,,,,,,,,,,,,,,,2026-01-07 20:27:56.913000+00:00,
2026-01-07T20:27:56.913Z,DIAL_ATTEMPT_START,16Uiu2HAmT8ywWNkumvVfDTA22S88axj7uPMpA5dAx2jxNMQFPwLx,,,,,,,,,,,,,,,,,,,9506.0,,,,1767817676913.0,,,,,,,,,,,,,,,,,,,,,,,,,,,,,,,,,,,,,,,,,,,,,,,,,,,,,,,,,2026-01-07 20:27:56.913000+00:00,
2026-01-07T20:27:56.913Z,DISCOVERY_DIAL_DECISION,16Uiu2HAmT8ywWNkumvVfDTA22S88axj7uPMpA5dAx2jxNMQFPwLx,,,,,,,,,,,,,,,,,,,,,,,,2.0,0.0,,attempt_dial,,,,,,,,,,,,,,,,,,,,,,,,,,,,,,,,,,,,,,,,,,,,,,,,,,,,,2026-01-07 20:27:56.913000+00:00,
2026-01-07T20:27:56.914Z,DIAL_CHECK_START,16Uiu2HAmT8ywWNkumvVfDTA22S88axj7uPMpA5dAx2jxNMQFPwLx,,,,,,,,,,,,,,,,,,,,,,,,0.0,0.0,9505.0,,,,,,,,,,,,,,,,,,,,,,,,,,,,,,,,,,,,,,,,,,,,,,,,,,,,,,2026-01-07 20:27:56.914000+00:00,
2026-01-07T20:27:56.914Z,DIAL_ATTEMPT_START,16Uiu2HAmT8ywWNkumvVfDTA22S88axj7uPMpA5dAx2jxNMQFPwLx,,,,,,,,,,,,,,,,,,,9505.0,,,,1767817676914.0,,,,,,,,,,,,,,,,,,,,,,,,,,,,,,,,,,,,,,,,,,,,,,,,,,,,,,,,,2026-01-07 20:27:56.914000+00:00,
2026-01-07T20:27:56.914Z,DISCOVERY_DIAL_DECISION,16Uiu2HAmT8ywWNkumvVfDTA22S88axj7uPMpA5dAx2jxNMQFPwLx,,,,,,,,,,,,,,,,,,,,,,,,0.0,0.0,,attempt_dial,,,,,,,,,,,,,,,,,,,,,,,,,,,,,,,,,,,,,,,,,,,,,,,,,,,,,2026-01-07 20:27:56.914000+00:00,
2026-01-07T20:28:03.618Z,DIAL_CHECK_START,16Uiu2HAkyEGsyqQTj19f2svhZ9FzJsvzWXuxBgFb8QzMS2M1o7uT,,,,,,,,,,,,,,,,,,,,,,,,2.0,0.0,9504.0,,,,,,,,,,,,,,,,,,,,,,,,,,,,,,,,,,,,,,,,,,,,,,,,,,,,,,2026-01-07 20:28:03.618000+00:00,
2026-01-07T20:28:03.618Z,DIAL_ATTEMPT_START,16Uiu2HAkyEGsyqQTj19f2svhZ9FzJsvzWXuxBgFb8QzMS2M1o7uT,,,,,,,,,,,,,,,,,,,9504.0,,,,1767817683618.0,,,,,,,,,,,,,,,,,,,,,,,,,,,,,,,,,,,,,,,,,,,,,,,,,,,,,,,,,2026-01-07 20:28:03.618000+00:00,
2026-01-07T20:28:03.618Z,DISCOVERY_DIAL_DECISION,16Uiu2HAkyEGsyqQTj19f2svhZ9FzJsvzWXuxBgFb8QzMS2M1o7uT,,,,,,,,,,,,,,,,,,,,,,,,2.0,0.0,,attempt_dial,,,,,,,,,,,,,,,,,,,,,,,,,,,,,,,,,,,,,,,,,,,,,,,,,,,,,2026-01-07 20:28:03.618000+00:00,
2026-01-07T20:28:03.844Z,DIAL_FAILURE,16Uiu2HAkyEGsyqQTj19f2svhZ9FzJsvzWXuxBgFb8QzMS2M1o7uT,,,,,,,,,,,,,,,,,,,,,,,,,,,,unexpected end of input,226.0,,,,,,,,,,,,,,,,,,,,,,,,,,,,,,,,,,,,,,,,,,,,,,,,,,,2026-01-07 20:28:03.844000+00:00,
2026-01-07T20:28:05.569Z,DIAL_CHECK_START,16Uiu2HAkyEGsyqQTj19f2svhZ9FzJsvzWXuxBgFb8QzMS2M1o7uT,,,,,,,,,,,,,,,,,,,,,,,,2.0,0.0,9503.0,,,,,,,,,,,,,,,,,,,,,,,,,,,,,,,,,,,,,,,,,,,,,,,,,,,,,,2026-01-07 20:28:05.569000+00:00,
2026-01-07T20:28:05.569Z,DIAL_ATTEMPT_START,16Uiu2HAkyEGsyqQTj19f2svhZ9FzJsvzWXuxBgFb8QzMS2M1o7uT,,,,,,,,,,,,,,,,,,,9503.0,,,,1767817685569.0,,,,,,,,,,,,,,,,,,,,,,,,,,,,,,,,,,,,,,,,,,,,,,,,,,,,,,,,,2026-01-07 20:28:05.569000+00:00,
2026-01-07T20:28:05.569Z,DISCOVERY_DIAL_DECISION,16Uiu2HAkyEGsyqQTj19f2svhZ9FzJsvzWXuxBgFb8QzMS2M1o7uT,,,,,,,,,,,,,,,,,,,,,,,,2.0,0.0,,attempt_dial,,,,,,,,,,,,,,,,,,,,,,,,,,,,,,,,,,,,,,,,,,,,,,,,,,,,,2026-01-07 20:28:05.569000+00:00,
2026-01-07T20:28:05.783Z,DIAL_FAILURE,16Uiu2HAmM9fJAHwxqSUKfdyjmVKwbkh2C9SpPs9hF6VC4pXCjsJy,,,,,,,,,,,,,,,,,,,,,,,,,,,,connection error 35.212.227.19:1312: connect ETIMEDOUT 35.212.227.19:1312,134955.0,,,,,,,,,,,,,,,,,,,,,,,,,,,,,,,,,,,,,,,,,,,,,,,,,,,2026-01-07 20:28:05.783000+00:00,
2026-01-07T20:28:05.797Z,DIAL_FAILURE,16Uiu2HAkyEGsyqQTj19f2svhZ9FzJsvzWXuxBgFb8QzMS2M1o7uT,,,,,,,,,,,,,,,,,,,,,,,,,,,,unexpected end of input,228.0,,,,,,,,,,,,,,,,,,,,,,,,,,,,,,,,,,,,,,,,,,,,,,,,,,,2026-01-07 20:28:05.797000+00:00,
2026-01-07T20:28:06.452Z,DIAL_CHECK_START,16Uiu2HAm8BNZcP1H3347cmPP7s4yUdWxHWy9XHAqexKNyj3ZMshF,,,,,,,,,,,,,,,,,,,,,,,,2.0,0.0,9502.0,,,,,,,,,,,,,,,,,,,,,,,,,,,,,,,,,,,,,,,,,,,,,,,,,,,,,,2026-01-07 20:28:06.452000+00:00,
2026-01-07T20:28:06.452Z,DIAL_ATTEMPT_START,16Uiu2HAm8BNZcP1H3347cmPP7s4yUdWxHWy9XHAqexKNyj3ZMshF,,,,,,,,,,,,,,,,,,,9502.0,,,,1767817686452.0,,,,,,,,,,,,,,,,,,,,,,,,,,,,,,,,,,,,,,,,,,,,,,,,,,,,,,,,,2026-01-07 20:28:06.452000+00:00,
2026-01-07T20:28:06.452Z,DISCOVERY_DIAL_DECISION,16Uiu2HAm8BNZcP1H3347cmPP7s4yUdWxHWy9XHAqexKNyj3ZMshF,,,,,,,,,,,,,,,,,,,,,,,,2.0,0.0,,attempt_dial,,,,,,,,,,,,,,,,,,,,,,,,,,,,,,,,,,,,,,,,,,,,,,,,,,,,,2026-01-07 20:28:06.452000+00:00,
2026-01-07T20:28:06.453Z,DIAL_CHECK_START,16Uiu2HAm2HJ3P1wCuHWHGCNW1CwQ5FiNZKjidoiWCusuafo6CZNU,,,,,,,,,,,,,,,,,,,,,,,,2.0,0.0,9501.0,,,,,,,,,,,,,,,,,,,,,,,,,,,,,,,,,,,,,,,,,,,,,,,,,,,,,,2026-01-07 20:28:06.453000+00:00,
2026-01-07T20:28:06.453Z,DIAL_ATTEMPT_START,16Uiu2HAm2HJ3P1wCuHWHGCNW1CwQ5FiNZKjidoiWCusuafo6CZNU,,,,,,,,,,,,,,,,,,,9501.0,,,,1767817686453.0,,,,,,,,,,,,,,,,,,,,,,,,,,,,,,,,,,,,,,,,,,,,,,,,,,,,,,,,,2026-01-07 20:28:06.453000+00:00,
2026-01-07T20:28:06.453Z,DISCOVERY_DIAL_DECISION,16Uiu2HAm2HJ3P1wCuHWHGCNW1CwQ5FiNZKjidoiWCusuafo6CZNU,,,,,,,,,,,,,,,,,,,,,,,,2.0,0.0,,attempt_dial,,,,,,,,,,,,,,,,,,,,,,,,,,,,,,,,,,,,,,,,,,,,,,,,,,,,,2026-01-07 20:28:06.453000+00:00,
2026-01-07T20:28:06.454Z,DIAL_CHECK_START,16Uiu2HAm8BNZcP1H3347cmPP7s4yUdWxHWy9XHAqexKNyj3ZMshF,,,,,,,,,,,,,,,,,,,,,,,,0.0,0.0,9500.0,,,,,,,,,,,,,,,,,,,,,,,,,,,,,,,,,,,,,,,,,,,,,,,,,,,,,,2026-01-07 20:28:06.454000+00:00,
2026-01-07T20:28:06.454Z,DIAL_ATTEMPT_START,16Uiu2HAm8BNZcP1H3347cmPP7s4yUdWxHWy9XHAqexKNyj3ZMshF,,,,,,,,,,,,,,,,,,,9500.0,,,,1767817686454.0,,,,,,,,,,,,,,,,,,,,,,,,,,,,,,,,,,,,,,,,,,,,,,,,,,,,,,,,,2026-01-07 20:28:06.454000+00:00,
2026-01-07T20:28:06.454Z,DISCOVERY_DIAL_DECISION,16Uiu2HAm8BNZcP1H3347cmPP7s4yUdWxHWy9XHAqexKNyj3ZMshF,,,,,,,,,,,,,,,,,,,,,,,,0.0,0.0,,attempt_dial,,,,,,,,,,,,,,,,,,,,,,,,,,,,,,,,,,,,,,,,,,,,,,,,,,,,,2026-01-07 20:28:06.454000+00:00,
2026-01-07T20:28:06.456Z,DIAL_CHECK_START,16Uiu2HAm2HJ3P1wCuHWHGCNW1CwQ5FiNZKjidoiWCusuafo6CZNU,,,,,,,,,,,,,,,,,,,,,,,,0.0,0.0,9499.0,,,,,,,,,,,,,,,,,,,,,,,,,,,,,,,,,,,,,,,,,,,,,,,,,,,,,,2026-01-07 20:28:06.456000+00:00,
2026-01-07T20:28:06.456Z,DIAL_ATTEMPT_START,16Uiu2HAm2HJ3P1wCuHWHGCNW1CwQ5FiNZKjidoiWCusuafo6CZNU,,,,,,,,,,,,,,,,,,,9499.0,,,,1767817686456.0,,,,,,,,,,,,,,,,,,,,,,,,,,,,,,,,,,,,,,,,,,,,,,,,,,,,,,,,,2026-01-07 20:28:06.456000+00:00,
2026-01-07T20:28:06.456Z,DISCOVERY_DIAL_DECISION,16Uiu2HAm2HJ3P1wCuHWHGCNW1CwQ5FiNZKjidoiWCusuafo6CZNU,,,,,,,,,,,,,,,,,,,,,,,,0.0,0.0,,attempt_dial,,,,,,,,,,,,,,,,,,,,,,,,,,,,,,,,,,,,,,,,,,,,,,,,,,,,,2026-01-07 20:28:06.456000+00:00,
2026-01-07T20:28:06.570Z,DIAL_FAILURE,16Uiu2HAm8BNZcP1H3347cmPP7s4yUdWxHWy9XHAqexKNyj3ZMshF,,,,,,,,,,,,,,,,,,,,,,,,,,,,connection error 149.5.247.23:13000: connect ECONNREFUSED 149.5.247.23:13000,116.0,,,,,,,,,,,,,,,,,,,,,,,,,,,,,,,,,,,,,,,,,,,,,,,,,,,2026-01-07 20:28:06.570000+00:00,
2026-01-07T20:28:06.570Z,DIAL_FAILURE,16Uiu2HAm8BNZcP1H3347cmPP7s4yUdWxHWy9XHAqexKNyj3ZMshF,,,,,,,,,,,,,,,,,,,,,,,,,,,,connection error 149.5.247.23:13000: connect ECONNREFUSED 149.5.247.23:13000,118.0,,,,,,,,,,,,,,,,,,,,,,,,,,,,,,,,,,,,,,,,,,,,,,,,,,,2026-01-07 20:28:06.570000+00:00,
2026-01-07T20:28:07.818Z,DIAL_CHECK_START,16Uiu2HAmDenssPG6KLrUKZih7LRD3g7nRtpxdTpYJrbSyCPGZgsZ,,,,,,,,,,,,,,,,,,,,,,,,2.0,0.0,9498.0,,,,,,,,,,,,,,,,,,,,,,,,,,,,,,,,,,,,,,,,,,,,,,,,,,,,,,2026-01-07 20:28:07.818000+00:00,
2026-01-07T20:28:07.818Z,DIAL_ATTEMPT_START,16Uiu2HAmDenssPG6KLrUKZih7LRD3g7nRtpxdTpYJrbSyCPGZgsZ,,,,,,,,,,,,,,,,,,,9498.0,,,,1767817687818.0,,,,,,,,,,,,,,,,,,,,,,,,,,,,,,,,,,,,,,,,,,,,,,,,,,,,,,,,,2026-01-07 20:28:07.818000+00:00,
2026-01-07T20:28:07.818Z,DISCOVERY_DIAL_DECISION,16Uiu2HAmDenssPG6KLrUKZih7LRD3g7nRtpxdTpYJrbSyCPGZgsZ,,,,,,,,,,,,,,,,,,,,,,,,2.0,0.0,,attempt_dial,,,,,,,,,,,,,,,,,,,,,,,,,,,,,,,,,,,,,,,,,,,,,,,,,,,,,2026-01-07 20:28:07.818000+00:00,
2026-01-07T20:28:07.819Z,DIAL_CHECK_START,16Uiu2HAmDenssPG6KLrUKZih7LRD3g7nRtpxdTpYJrbSyCPGZgsZ,,,,,,,,,,,,,,,,,,,,,,,,0.0,0.0,9497.0,,,,,,,,,,,,,,,,,,,,,,,,,,,,,,,,,,,,,,,,,,,,,,,,,,,,,,2026-01-07 20:28:07.819000+00:00,
2026-01-07T20:28:07.819Z,DIAL_ATTEMPT_START,16Uiu2HAmDenssPG6KLrUKZih7LRD3g7nRtpxdTpYJrbSyCPGZgsZ,,,,,,,,,,,,,,,,,,,9497.0,,,,1767817687819.0,,,,,,,,,,,,,,,,,,,,,,,,,,,,,,,,,,,,,,,,,,,,,,,,,,,,,,,,,2026-01-07 20:28:07.819000+00:00,
2026-01-07T20:28:07.819Z,DISCOVERY_DIAL_DECISION,16Uiu2HAmDenssPG6KLrUKZih7LRD3g7nRtpxdTpYJrbSyCPGZgsZ,,,,,,,,,,,,,,,,,,,,,,,,0.0,0.0,,attempt_dial,,,,,,,,,,,,,,,,,,,,,,,,,,,,,,,,,,,,,,,,,,,,,,,,,,,,,2026-01-07 20:28:07.819000+00:00,
2026-01-07T20:28:08.212Z,DIAL_SUCCESS,16Uiu2HAmDenssPG6KLrUKZih7LRD3g7nRtpxdTpYJrbSyCPGZgsZ,,,,,,,,,,,,,,,,,,,,,,,,,,,,,393.0,,,,,,,,,,,,,,,,,,,,,,,,,,,,,,,,,,,,,,,,,,,,,,,,,,,2026-01-07 20:28:08.212000+00:00,
2026-01-07T20:28:08.212Z,DIAL_SUCCESS,16Uiu2HAmDenssPG6KLrUKZih7LRD3g7nRtpxdTpYJrbSyCPGZgsZ,,,,,,,,,,,,,,,,,,,,,,,,,,,,,394.0,,,,,,,,,,,,,,,,,,,,,,,,,,,,,,,,,,,,,,,,,,,,,,,,,,,2026-01-07 20:28:08.212000+00:00,
2026-01-07T20:28:10.018Z,DIAL_CHECK_START,16Uiu2HAm56quHCbwgoxYi42SgAvthrXQhsA9H42NAAh35xKMmk5W,,,,,,,,,,,,,,,,,,,,,,,,2.0,0.0,9496.0,,,,,,,,,,,,,,,,,,,,,,,,,,,,,,,,,,,,,,,,,,,,,,,,,,,,,,2026-01-07 20:28:10.018000+00:00,
2026-01-07T20:28:10.019Z,DIAL_ATTEMPT_START,16Uiu2HAm56quHCbwgoxYi42SgAvthrXQhsA9H42NAAh35xKMmk5W,,,,,,,,,,,,,,,,,,,9496.0,,,,1767817690019.0,,,,,,,,,,,,,,,,,,,,,,,,,,,,,,,,,,,,,,,,,,,,,,,,,,,,,,,,,2026-01-07 20:28:10.019000+00:00,
2026-01-07T20:28:10.019Z,DISCOVERY_DIAL_DECISION,16Uiu2HAm56quHCbwgoxYi42SgAvthrXQhsA9H42NAAh35xKMmk5W,,,,,,,,,,,,,,,,,,,,,,,,2.0,0.0,,attempt_dial,,,,,,,,,,,,,,,,,,,,,,,,,,,,,,,,,,,,,,,,,,,,,,,,,,,,,2026-01-07 20:28:10.019000+00:00,
2026-01-07T20:28:10.950Z,DIAL_CHECK_START,16Uiu2HAkyEGsyqQTj19f2svhZ9FzJsvzWXuxBgFb8QzMS2M1o7uT,,,,,,,,,,,,,,,,,,,,,,,,2.0,0.0,9495.0,,,,,,,,,,,,,,,,,,,,,,,,,,,,,,,,,,,,,,,,,,,,,,,,,,,,,,2026-01-07 20:28:10.950000+00:00,
2026-01-07T20:28:10.950Z,DIAL_ATTEMPT_START,16Uiu2HAkyEGsyqQTj19f2svhZ9FzJsvzWXuxBgFb8QzMS2M1o7uT,,,,,,,,,,,,,,,,,,,9495.0,,,,1767817690950.0,,,,,,,,,,,,,,,,,,,,,,,,,,,,,,,,,,,,,,,,,,,,,,,,,,,,,,,,,2026-01-07 20:28:10.950000+00:00,
2026-01-07T20:28:10.950Z,DISCOVERY_DIAL_DECISION,16Uiu2HAkyEGsyqQTj19f2svhZ9FzJsvzWXuxBgFb8QzMS2M1o7uT,,,,,,,,,,,,,,,,,,,,,,,,2.0,0.0,,attempt_dial,,,,,,,,,,,,,,,,,,,,,,,,,,,,,,,,,,,,,,,,,,,,,,,,,,,,,2026-01-07 20:28:10.950000+00:00,
2026-01-07T20:28:11.177Z,DIAL_FAILURE,16Uiu2HAkyEGsyqQTj19f2svhZ9FzJsvzWXuxBgFb8QzMS2M1o7uT,,,,,,,,,,,,,,,,,,,,,,,,,,,,unexpected end of input,227.0,,,,,,,,,,,,,,,,,,,,,,,,,,,,,,,,,,,,,,,,,,,,,,,,,,,2026-01-07 20:28:11.177000+00:00,
2026-01-07T20:28:12.109Z,DIAL_CHECK_START,16Uiu2HAkyEGsyqQTj19f2svhZ9FzJsvzWXuxBgFb8QzMS2M1o7uT,,,,,,,,,,,,,,,,,,,,,,,,2.0,0.0,9494.0,,,,,,,,,,,,,,,,,,,,,,,,,,,,,,,,,,,,,,,,,,,,,,,,,,,,,,2026-01-07 20:28:12.109000+00:00,
2026-01-07T20:28:12.109Z,DIAL_ATTEMPT_START,16Uiu2HAkyEGsyqQTj19f2svhZ9FzJsvzWXuxBgFb8QzMS2M1o7uT,,,,,,,,,,,,,,,,,,,9494.0,,,,1767817692109.0,,,,,,,,,,,,,,,,,,,,,,,,,,,,,,,,,,,,,,,,,,,,,,,,,,,,,,,,,2026-01-07 20:28:12.109000+00:00,
2026-01-07T20:28:12.109Z,DISCOVERY_DIAL_DECISION,16Uiu2HAkyEGsyqQTj19f2svhZ9FzJsvzWXuxBgFb8QzMS2M1o7uT,,,,,,,,,,,,,,,,,,,,,,,,2.0,0.0,,attempt_dial,,,,,,,,,,,,,,,,,,,,,,,,,,,,,,,,,,,,,,,,,,,,,,,,,,,,,2026-01-07 20:28:12.109000+00:00,
2026-01-07T20:28:12.229Z,DIAL_CHECK_START,16Uiu2HAmCQgnzMKMbo5H9CM4PXgZeogJffffPTPwLoFErJdqD4XQ,,,,,,,,,,,,,,,,,,,,,,,,2.0,0.0,9493.0,,,,,,,,,,,,,,,,,,,,,,,,,,,,,,,,,,,,,,,,,,,,,,,,,,,,,,2026-01-07 20:28:12.229000+00:00,
2026-01-07T20:28:12.229Z,DIAL_ATTEMPT_START,16Uiu2HAmCQgnzMKMbo5H9CM4PXgZeogJffffPTPwLoFErJdqD4XQ,,,,,,,,,,,,,,,,,,,9493.0,,,,1767817692229.0,,,,,,,,,,,,,,,,,,,,,,,,,,,,,,,,,,,,,,,,,,,,,,,,,,,,,,,,,2026-01-07 20:28:12.229000+00:00,
2026-01-07T20:28:12.229Z,DISCOVERY_DIAL_DECISION,16Uiu2HAmCQgnzMKMbo5H9CM4PXgZeogJffffPTPwLoFErJdqD4XQ,,,,,,,,,,,,,,,,,,,,,,,,2.0,0.0,,attempt_dial,,,,,,,,,,,,,,,,,,,,,,,,,,,,,,,,,,,,,,,,,,,,,,,,,,,,,2026-01-07 20:28:12.229000+00:00,
2026-01-07T20:28:12.325Z,DIAL_FAILURE,16Uiu2HAkyEGsyqQTj19f2svhZ9FzJsvzWXuxBgFb8QzMS2M1o7uT,,,,,,,,,,,,,,,,,,,,,,,,,,,,unexpected end of input,216.0,,,,,,,,,,,,,,,,,,,,,,,,,,,,,,,,,,,,,,,,,,,,,,,,,,,2026-01-07 20:28:12.325000+00:00,
2026-01-07T20:28:12.449Z,DIAL_SUCCESS,16Uiu2HAmCQgnzMKMbo5H9CM4PXgZeogJffffPTPwLoFErJdqD4XQ,,,,,,,,,,,,,,,,,,,,,,,,,,,,,220.0,,,,,,,,,,,,,,,,,,,,,,,,,,,,,,,,,,,,,,,,,,,,,,,,,,,2026-01-07 20:28:12.449000+00:00,
2026-01-07T20:28:13.249Z,DIAL_FAILURE,16Uiu2HAm56quHCbwgoxYi42SgAvthrXQhsA9H42NAAh35xKMmk5W,,,,,,,,,,,,,,,,,,,,,,,,,,,,All multiaddr dials failed,3230.0,,,,,,,,,,,,,,,,,,,,,,,,,,,,,,,,,,,,,,,,,,,,,,,,,,,2026-01-07 20:28:13.249000+00:00,
2026-01-07T20:28:13.974Z,DIAL_FAILURE,16Uiu2HAmAtN3JK2gPqz9dVdtYuBFkBbievgsG8e7dyu4DJr365Tx,,,,,,,,,,,,,,,,,,,,,,,,,,,,connection error 13.250.118.119:9000: connect ETIMEDOUT 13.250.118.119:9000,132857.0,,,,,,,,,,,,,,,,,,,,,,,,,,,,,,,,,,,,,,,,,,,,,,,,,,,2026-01-07 20:28:13.974000+00:00,
2026-01-07T20:28:14.319Z,DIAL_CHECK_START,16Uiu2HAkyEGsyqQTj19f2svhZ9FzJsvzWXuxBgFb8QzMS2M1o7uT,,,,,,,,,,,,,,,,,,,,,,,,2.0,0.0,9492.0,,,,,,,,,,,,,,,,,,,,,,,,,,,,,,,,,,,,,,,,,,,,,,,,,,,,,,2026-01-07 20:28:14.319000+00:00,
2026-01-07T20:28:14.319Z,DIAL_ATTEMPT_START,16Uiu2HAkyEGsyqQTj19f2svhZ9FzJsvzWXuxBgFb8QzMS2M1o7uT,,,,,,,,,,,,,,,,,,,9492.0,,,,1767817694319.0,,,,,,,,,,,,,,,,,,,,,,,,,,,,,,,,,,,,,,,,,,,,,,,,,,,,,,,,,2026-01-07 20:28:14.319000+00:00,
2026-01-07T20:28:14.319Z,DISCOVERY_DIAL_DECISION,16Uiu2HAkyEGsyqQTj19f2svhZ9FzJsvzWXuxBgFb8QzMS2M1o7uT,,,,,,,,,,,,,,,,,,,,,,,,2.0,0.0,,attempt_dial,,,,,,,,,,,,,,,,,,,,,,,,,,,,,,,,,,,,,,,,,,,,,,,,,,,,,2026-01-07 20:28:14.319000+00:00,
2026-01-07T20:28:14.538Z,DIAL_FAILURE,16Uiu2HAkyEGsyqQTj19f2svhZ9FzJsvzWXuxBgFb8QzMS2M1o7uT,,,,,,,,,,,,,,,,,,,,,,,,,,,,unexpected end of input,219.0,,,,,,,,,,,,,,,,,,,,,,,,,,,,,,,,,,,,,,,,,,,,,,,,,,,2026-01-07 20:28:14.538000+00:00,
2026-01-07T20:28:14.886Z,DIAL_CHECK_START,16Uiu2HAkyEGsyqQTj19f2svhZ9FzJsvzWXuxBgFb8QzMS2M1o7uT,,,,,,,,,,,,,,,,,,,,,,,,2.0,0.0,9491.0,,,,,,,,,,,,,,,,,,,,,,,,,,,,,,,,,,,,,,,,,,,,,,,,,,,,,,2026-01-07 20:28:14.886000+00:00,
2026-01-07T20:28:14.886Z,DIAL_ATTEMPT_START,16Uiu2HAkyEGsyqQTj19f2svhZ9FzJsvzWXuxBgFb8QzMS2M1o7uT,,,,,,,,,,,,,,,,,,,9491.0,,,,1767817694886.0,,,,,,,,,,,,,,,,,,,,,,,,,,,,,,,,,,,,,,,,,,,,,,,,,,,,,,,,,2026-01-07 20:28:14.886000+00:00,
2026-01-07T20:28:14.886Z,DISCOVERY_DIAL_DECISION,16Uiu2HAkyEGsyqQTj19f2svhZ9FzJsvzWXuxBgFb8QzMS2M1o7uT,,,,,,,,,,,,,,,,,,,,,,,,2.0,0.0,,attempt_dial,,,,,,,,,,,,,,,,,,,,,,,,,,,,,,,,,,,,,,,,,,,,,,,,,,,,,2026-01-07 20:28:14.886000+00:00,
2026-01-07T20:28:15.111Z,DIAL_FAILURE,16Uiu2HAkyEGsyqQTj19f2svhZ9FzJsvzWXuxBgFb8QzMS2M1o7uT,,,,,,,,,,,,,,,,,,,,,,,,,,,,unexpected end of input,225.0,,,,,,,,,,,,,,,,,,,,,,,,,,,,,,,,,,,,,,,,,,,,,,,,,,,2026-01-07 20:28:15.111000+00:00,
2026-01-07T20:28:15.170Z,DIAL_CHECK_START,16Uiu2HAkyEGsyqQTj19f2svhZ9FzJsvzWXuxBgFb8QzMS2M1o7uT,,,,,,,,,,,,,,,,,,,,,,,,2.0,0.0,9490.0,,,,,,,,,,,,,,,,,,,,,,,,,,,,,,,,,,,,,,,,,,,,,,,,,,,,,,2026-01-07 20:28:15.170000+00:00,
2026-01-07T20:28:15.170Z,DIAL_ATTEMPT_START,16Uiu2HAkyEGsyqQTj19f2svhZ9FzJsvzWXuxBgFb8QzMS2M1o7uT,,,,,,,,,,,,,,,,,,,9490.0,,,,1767817695170.0,,,,,,,,,,,,,,,,,,,,,,,,,,,,,,,,,,,,,,,,,,,,,,,,,,,,,,,,,2026-01-07 20:28:15.170000+00:00,
2026-01-07T20:28:15.170Z,DISCOVERY_DIAL_DECISION,16Uiu2HAkyEGsyqQTj19f2svhZ9FzJsvzWXuxBgFb8QzMS2M1o7uT,,,,,,,,,,,,,,,,,,,,,,,,2.0,0.0,,attempt_dial,,,,,,,,,,,,,,,,,,,,,,,,,,,,,,,,,,,,,,,,,,,,,,,,,,,,,2026-01-07 20:28:15.170000+00:00,
2026-01-07T20:28:15.388Z,DIAL_FAILURE,16Uiu2HAkyEGsyqQTj19f2svhZ9FzJsvzWXuxBgFb8QzMS2M1o7uT,,,,,,,,,,,,,,,,,,,,,,,,,,,,unexpected end of input,218.0,,,,,,,,,,,,,,,,,,,,,,,,,,,,,,,,,,,,,,,,,,,,,,,,,,,2026-01-07 20:28:15.388000+00:00,
2026-01-07T20:28:15.430Z,DIAL_CHECK_START,16Uiu2HAkyEGsyqQTj19f2svhZ9FzJsvzWXuxBgFb8QzMS2M1o7uT,,,,,,,,,,,,,,,,,,,,,,,,2.0,0.0,9489.0,,,,,,,,,,,,,,,,,,,,,,,,,,,,,,,,,,,,,,,,,,,,,,,,,,,,,,2026-01-07 20:28:15.430000+00:00,
2026-01-07T20:28:15.430Z,DIAL_ATTEMPT_START,16Uiu2HAkyEGsyqQTj19f2svhZ9FzJsvzWXuxBgFb8QzMS2M1o7uT,,,,,,,,,,,,,,,,,,,9489.0,,,,1767817695430.0,,,,,,,,,,,,,,,,,,,,,,,,,,,,,,,,,,,,,,,,,,,,,,,,,,,,,,,,,2026-01-07 20:28:15.430000+00:00,
2026-01-07T20:28:15.430Z,DISCOVERY_DIAL_DECISION,16Uiu2HAkyEGsyqQTj19f2svhZ9FzJsvzWXuxBgFb8QzMS2M1o7uT,,,,,,,,,,,,,,,,,,,,,,,,2.0,0.0,,attempt_dial,,,,,,,,,,,,,,,,,,,,,,,,,,,,,,,,,,,,,,,,,,,,,,,,,,,,,2026-01-07 20:28:15.430000+00:00,
2026-01-07T20:28:15.649Z,DIAL_FAILURE,16Uiu2HAkyEGsyqQTj19f2svhZ9FzJsvzWXuxBgFb8QzMS2M1o7uT,,,,,,,,,,,,,,,,,,,,,,,,,,,,unexpected end of input,219.0,,,,,,,,,,,,,,,,,,,,,,,,,,,,,,,,,,,,,,,,,,,,,,,,,,,2026-01-07 20:28:15.649000+00:00,
2026-01-07T20:28:17.557Z,DIAL_CHECK_START,16Uiu2HAmVeUPER1UFquNxicicLK1p5P8Fs61mGkWCYmW7qZFYZQw,,,,,,,,,,,,,,,,,,,,,,,,2.0,0.0,9488.0,,,,,,,,,,,,,,,,,,,,,,,,,,,,,,,,,,,,,,,,,,,,,,,,,,,,,,2026-01-07 20:28:17.557000+00:00,
2026-01-07T20:28:17.557Z,DIAL_ATTEMPT_START,16Uiu2HAmVeUPER1UFquNxicicLK1p5P8Fs61mGkWCYmW7qZFYZQw,,,,,,,,,,,,,,,,,,,9488.0,,,,1767817697557.0,,,,,,,,,,,,,,,,,,,,,,,,,,,,,,,,,,,,,,,,,,,,,,,,,,,,,,,,,2026-01-07 20:28:17.557000+00:00,
2026-01-07T20:28:17.557Z,DISCOVERY_DIAL_DECISION,16Uiu2HAmVeUPER1UFquNxicicLK1p5P8Fs61mGkWCYmW7qZFYZQw,,,,,,,,,,,,,,,,,,,,,,,,2.0,0.0,,attempt_dial,,,,,,,,,,,,,,,,,,,,,,,,,,,,,,,,,,,,,,,,,,,,,,,,,,,,,2026-01-07 20:28:17.557000+00:00,
2026-01-07T20:28:19.893Z,DIAL_CHECK_START,16Uiu2HAmLHQas1qgYdY2rNUToJvrrpRRudLsXNEFSZakCFthE9e4,,,,,,,,,,,,,,,,,,,,,,,,2.0,0.0,9487.0,,,,,,,,,,,,,,,,,,,,,,,,,,,,,,,,,,,,,,,,,,,,,,,,,,,,,,2026-01-07 20:28:19.893000+00:00,
2026-01-07T20:28:19.893Z,DIAL_ATTEMPT_START,16Uiu2HAmLHQas1qgYdY2rNUToJvrrpRRudLsXNEFSZakCFthE9e4,,,,,,,,,,,,,,,,,,,9487.0,,,,1767817699893.0,,,,,,,,,,,,,,,,,,,,,,,,,,,,,,,,,,,,,,,,,,,,,,,,,,,,,,,,,2026-01-07 20:28:19.893000+00:00,
2026-01-07T20:28:19.893Z,DISCOVERY_DIAL_DECISION,16Uiu2HAmLHQas1qgYdY2rNUToJvrrpRRudLsXNEFSZakCFthE9e4,,,,,,,,,,,,,,,,,,,,,,,,2.0,0.0,,attempt_dial,,,,,,,,,,,,,,,,,,,,,,,,,,,,,,,,,,,,,,,,,,,,,,,,,,,,,2026-01-07 20:28:19.893000+00:00,
2026-01-07T20:28:20.036Z,DIAL_SUCCESS,16Uiu2HAmLHQas1qgYdY2rNUToJvrrpRRudLsXNEFSZakCFthE9e4,,,,,,,,,,,,,,,,,,,,,,,,,,,,,143.0,,,,,,,,,,,,,,,,,,,,,,,,,,,,,,,,,,,,,,,,,,,,,,,,,,,2026-01-07 20:28:20.036000+00:00,
2026-01-07T20:28:26.168Z,HEARTBEAT_DISCOVERY_NEEDED,unknown,,,,,,,,187.0,0.0,none,2.0,0.0,0.0,NO,0.0,1.0,9340342.0,9340341.0,,,,,,,,,,,,,,,,,,,,,,,,,,,,,,,,,,,,,,,,,,,,,,,,,,,,,,,,,,,,,,2026-01-07 20:28:26.168000+00:00,
2026-01-07T20:28:26.168Z,DISCOVERY_START,discovery,,,,,,,,,,,,,,,,,,,187.0,,2.0,,,,,,,,,,,,,,,,,,,,,,,,,,,,,,,,,,,,,,,,,,,,,,,,,,,,,,,,,,,2026-01-07 20:28:26.168000+00:00,
2026-01-07T20:28:26.170Z,DISCOVERY_FINDNODE_RESULT,unknown,,,,,,,,,,,,,,,,,,,,,,,,,,,,,,,,,,,,,,,,,,,,,,,,,,,,,,,,,,,,,,,,,,,16.0,60003.0,,,,,,,,,,,,2026-01-07 20:28:26.170000+00:00,
2026-01-07T20:28:56.170Z,HEARTBEAT_DISCOVERY_NEEDED,unknown,,,,,,,,190.0,0.0,none,2.0,0.0,0.0,NO,0.0,0.0,9340344.0,9340344.0,,,,,,,,,,,,,,,,,,,,,,,,,,,,,,,,,,,,,,,,,,,,,,,,,,,,,,,,,,,,,,2026-01-07 20:28:56.170000+00:00,
2026-01-07T20:28:56.170Z,DISCOVERY_START,discovery,,,,,,,,,,,,,,,,,,,190.0,,2.0,,,,,,,,,,,,,,,,,,,,,,,,,,,,,,,,,,,,,,,,,,,,,,,,,,,,,,,,,,,2026-01-07 20:28:56.170000+00:00,
2026-01-07T20:28:56.170Z,DISCOVERY_FINDNODE_START,unknown,,,,,,,,,,,,,,,,,,,9863.0,,,0.0,1767817736170.0,,,,,,,,,,,,,,,,,,,,,,,,,,,,,,,,,,,,,,,,,,,,,,,,,,,,,,,,,2026-01-07 20:28:56.170000+00:00,
2026-01-07T20:28:56.315Z,DIAL_CHECK_START,16Uiu2HAmD1T5b1AKyzNGB2xk2g2y6gTQxLWQZAAyt1maBEmPLtt6,,,,,,,,,,,,,,,,,,,,,,,,2.0,0.0,9863.0,,,,,,,,,,,,,,,,,,,,,,,,,,,,,,,,,,,,,,,,,,,,,,,,,,,,,,2026-01-07 20:28:56.315000+00:00,
2026-01-07T20:28:56.315Z,DIAL_ATTEMPT_START,16Uiu2HAmD1T5b1AKyzNGB2xk2g2y6gTQxLWQZAAyt1maBEmPLtt6,,,,,,,,,,,,,,,,,,,9863.0,,,,1767817736315.0,,,,,,,,,,,,,,,,,,,,,,,,,,,,,,,,,,,,,,,,,,,,,,,,,,,,,,,,,2026-01-07 20:28:56.315000+00:00,
2026-01-07T20:28:56.315Z,DISCOVERY_DIAL_DECISION,16Uiu2HAmD1T5b1AKyzNGB2xk2g2y6gTQxLWQZAAyt1maBEmPLtt6,,,,,,,,,,,,,,,,,,,,,,,,2.0,0.0,,attempt_dial,,,,,,,,,,,,,,,,,,,,,,,,,,,,,,,,,,,,,,,,,,,,,,,,,,,,,2026-01-07 20:28:56.315000+00:00,
2026-01-07T20:28:56.375Z,DIAL_CHECK_START,16Uiu2HAmHC67yLMggoGaAFyhm92jraDHTuoGGa3ZgM5dUoooFqc2,,,,,,,,,,,,,,,,,,,,,,,,2.0,4.0,9862.0,,,,,,,,,,,,,,,,,,,,,,,,,,,,,,,,,,,,,,,,,,,,,,,,,,,,,,2026-01-07 20:28:56.375000+00:00,
2026-01-07T20:28:56.375Z,DIAL_ATTEMPT_START,16Uiu2HAmHC67yLMggoGaAFyhm92jraDHTuoGGa3ZgM5dUoooFqc2,,,,,,,,,,,,,,,,,,,9862.0,,,,1767817736375.0,,,,,,,,,,,,,,,,,,,,,,,,,,,,,,,,,,,,,,,,,,,,,,,,,,,,,,,,,2026-01-07 20:28:56.375000+00:00,
2026-01-07T20:28:56.375Z,DISCOVERY_DIAL_DECISION,16Uiu2HAmHC67yLMggoGaAFyhm92jraDHTuoGGa3ZgM5dUoooFqc2,,,,,,,,,,,,,,,,,,,,,,,,2.0,4.0,,attempt_dial,,,,,,,,,,,,,,,,,,,,,,,,,,,,,,,,,,,,,,,,,,,,,,,,,,,,,2026-01-07 20:28:56.375000+00:00,
2026-01-07T20:28:56.418Z,DIAL_FAILURE,16Uiu2HAmD1T5b1AKyzNGB2xk2g2y6gTQxLWQZAAyt1maBEmPLtt6,,,,,,,,,,,,,,,,,,,,,,,,,,,,read ECONNRESET,103.0,,,,,,,,,,,,,,,,,,,,,,,,,,,,,,,,,,,,,,,,,,,,,,,,,,,2026-01-07 20:28:56.418000+00:00,
2026-01-07T20:28:56.572Z,DIAL_CHECK_START,16Uiu2HAmQe6DjXnY7pKwf5KSpUjkMSZHAzNL9G51jDdoY8d5txv1,,,,,,,,,,,,,,,,,,,,,,,,2.0,0.0,9861.0,,,,,,,,,,,,,,,,,,,,,,,,,,,,,,,,,,,,,,,,,,,,,,,,,,,,,,2026-01-07 20:28:56.572000+00:00,
2026-01-07T20:28:56.572Z,DIAL_ATTEMPT_START,16Uiu2HAmQe6DjXnY7pKwf5KSpUjkMSZHAzNL9G51jDdoY8d5txv1,,,,,,,,,,,,,,,,,,,9861.0,,,,1767817736572.0,,,,,,,,,,,,,,,,,,,,,,,,,,,,,,,,,,,,,,,,,,,,,,,,,,,,,,,,,2026-01-07 20:28:56.572000+00:00,
2026-01-07T20:28:56.572Z,DISCOVERY_DIAL_DECISION,16Uiu2HAmQe6DjXnY7pKwf5KSpUjkMSZHAzNL9G51jDdoY8d5txv1,,,,,,,,,,,,,,,,,,,,,,,,2.0,0.0,,attempt_dial,,,,,,,,,,,,,,,,,,,,,,,,,,,,,,,,,,,,,,,,,,,,,,,,,,,,,2026-01-07 20:28:56.572000+00:00,
2026-01-07T20:28:56.707Z,DIAL_FAILURE,16Uiu2HAmQe6DjXnY7pKwf5KSpUjkMSZHAzNL9G51jDdoY8d5txv1,,,,,,,,,,,,,,,,,,,,,,,,,,,,unexpected end of input,135.0,,,,,,,,,,,,,,,,,,,,,,,,,,,,,,,,,,,,,,,,,,,,,,,,,,,2026-01-07 20:28:56.707000+00:00,
2026-01-07T20:28:56.847Z,DIAL_SUCCESS,16Uiu2HAmHC67yLMggoGaAFyhm92jraDHTuoGGa3ZgM5dUoooFqc2,,,,,,,,,,,,,,,,,,,,,,,,,,,,,472.0,,,,,,,,,,,,,,,,,,,,,,,,,,,,,,,,,,,,,,,,,,,,,,,,,,,2026-01-07 20:28:56.847000+00:00,
2026-01-07T20:28:57.035Z,DIAL_CHECK_START,16Uiu2HAmVVbkFeogTzSLmGP2WBmawuyviMwJbCo5umxgoL64s6Gc,,,,,,,,,,,,,,,,,,,,,,,,2.0,0.0,9860.0,,,,,,,,,,,,,,,,,,,,,,,,,,,,,,,,,,,,,,,,,,,,,,,,,,,,,,2026-01-07 20:28:57.035000+00:00,
2026-01-07T20:28:57.035Z,DIAL_ATTEMPT_START,16Uiu2HAmVVbkFeogTzSLmGP2WBmawuyviMwJbCo5umxgoL64s6Gc,,,,,,,,,,,,,,,,,,,9860.0,,,,1767817737035.0,,,,,,,,,,,,,,,,,,,,,,,,,,,,,,,,,,,,,,,,,,,,,,,,,,,,,,,,,2026-01-07 20:28:57.035000+00:00,
2026-01-07T20:28:57.035Z,DISCOVERY_DIAL_DECISION,16Uiu2HAmVVbkFeogTzSLmGP2WBmawuyviMwJbCo5umxgoL64s6Gc,,,,,,,,,,,,,,,,,,,,,,,,2.0,0.0,,attempt_dial,,,,,,,,,,,,,,,,,,,,,,,,,,,,,,,,,,,,,,,,,,,,,,,,,,,,,2026-01-07 20:28:57.035000+00:00,
2026-01-07T20:28:57.036Z,DIAL_CHECK_START,16Uiu2HAmVVbkFeogTzSLmGP2WBmawuyviMwJbCo5umxgoL64s6Gc,,,,,,,,,,,,,,,,,,,,,,,,0.0,0.0,9859.0,,,,,,,,,,,,,,,,,,,,,,,,,,,,,,,,,,,,,,,,,,,,,,,,,,,,,,2026-01-07 20:28:57.036000+00:00,
2026-01-07T20:28:57.036Z,DIAL_ATTEMPT_START,16Uiu2HAmVVbkFeogTzSLmGP2WBmawuyviMwJbCo5umxgoL64s6Gc,,,,,,,,,,,,,,,,,,,9859.0,,,,1767817737036.0,,,,,,,,,,,,,,,,,,,,,,,,,,,,,,,,,,,,,,,,,,,,,,,,,,,,,,,,,2026-01-07 20:28:57.036000+00:00,
2026-01-07T20:28:57.036Z,DISCOVERY_DIAL_DECISION,16Uiu2HAmVVbkFeogTzSLmGP2WBmawuyviMwJbCo5umxgoL64s6Gc,,,,,,,,,,,,,,,,,,,,,,,,0.0,0.0,,attempt_dial,,,,,,,,,,,,,,,,,,,,,,,,,,,,,,,,,,,,,,,,,,,,,,,,,,,,,2026-01-07 20:28:57.036000+00:00,
2026-01-07T20:28:57.308Z,DIAL_SUCCESS,16Uiu2HAmVVbkFeogTzSLmGP2WBmawuyviMwJbCo5umxgoL64s6Gc,,,,,,,,,,,,,,,,,,,,,,,,,,,,,272.0,,,,,,,,,,,,,,,,,,,,,,,,,,,,,,,,,,,,,,,,,,,,,,,,,,,2026-01-07 20:28:57.308000+00:00,
2026-01-07T20:28:57.309Z,DIAL_SUCCESS,16Uiu2HAmVVbkFeogTzSLmGP2WBmawuyviMwJbCo5umxgoL64s6Gc,,,,,,,,,,,,,,,,,,,,,,,,,,,,,274.0,,,,,,,,,,,,,,,,,,,,,,,,,,,,,,,,,,,,,,,,,,,,,,,,,,,2026-01-07 20:28:57.309000+00:00,
2026-01-07T20:28:59.440Z,DIAL_CHECK_START,16Uiu2HAmUh8WcPdn4hWggBhCJvfG3aX4gzboiTcExuKGAts95V2U,,,,,,,,,,,,,,,,,,,,,,,,2.0,0.0,9858.0,,,,,,,,,,,,,,,,,,,,,,,,,,,,,,,,,,,,,,,,,,,,,,,,,,,,,,2026-01-07 20:28:59.440000+00:00,
2026-01-07T20:28:59.440Z,DIAL_ATTEMPT_START,16Uiu2HAmUh8WcPdn4hWggBhCJvfG3aX4gzboiTcExuKGAts95V2U,,,,,,,,,,,,,,,,,,,9858.0,,,,1767817739440.0,,,,,,,,,,,,,,,,,,,,,,,,,,,,,,,,,,,,,,,,,,,,,,,,,,,,,,,,,2026-01-07 20:28:59.440000+00:00,
2026-01-07T20:28:59.440Z,DISCOVERY_DIAL_DECISION,16Uiu2HAmUh8WcPdn4hWggBhCJvfG3aX4gzboiTcExuKGAts95V2U,,,,,,,,,,,,,,,,,,,,,,,,2.0,0.0,,attempt_dial,,,,,,,,,,,,,,,,,,,,,,,,,,,,,,,,,,,,,,,,,,,,,,,,,,,,,2026-01-07 20:28:59.440000+00:00,
2026-01-07T20:28:59.714Z,DIAL_SUCCESS,16Uiu2HAmUh8WcPdn4hWggBhCJvfG3aX4gzboiTcExuKGAts95V2U,,,,,,,,,,,,,,,,,,,,,,,,,,,,,274.0,,,,,,,,,,,,,,,,,,,,,,,,,,,,,,,,,,,,,,,,,,,,,,,,,,,2026-01-07 20:28:59.714000+00:00,
2026-01-07T20:29:03.814Z,DIAL_CHECK_START,16Uiu2HAm7WdfciQau6Mu7C2CFDxShwfZVkAhtxVAhJwRuoLtgYzg,,,,,,,,,,,,,,,,,,,,,,,,2.0,0.0,9857.0,,,,,,,,,,,,,,,,,,,,,,,,,,,,,,,,,,,,,,,,,,,,,,,,,,,,,,2026-01-07 20:29:03.814000+00:00,
2026-01-07T20:29:03.814Z,DIAL_ATTEMPT_START,16Uiu2HAm7WdfciQau6Mu7C2CFDxShwfZVkAhtxVAhJwRuoLtgYzg,,,,,,,,,,,,,,,,,,,9857.0,,,,1767817743814.0,,,,,,,,,,,,,,,,,,,,,,,,,,,,,,,,,,,,,,,,,,,,,,,,,,,,,,,,,2026-01-07 20:29:03.814000+00:00,
2026-01-07T20:29:03.814Z,DISCOVERY_DIAL_DECISION,16Uiu2HAm7WdfciQau6Mu7C2CFDxShwfZVkAhtxVAhJwRuoLtgYzg,,,,,,,,,,,,,,,,,,,,,,,,2.0,0.0,,attempt_dial,,,,,,,,,,,,,,,,,,,,,,,,,,,,,,,,,,,,,,,,,,,,,,,,,,,,,2026-01-07 20:29:03.814000+00:00,
2026-01-07T20:29:03.816Z,DIAL_CHECK_START,16Uiu2HAm7WdfciQau6Mu7C2CFDxShwfZVkAhtxVAhJwRuoLtgYzg,,,,,,,,,,,,,,,,,,,,,,,,0.0,0.0,9856.0,,,,,,,,,,,,,,,,,,,,,,,,,,,,,,,,,,,,,,,,,,,,,,,,,,,,,,2026-01-07 20:29:03.816000+00:00,
2026-01-07T20:29:03.816Z,DIAL_ATTEMPT_START,16Uiu2HAm7WdfciQau6Mu7C2CFDxShwfZVkAhtxVAhJwRuoLtgYzg,,,,,,,,,,,,,,,,,,,9856.0,,,,1767817743816.0,,,,,,,,,,,,,,,,,,,,,,,,,,,,,,,,,,,,,,,,,,,,,,,,,,,,,,,,,2026-01-07 20:29:03.816000+00:00,
2026-01-07T20:29:03.816Z,DISCOVERY_DIAL_DECISION,16Uiu2HAm7WdfciQau6Mu7C2CFDxShwfZVkAhtxVAhJwRuoLtgYzg,,,,,,,,,,,,,,,,,,,,,,,,0.0,0.0,,attempt_dial,,,,,,,,,,,,,,,,,,,,,,,,,,,,,,,,,,,,,,,,,,,,,,,,,,,,,2026-01-07 20:29:03.816000+00:00,
2026-01-07T20:29:07.921Z,DIAL_CHECK_START,16Uiu2HAm5ZPmgYCZmdak5pdeZsrsCGfWxc2CZGY8WPRm3cWoUBUJ,,,,,,,,,,,,,,,,,,,,,,,,64.0,4.0,9855.0,,,,,,,,,,,,,,,,,,,,,,,,,,,,,,,,,,,,,,,,,,,,,,,,,,,,,,2026-01-07 20:29:07.921000+00:00,
2026-01-07T20:29:07.921Z,DIAL_ATTEMPT_START,16Uiu2HAm5ZPmgYCZmdak5pdeZsrsCGfWxc2CZGY8WPRm3cWoUBUJ,,,,,,,,,,,,,,,,,,,9855.0,,,,1767817747921.0,,,,,,,,,,,,,,,,,,,,,,,,,,,,,,,,,,,,,,,,,,,,,,,,,,,,,,,,,2026-01-07 20:29:07.921000+00:00,
2026-01-07T20:29:07.922Z,DISCOVERY_DIAL_DECISION,16Uiu2HAm5ZPmgYCZmdak5pdeZsrsCGfWxc2CZGY8WPRm3cWoUBUJ,,,,,,,,,,,,,,,,,,,,,,,,64.0,4.0,,attempt_dial,,,,,,,,,,,,,,,,,,,,,,,,,,,,,,,,,,,,,,,,,,,,,,,,,,,,,2026-01-07 20:29:07.922000+00:00,
2026-01-07T20:29:08.342Z,DIAL_SUCCESS,16Uiu2HAm5ZPmgYCZmdak5pdeZsrsCGfWxc2CZGY8WPRm3cWoUBUJ,,,,,,,,,,,,,,,,,,,,,,,,,,,,,421.0,,,,,,,,,,,,,,,,,,,,,,,,,,,,,,,,,,,,,,,,,,,,,,,,,,,2026-01-07 20:29:08.342000+00:00,
2026-01-07T20:29:12.063Z,DIAL_CHECK_START,16Uiu2HAm5XuEyJaDxwwBkQRvApd7DC1Y8N86estZS77WmwnBZRJw,,,,,,,,,,,,,,,,,,,,,,,,2.0,0.0,9854.0,,,,,,,,,,,,,,,,,,,,,,,,,,,,,,,,,,,,,,,,,,,,,,,,,,,,,,2026-01-07 20:29:12.063000+00:00,
2026-01-07T20:29:12.063Z,DIAL_ATTEMPT_START,16Uiu2HAm5XuEyJaDxwwBkQRvApd7DC1Y8N86estZS77WmwnBZRJw,,,,,,,,,,,,,,,,,,,9854.0,,,,1767817752063.0,,,,,,,,,,,,,,,,,,,,,,,,,,,,,,,,,,,,,,,,,,,,,,,,,,,,,,,,,2026-01-07 20:29:12.063000+00:00,
2026-01-07T20:29:12.063Z,DISCOVERY_DIAL_DECISION,16Uiu2HAm5XuEyJaDxwwBkQRvApd7DC1Y8N86estZS77WmwnBZRJw,,,,,,,,,,,,,,,,,,,,,,,,2.0,0.0,,attempt_dial,,,,,,,,,,,,,,,,,,,,,,,,,,,,,,,,,,,,,,,,,,,,,,,,,,,,,2026-01-07 20:29:12.063000+00:00,
2026-01-07T20:29:12.328Z,DIAL_FAILURE,16Uiu2HAm5XuEyJaDxwwBkQRvApd7DC1Y8N86estZS77WmwnBZRJw,,,,,,,,,,,,,,,,,,,,,,,,,,,,read ECONNRESET,265.0,,,,,,,,,,,,,,,,,,,,,,,,,,,,,,,,,,,,,,,,,,,,,,,,,,,2026-01-07 20:29:12.328000+00:00,
2026-01-07T20:29:18.056Z,DIAL_CHECK_START,16Uiu2HAmQe6DjXnY7pKwf5KSpUjkMSZHAzNL9G51jDdoY8d5txv1,,,,,,,,,,,,,,,,,,,,,,,,2.0,0.0,9853.0,,,,,,,,,,,,,,,,,,,,,,,,,,,,,,,,,,,,,,,,,,,,,,,,,,,,,,2026-01-07 20:29:18.056000+00:00,
2026-01-07T20:29:18.056Z,DIAL_ATTEMPT_START,16Uiu2HAmQe6DjXnY7pKwf5KSpUjkMSZHAzNL9G51jDdoY8d5txv1,,,,,,,,,,,,,,,,,,,9853.0,,,,1767817758056.0,,,,,,,,,,,,,,,,,,,,,,,,,,,,,,,,,,,,,,,,,,,,,,,,,,,,,,,,,2026-01-07 20:29:18.056000+00:00,
2026-01-07T20:29:18.056Z,DISCOVERY_DIAL_DECISION,16Uiu2HAmQe6DjXnY7pKwf5KSpUjkMSZHAzNL9G51jDdoY8d5txv1,,,,,,,,,,,,,,,,,,,,,,,,2.0,0.0,,attempt_dial,,,,,,,,,,,,,,,,,,,,,,,,,,,,,,,,,,,,,,,,,,,,,,,,,,,,,2026-01-07 20:29:18.056000+00:00,
2026-01-07T20:29:18.192Z,DIAL_FAILURE,16Uiu2HAmQe6DjXnY7pKwf5KSpUjkMSZHAzNL9G51jDdoY8d5txv1,,,,,,,,,,,,,,,,,,,,,,,,,,,,unexpected end of input,136.0,,,,,,,,,,,,,,,,,,,,,,,,,,,,,,,,,,,,,,,,,,,,,,,,,,,2026-01-07 20:29:18.192000+00:00,
2026-01-07T20:29:18.233Z,DIAL_CHECK_START,16Uiu2HAm8xV63fdsSkhXTb1viMBrdnGgYiP5tejh2NjZQvzVD63w,,,,,,,,,,,,,,,,,,,,,,,,2.0,0.0,9852.0,,,,,,,,,,,,,,,,,,,,,,,,,,,,,,,,,,,,,,,,,,,,,,,,,,,,,,2026-01-07 20:29:18.233000+00:00,
2026-01-07T20:29:18.233Z,DIAL_ATTEMPT_START,16Uiu2HAm8xV63fdsSkhXTb1viMBrdnGgYiP5tejh2NjZQvzVD63w,,,,,,,,,,,,,,,,,,,9852.0,,,,1767817758233.0,,,,,,,,,,,,,,,,,,,,,,,,,,,,,,,,,,,,,,,,,,,,,,,,,,,,,,,,,2026-01-07 20:29:18.233000+00:00,
2026-01-07T20:29:18.233Z,DISCOVERY_DIAL_DECISION,16Uiu2HAm8xV63fdsSkhXTb1viMBrdnGgYiP5tejh2NjZQvzVD63w,,,,,,,,,,,,,,,,,,,,,,,,2.0,0.0,,attempt_dial,,,,,,,,,,,,,,,,,,,,,,,,,,,,,,,,,,,,,,,,,,,,,,,,,,,,,2026-01-07 20:29:18.233000+00:00,
2026-01-07T20:29:21.610Z,DIAL_CHECK_START,16Uiu2HAmQe6DjXnY7pKwf5KSpUjkMSZHAzNL9G51jDdoY8d5txv1,,,,,,,,,,,,,,,,,,,,,,,,2.0,0.0,9851.0,,,,,,,,,,,,,,,,,,,,,,,,,,,,,,,,,,,,,,,,,,,,,,,,,,,,,,2026-01-07 20:29:21.610000+00:00,
2026-01-07T20:29:21.610Z,DIAL_ATTEMPT_START,16Uiu2HAmQe6DjXnY7pKwf5KSpUjkMSZHAzNL9G51jDdoY8d5txv1,,,,,,,,,,,,,,,,,,,9851.0,,,,1767817761610.0,,,,,,,,,,,,,,,,,,,,,,,,,,,,,,,,,,,,,,,,,,,,,,,,,,,,,,,,,2026-01-07 20:29:21.610000+00:00,
2026-01-07T20:29:21.610Z,DISCOVERY_DIAL_DECISION,16Uiu2HAmQe6DjXnY7pKwf5KSpUjkMSZHAzNL9G51jDdoY8d5txv1,,,,,,,,,,,,,,,,,,,,,,,,2.0,0.0,,attempt_dial,,,,,,,,,,,,,,,,,,,,,,,,,,,,,,,,,,,,,,,,,,,,,,,,,,,,,2026-01-07 20:29:21.610000+00:00,
2026-01-07T20:29:21.745Z,DIAL_FAILURE,16Uiu2HAmQe6DjXnY7pKwf5KSpUjkMSZHAzNL9G51jDdoY8d5txv1,,,,,,,,,,,,,,,,,,,,,,,,,,,,unexpected end of input,135.0,,,,,,,,,,,,,,,,,,,,,,,,,,,,,,,,,,,,,,,,,,,,,,,,,,,2026-01-07 20:29:21.745000+00:00,
2026-01-07T20:29:26.171Z,HEARTBEAT_DISCOVERY_NEEDED,unknown,,,,,,,,188.0,0.0,none,2.0,0.0,0.0,NO,0.0,0.0,9340347.0,9340347.0,,,,,,,,,,,,,,,,,,,,,,,,,,,,,,,,,,,,,,,,,,,,,,,,,,,,,,,,,,,,,,2026-01-07 20:29:26.171000+00:00,
2026-01-07T20:29:26.171Z,DISCOVERY_START,discovery,,,,,,,,,,,,,,,,,,,188.0,,2.0,,,,,,,,,,,,,,,,,,,,,,,,,,,,,,,,,,,,,,,,,,,,,,,,,,,,,,,,,,,2026-01-07 20:29:26.171000+00:00,
2026-01-07T20:29:26.763Z,DIAL_CHECK_START,16Uiu2HAmUh8WcPdn4hWggBhCJvfG3aX4gzboiTcExuKGAts95V2U,,,,,,,,,,,,,,,,,,,,,,,,2.0,0.0,10038.0,,,,,,,,,,,,,,,,,,,,,,,,,,,,,,,,,,,,,,,,,,,,,,,,,,,,,,2026-01-07 20:29:26.763000+00:00,
2026-01-07T20:29:26.763Z,DIAL_ATTEMPT_START,16Uiu2HAmUh8WcPdn4hWggBhCJvfG3aX4gzboiTcExuKGAts95V2U,,,,,,,,,,,,,,,,,,,10038.0,,,,1767817766763.0,,,,,,,,,,,,,,,,,,,,,,,,,,,,,,,,,,,,,,,,,,,,,,,,,,,,,,,,,2026-01-07 20:29:26.763000+00:00,
2026-01-07T20:29:26.763Z,DISCOVERY_DIAL_DECISION,16Uiu2HAmUh8WcPdn4hWggBhCJvfG3aX4gzboiTcExuKGAts95V2U,,,,,,,,,,,,,,,,,,,,,,,,2.0,0.0,,attempt_dial,,,,,,,,,,,,,,,,,,,,,,,,,,,,,,,,,,,,,,,,,,,,,,,,,,,,,2026-01-07 20:29:26.763000+00:00,
2026-01-07T20:29:27.038Z,DIAL_SUCCESS,16Uiu2HAmUh8WcPdn4hWggBhCJvfG3aX4gzboiTcExuKGAts95V2U,,,,,,,,,,,,,,,,,,,,,,,,,,,,,275.0,,,,,,,,,,,,,,,,,,,,,,,,,,,,,,,,,,,,,,,,,,,,,,,,,,,2026-01-07 20:29:27.038000+00:00,
2026-01-07T20:29:38.759Z,DIAL_CHECK_START,16Uiu2HAkv3prag3AKMaEKotRsa784Jk6tzZibtguy2vDg7seqyTC,,,,,,,,,,,,,,,,,,,,,,,,2.0,0.0,10037.0,,,,,,,,,,,,,,,,,,,,,,,,,,,,,,,,,,,,,,,,,,,,,,,,,,,,,,2026-01-07 20:29:38.759000+00:00,
2026-01-07T20:29:38.759Z,DIAL_ATTEMPT_START,16Uiu2HAkv3prag3AKMaEKotRsa784Jk6tzZibtguy2vDg7seqyTC,,,,,,,,,,,,,,,,,,,10037.0,,,,1767817778759.0,,,,,,,,,,,,,,,,,,,,,,,,,,,,,,,,,,,,,,,,,,,,,,,,,,,,,,,,,2026-01-07 20:29:38.759000+00:00,
2026-01-07T20:29:38.759Z,DISCOVERY_DIAL_DECISION,16Uiu2HAkv3prag3AKMaEKotRsa784Jk6tzZibtguy2vDg7seqyTC,,,,,,,,,,,,,,,,,,,,,,,,2.0,0.0,,attempt_dial,,,,,,,,,,,,,,,,,,,,,,,,,,,,,,,,,,,,,,,,,,,,,,,,,,,,,2026-01-07 20:29:38.759000+00:00,
2026-01-07T20:29:38.760Z,DIAL_CHECK_START,16Uiu2HAmAyeD1n4zkKipuBGjAtLqTQEehFYYeWG2HVJu7VvQsMch,,,,,,,,,,,,,,,,,,,,,,,,2.0,0.0,10036.0,,,,,,,,,,,,,,,,,,,,,,,,,,,,,,,,,,,,,,,,,,,,,,,,,,,,,,2026-01-07 20:29:38.760000+00:00,
2026-01-07T20:29:38.760Z,DIAL_ATTEMPT_START,16Uiu2HAmAyeD1n4zkKipuBGjAtLqTQEehFYYeWG2HVJu7VvQsMch,,,,,,,,,,,,,,,,,,,10036.0,,,,1767817778760.0,,,,,,,,,,,,,,,,,,,,,,,,,,,,,,,,,,,,,,,,,,,,,,,,,,,,,,,,,2026-01-07 20:29:38.760000+00:00,
2026-01-07T20:29:38.760Z,DISCOVERY_DIAL_DECISION,16Uiu2HAmAyeD1n4zkKipuBGjAtLqTQEehFYYeWG2HVJu7VvQsMch,,,,,,,,,,,,,,,,,,,,,,,,2.0,0.0,,attempt_dial,,,,,,,,,,,,,,,,,,,,,,,,,,,,,,,,,,,,,,,,,,,,,,,,,,,,,2026-01-07 20:29:38.760000+00:00,
2026-01-07T20:29:38.763Z,DIAL_CHECK_START,16Uiu2HAmAyeD1n4zkKipuBGjAtLqTQEehFYYeWG2HVJu7VvQsMch,,,,,,,,,,,,,,,,,,,,,,,,0.0,0.0,10035.0,,,,,,,,,,,,,,,,,,,,,,,,,,,,,,,,,,,,,,,,,,,,,,,,,,,,,,2026-01-07 20:29:38.763000+00:00,
2026-01-07T20:29:38.763Z,DIAL_ATTEMPT_START,16Uiu2HAmAyeD1n4zkKipuBGjAtLqTQEehFYYeWG2HVJu7VvQsMch,,,,,,,,,,,,,,,,,,,10035.0,,,,1767817778763.0,,,,,,,,,,,,,,,,,,,,,,,,,,,,,,,,,,,,,,,,,,,,,,,,,,,,,,,,,2026-01-07 20:29:38.763000+00:00,
2026-01-07T20:29:38.763Z,DISCOVERY_DIAL_DECISION,16Uiu2HAmAyeD1n4zkKipuBGjAtLqTQEehFYYeWG2HVJu7VvQsMch,,,,,,,,,,,,,,,,,,,,,,,,0.0,0.0,,attempt_dial,,,,,,,,,,,,,,,,,,,,,,,,,,,,,,,,,,,,,,,,,,,,,,,,,,,,,2026-01-07 20:29:38.763000+00:00,
2026-01-07T20:29:44.088Z,DIAL_FAILURE,16Uiu2HAmPYbRZqYXfJiT7Kuy1EVAHFKWgqxSjXMNvwKt1bMBoR3P,,,,,,,,,,,,,,,,,,,,,,,,,,,,connection error 18.182.102.196:13000: connect ETIMEDOUT 18.182.102.196:13000,132476.0,,,,,,,,,,,,,,,,,,,,,,,,,,,,,,,,,,,,,,,,,,,,,,,,,,,2026-01-07 20:29:44.088000+00:00,
2026-01-07T20:29:44.493Z,DIAL_CHECK_START,16Uiu2HAmKg8RQ8wKBgMzTieJA8ENFB6oB87VhdVesRABmRUh94bT,,,,,,,,,,,,,,,,,,,,,,,,2.0,0.0,10034.0,,,,,,,,,,,,,,,,,,,,,,,,,,,,,,,,,,,,,,,,,,,,,,,,,,,,,,2026-01-07 20:29:44.493000+00:00,
2026-01-07T20:29:44.493Z,DIAL_ATTEMPT_START,16Uiu2HAmKg8RQ8wKBgMzTieJA8ENFB6oB87VhdVesRABmRUh94bT,,,,,,,,,,,,,,,,,,,10034.0,,,,1767817784493.0,,,,,,,,,,,,,,,,,,,,,,,,,,,,,,,,,,,,,,,,,,,,,,,,,,,,,,,,,2026-01-07 20:29:44.493000+00:00,
2026-01-07T20:29:44.493Z,DISCOVERY_DIAL_DECISION,16Uiu2HAmKg8RQ8wKBgMzTieJA8ENFB6oB87VhdVesRABmRUh94bT,,,,,,,,,,,,,,,,,,,,,,,,2.0,0.0,,attempt_dial,,,,,,,,,,,,,,,,,,,,,,,,,,,,,,,,,,,,,,,,,,,,,,,,,,,,,2026-01-07 20:29:44.493000+00:00,
2026-01-07T20:29:44.753Z,DIAL_CHECK_START,16Uiu2HAm48pw2mmkzCnAy2cAxzyHZwau7B8h27GL7b76GkMrZDTt,,,,,,,,,,,,,,,,,,,,,,,,2.0,0.0,10033.0,,,,,,,,,,,,,,,,,,,,,,,,,,,,,,,,,,,,,,,,,,,,,,,,,,,,,,2026-01-07 20:29:44.753000+00:00,
2026-01-07T20:29:44.753Z,DIAL_ATTEMPT_START,16Uiu2HAm48pw2mmkzCnAy2cAxzyHZwau7B8h27GL7b76GkMrZDTt,,,,,,,,,,,,,,,,,,,10033.0,,,,1767817784753.0,,,,,,,,,,,,,,,,,,,,,,,,,,,,,,,,,,,,,,,,,,,,,,,,,,,,,,,,,2026-01-07 20:29:44.753000+00:00,
2026-01-07T20:29:44.753Z,DISCOVERY_DIAL_DECISION,16Uiu2HAm48pw2mmkzCnAy2cAxzyHZwau7B8h27GL7b76GkMrZDTt,,,,,,,,,,,,,,,,,,,,,,,,2.0,0.0,,attempt_dial,,,,,,,,,,,,,,,,,,,,,,,,,,,,,,,,,,,,,,,,,,,,,,,,,,,,,2026-01-07 20:29:44.753000+00:00,
2026-01-07T20:29:44.765Z,DIAL_SUCCESS,16Uiu2HAmKg8RQ8wKBgMzTieJA8ENFB6oB87VhdVesRABmRUh94bT,,,,,,,,,,,,,,,,,,,,,,,,,,,,,272.0,,,,,,,,,,,,,,,,,,,,,,,,,,,,,,,,,,,,,,,,,,,,,,,,,,,2026-01-07 20:29:44.765000+00:00,
2026-01-07T20:29:45.503Z,DIAL_CHECK_START,16Uiu2HAmQe6DjXnY7pKwf5KSpUjkMSZHAzNL9G51jDdoY8d5txv1,,,,,,,,,,,,,,,,,,,,,,,,2.0,0.0,10032.0,,,,,,,,,,,,,,,,,,,,,,,,,,,,,,,,,,,,,,,,,,,,,,,,,,,,,,2026-01-07 20:29:45.503000+00:00,
2026-01-07T20:29:45.503Z,DIAL_ATTEMPT_START,16Uiu2HAmQe6DjXnY7pKwf5KSpUjkMSZHAzNL9G51jDdoY8d5txv1,,,,,,,,,,,,,,,,,,,10032.0,,,,1767817785503.0,,,,,,,,,,,,,,,,,,,,,,,,,,,,,,,,,,,,,,,,,,,,,,,,,,,,,,,,,2026-01-07 20:29:45.503000+00:00,
2026-01-07T20:29:45.503Z,DISCOVERY_DIAL_DECISION,16Uiu2HAmQe6DjXnY7pKwf5KSpUjkMSZHAzNL9G51jDdoY8d5txv1,,,,,,,,,,,,,,,,,,,,,,,,2.0,0.0,,attempt_dial,,,,,,,,,,,,,,,,,,,,,,,,,,,,,,,,,,,,,,,,,,,,,,,,,,,,,2026-01-07 20:29:45.503000+00:00,
2026-01-07T20:29:45.638Z,DIAL_FAILURE,16Uiu2HAmQe6DjXnY7pKwf5KSpUjkMSZHAzNL9G51jDdoY8d5txv1,,,,,,,,,,,,,,,,,,,,,,,,,,,,unexpected end of input,135.0,,,,,,,,,,,,,,,,,,,,,,,,,,,,,,,,,,,,,,,,,,,,,,,,,,,2026-01-07 20:29:45.638000+00:00,
2026-01-07T20:29:46.750Z,DIAL_CHECK_START,16Uiu2HAmQe6DjXnY7pKwf5KSpUjkMSZHAzNL9G51jDdoY8d5txv1,,,,,,,,,,,,,,,,,,,,,,,,2.0,0.0,10031.0,,,,,,,,,,,,,,,,,,,,,,,,,,,,,,,,,,,,,,,,,,,,,,,,,,,,,,2026-01-07 20:29:46.750000+00:00,
2026-01-07T20:29:46.750Z,DIAL_ATTEMPT_START,16Uiu2HAmQe6DjXnY7pKwf5KSpUjkMSZHAzNL9G51jDdoY8d5txv1,,,,,,,,,,,,,,,,,,,10031.0,,,,1767817786750.0,,,,,,,,,,,,,,,,,,,,,,,,,,,,,,,,,,,,,,,,,,,,,,,,,,,,,,,,,2026-01-07 20:29:46.750000+00:00,
2026-01-07T20:29:46.750Z,DISCOVERY_DIAL_DECISION,16Uiu2HAmQe6DjXnY7pKwf5KSpUjkMSZHAzNL9G51jDdoY8d5txv1,,,,,,,,,,,,,,,,,,,,,,,,2.0,0.0,,attempt_dial,,,,,,,,,,,,,,,,,,,,,,,,,,,,,,,,,,,,,,,,,,,,,,,,,,,,,2026-01-07 20:29:46.750000+00:00,
2026-01-07T20:29:46.885Z,DIAL_FAILURE,16Uiu2HAmQe6DjXnY7pKwf5KSpUjkMSZHAzNL9G51jDdoY8d5txv1,,,,,,,,,,,,,,,,,,,,,,,,,,,,unexpected end of input,135.0,,,,,,,,,,,,,,,,,,,,,,,,,,,,,,,,,,,,,,,,,,,,,,,,,,,2026-01-07 20:29:46.885000+00:00,
2026-01-07T20:29:48.330Z,DIAL_CHECK_START,16Uiu2HAmHzDZcnqCSZDp4ohgacjzTbu9n67hJ1RSm6Px5rpx9GdK,,,,,,,,,,,,,,,,,,,,,,,,2.0,0.0,10030.0,,,,,,,,,,,,,,,,,,,,,,,,,,,,,,,,,,,,,,,,,,,,,,,,,,,,,,2026-01-07 20:29:48.330000+00:00,
2026-01-07T20:29:48.330Z,DIAL_ATTEMPT_START,16Uiu2HAmHzDZcnqCSZDp4ohgacjzTbu9n67hJ1RSm6Px5rpx9GdK,,,,,,,,,,,,,,,,,,,10030.0,,,,1767817788330.0,,,,,,,,,,,,,,,,,,,,,,,,,,,,,,,,,,,,,,,,,,,,,,,,,,,,,,,,,2026-01-07 20:29:48.330000+00:00,
2026-01-07T20:29:48.330Z,DISCOVERY_DIAL_DECISION,16Uiu2HAmHzDZcnqCSZDp4ohgacjzTbu9n67hJ1RSm6Px5rpx9GdK,,,,,,,,,,,,,,,,,,,,,,,,2.0,0.0,,attempt_dial,,,,,,,,,,,,,,,,,,,,,,,,,,,,,,,,,,,,,,,,,,,,,,,,,,,,,2026-01-07 20:29:48.330000+00:00,
2026-01-07T20:29:48.446Z,DIAL_FAILURE,16Uiu2HAmHzDZcnqCSZDp4ohgacjzTbu9n67hJ1RSm6Px5rpx9GdK,,,,,,,,,,,,,,,,,,,,,,,,,,,,connection error 38.49.208.120:13000: connect ECONNREFUSED 38.49.208.120:13000,116.0,,,,,,,,,,,,,,,,,,,,,,,,,,,,,,,,,,,,,,,,,,,,,,,,,,,2026-01-07 20:29:48.446000+00:00,
2026-01-07T20:29:54.915Z,DIAL_CHECK_START,16Uiu2HAmQe6DjXnY7pKwf5KSpUjkMSZHAzNL9G51jDdoY8d5txv1,,,,,,,,,,,,,,,,,,,,,,,,2.0,0.0,10029.0,,,,,,,,,,,,,,,,,,,,,,,,,,,,,,,,,,,,,,,,,,,,,,,,,,,,,,2026-01-07 20:29:54.915000+00:00,
2026-01-07T20:29:54.915Z,DIAL_ATTEMPT_START,16Uiu2HAmQe6DjXnY7pKwf5KSpUjkMSZHAzNL9G51jDdoY8d5txv1,,,,,,,,,,,,,,,,,,,10029.0,,,,1767817794915.0,,,,,,,,,,,,,,,,,,,,,,,,,,,,,,,,,,,,,,,,,,,,,,,,,,,,,,,,,2026-01-07 20:29:54.915000+00:00,
2026-01-07T20:29:54.916Z,DISCOVERY_DIAL_DECISION,16Uiu2HAmQe6DjXnY7pKwf5KSpUjkMSZHAzNL9G51jDdoY8d5txv1,,,,,,,,,,,,,,,,,,,,,,,,2.0,0.0,,attempt_dial,,,,,,,,,,,,,,,,,,,,,,,,,,,,,,,,,,,,,,,,,,,,,,,,,,,,,2026-01-07 20:29:54.916000+00:00,
2026-01-07T20:29:55.050Z,DIAL_FAILURE,16Uiu2HAmQe6DjXnY7pKwf5KSpUjkMSZHAzNL9G51jDdoY8d5txv1,,,,,,,,,,,,,,,,,,,,,,,,,,,,unexpected end of input,135.0,,,,,,,,,,,,,,,,,,,,,,,,,,,,,,,,,,,,,,,,,,,,,,,,,,,2026-01-07 20:29:55.050000+00:00,
2026-01-07T20:29:56.174Z,HEARTBEAT_DISCOVERY_NEEDED,unknown,,,,,,,,187.0,0.0,none,2.0,0.0,0.0,NO,0.0,0.0,9340349.0,9340349.0,,,,,,,,,,,,,,,,,,,,,,,,,,,,,,,,,,,,,,,,,,,,,,,,,,,,,,,,,,,,,,2026-01-07 20:29:56.174000+00:00,
2026-01-07T20:29:56.174Z,DISCOVERY_START,discovery,,,,,,,,,,,,,,,,,,,187.0,,2.0,,,,,,,,,,,,,,,,,,,,,,,,,,,,,,,,,,,,,,,,,,,,,,,,,,,,,,,,,,,2026-01-07 20:29:56.174000+00:00,
2026-01-07T20:29:56.176Z,DISCOVERY_FINDNODE_RESULT,unknown,,,,,,,,,,,,,,,,,,,,,,,,,,,,,,,,,,,,,,,,,,,,,,,,,,,,,,,,,,,,,,,,,,,16.0,60006.0,,,,,,,,,,,,2026-01-07 20:29:56.176000+00:00,
2026-01-07T20:30:12.759Z,DIAL_FAILURE,16Uiu2HAmT8ywWNkumvVfDTA22S88axj7uPMpA5dAx2jxNMQFPwLx,,,,,,,,,,,,,,,,,,,,,,,,,,,,connection error 34.80.16.173:1024: connect ETIMEDOUT 34.80.16.173:1024,135845.0,,,,,,,,,,,,,,,,,,,,,,,,,,,,,,,,,,,,,,,,,,,,,,,,,,,2026-01-07 20:30:12.759000+00:00,
2026-01-07T20:30:20.951Z,DIAL_FAILURE,16Uiu2HAm2HJ3P1wCuHWHGCNW1CwQ5FiNZKjidoiWCusuafo6CZNU,,,,,,,,,,,,,,,,,,,,,,,,,,,,connection error 65.21.34.229:13000: connect ETIMEDOUT 65.21.34.229:13000,134495.0,,,,,,,,,,,,,,,,,,,,,,,,,,,,,,,,,,,,,,,,,,,,,,,,,,,2026-01-07 20:30:20.951000+00:00,
2026-01-07T20:30:26.175Z,HEARTBEAT_DISCOVERY_NEEDED,unknown,,,,,,,,189.0,0.0,none,2.0,0.0,0.0,NO,0.0,0.0,9340352.0,9340352.0,,,,,,,,,,,,,,,,,,,,,,,,,,,,,,,,,,,,,,,,,,,,,,,,,,,,,,,,,,,,,,2026-01-07 20:30:26.175000+00:00,
2026-01-07T20:30:26.175Z,DISCOVERY_START,discovery,,,,,,,,,,,,,,,,,,,189.0,,2.0,,,,,,,,,,,,,,,,,,,,,,,,,,,,,,,,,,,,,,,,,,,,,,,,,,,,,,,,,,,2026-01-07 20:30:26.175000+00:00,
2026-01-07T20:30:26.175Z,DISCOVERY_FINDNODE_START,unknown,,,,,,,,,,,,,,,,,,,10404.0,,,0.0,1767817826175.0,,,,,,,,,,,,,,,,,,,,,,,,,,,,,,,,,,,,,,,,,,,,,,,,,,,,,,,,,2026-01-07 20:30:26.175000+00:00,
2026-01-07T20:30:26.286Z,DIAL_CHECK_START,16Uiu2HAkyHJn6cgnm3bgkjLj9qmgqjZibhSzxCQSzN6uWtzpakvX,,,,,,,,,,,,,,,,,,,,,,,,64.0,4.0,10404.0,,,,,,,,,,,,,,,,,,,,,,,,,,,,,,,,,,,,,,,,,,,,,,,,,,,,,,2026-01-07 20:30:26.286000+00:00,
2026-01-07T20:30:26.286Z,DIAL_ATTEMPT_START,16Uiu2HAkyHJn6cgnm3bgkjLj9qmgqjZibhSzxCQSzN6uWtzpakvX,,,,,,,,,,,,,,,,,,,10404.0,,,,1767817826286.0,,,,,,,,,,,,,,,,,,,,,,,,,,,,,,,,,,,,,,,,,,,,,,,,,,,,,,,,,2026-01-07 20:30:26.286000+00:00,
2026-01-07T20:30:26.286Z,DISCOVERY_DIAL_DECISION,16Uiu2HAkyHJn6cgnm3bgkjLj9qmgqjZibhSzxCQSzN6uWtzpakvX,,,,,,,,,,,,,,,,,,,,,,,,64.0,4.0,,attempt_dial,,,,,,,,,,,,,,,,,,,,,,,,,,,,,,,,,,,,,,,,,,,,,,,,,,,,,2026-01-07 20:30:26.286000+00:00,
2026-01-07T20:30:26.287Z,DIAL_CHECK_START,16Uiu2HAmJj1fmgGp58N2rpcnUEmwGZXqsf9MGPYkfsnUyNXhd8sS,,,,,,,,,,,,,,,,,,,,,,,,2.0,0.0,10403.0,,,,,,,,,,,,,,,,,,,,,,,,,,,,,,,,,,,,,,,,,,,,,,,,,,,,,,2026-01-07 20:30:26.287000+00:00,
2026-01-07T20:30:26.287Z,DIAL_ATTEMPT_START,16Uiu2HAmJj1fmgGp58N2rpcnUEmwGZXqsf9MGPYkfsnUyNXhd8sS,,,,,,,,,,,,,,,,,,,10403.0,,,,1767817826287.0,,,,,,,,,,,,,,,,,,,,,,,,,,,,,,,,,,,,,,,,,,,,,,,,,,,,,,,,,2026-01-07 20:30:26.287000+00:00,
2026-01-07T20:30:26.287Z,DISCOVERY_DIAL_DECISION,16Uiu2HAmJj1fmgGp58N2rpcnUEmwGZXqsf9MGPYkfsnUyNXhd8sS,,,,,,,,,,,,,,,,,,,,,,,,2.0,0.0,,attempt_dial,,,,,,,,,,,,,,,,,,,,,,,,,,,,,,,,,,,,,,,,,,,,,,,,,,,,,2026-01-07 20:30:26.287000+00:00,
2026-01-07T20:30:26.288Z,DIAL_CHECK_START,16Uiu2HAmKcWE67NF5LZximbKE9wbPsygZTRkQaXhGrU5vo4JtUPZ,,,,,,,,,,,,,,,,,,,,,,,,2.0,0.0,10402.0,,,,,,,,,,,,,,,,,,,,,,,,,,,,,,,,,,,,,,,,,,,,,,,,,,,,,,2026-01-07 20:30:26.288000+00:00,
2026-01-07T20:30:26.288Z,DIAL_ATTEMPT_START,16Uiu2HAmKcWE67NF5LZximbKE9wbPsygZTRkQaXhGrU5vo4JtUPZ,,,,,,,,,,,,,,,,,,,10402.0,,,,1767817826288.0,,,,,,,,,,,,,,,,,,,,,,,,,,,,,,,,,,,,,,,,,,,,,,,,,,,,,,,,,2026-01-07 20:30:26.288000+00:00,
2026-01-07T20:30:26.288Z,DISCOVERY_DIAL_DECISION,16Uiu2HAmKcWE67NF5LZximbKE9wbPsygZTRkQaXhGrU5vo4JtUPZ,,,,,,,,,,,,,,,,,,,,,,,,2.0,0.0,,attempt_dial,,,,,,,,,,,,,,,,,,,,,,,,,,,,,,,,,,,,,,,,,,,,,,,,,,,,,2026-01-07 20:30:26.288000+00:00,
2026-01-07T20:30:26.399Z,DIAL_CHECK_START,16Uiu2HAmD6BMtZ8LSRTXhbHQ9hjS2Aa2MWsVMEfqLwcycSHsa4s5,,,,,,,,,,,,,,,,,,,,,,,,64.0,4.0,10401.0,,,,,,,,,,,,,,,,,,,,,,,,,,,,,,,,,,,,,,,,,,,,,,,,,,,,,,2026-01-07 20:30:26.399000+00:00,
2026-01-07T20:30:26.399Z,DIAL_ATTEMPT_START,16Uiu2HAmD6BMtZ8LSRTXhbHQ9hjS2Aa2MWsVMEfqLwcycSHsa4s5,,,,,,,,,,,,,,,,,,,10401.0,,,,1767817826399.0,,,,,,,,,,,,,,,,,,,,,,,,,,,,,,,,,,,,,,,,,,,,,,,,,,,,,,,,,2026-01-07 20:30:26.399000+00:00,
2026-01-07T20:30:26.399Z,DISCOVERY_DIAL_DECISION,16Uiu2HAmD6BMtZ8LSRTXhbHQ9hjS2Aa2MWsVMEfqLwcycSHsa4s5,,,,,,,,,,,,,,,,,,,,,,,,64.0,4.0,,attempt_dial,,,,,,,,,,,,,,,,,,,,,,,,,,,,,,,,,,,,,,,,,,,,,,,,,,,,,2026-01-07 20:30:26.399000+00:00,
2026-01-07T20:30:26.494Z,DIAL_FAILURE,16Uiu2HAmD6BMtZ8LSRTXhbHQ9hjS2Aa2MWsVMEfqLwcycSHsa4s5,,,,,,,,,,,,,,,,,,,,,,,,,,,,unexpected end of input,95.0,,,,,,,,,,,,,,,,,,,,,,,,,,,,,,,,,,,,,,,,,,,,,,,,,,,2026-01-07 20:30:26.494000+00:00,
2026-01-07T20:30:26.524Z,DIAL_CHECK_START,16Uiu2HAmFd357dZvUckfPFDmxaFzHRH5HPGpcwG9rvi23U3e8piL,,,,,,,,,,,,,,,,,,,,,,,,2.0,0.0,10400.0,,,,,,,,,,,,,,,,,,,,,,,,,,,,,,,,,,,,,,,,,,,,,,,,,,,,,,2026-01-07 20:30:26.524000+00:00,
2026-01-07T20:30:26.524Z,DIAL_ATTEMPT_START,16Uiu2HAmFd357dZvUckfPFDmxaFzHRH5HPGpcwG9rvi23U3e8piL,,,,,,,,,,,,,,,,,,,10400.0,,,,1767817826524.0,,,,,,,,,,,,,,,,,,,,,,,,,,,,,,,,,,,,,,,,,,,,,,,,,,,,,,,,,2026-01-07 20:30:26.524000+00:00,
2026-01-07T20:30:26.524Z,DISCOVERY_DIAL_DECISION,16Uiu2HAmFd357dZvUckfPFDmxaFzHRH5HPGpcwG9rvi23U3e8piL,,,,,,,,,,,,,,,,,,,,,,,,2.0,0.0,,attempt_dial,,,,,,,,,,,,,,,,,,,,,,,,,,,,,,,,,,,,,,,,,,,,,,,,,,,,,2026-01-07 20:30:26.524000+00:00,
2026-01-07T20:30:26.631Z,DIAL_CHECK_START,16Uiu2HAm5t56XXkpqhdLPZMEakYjtAEEkxhk5ehdZSzxm7Qw4eeH,,,,,,,,,,,,,,,,,,,,,,,,2.0,0.0,10399.0,,,,,,,,,,,,,,,,,,,,,,,,,,,,,,,,,,,,,,,,,,,,,,,,,,,,,,2026-01-07 20:30:26.631000+00:00,
2026-01-07T20:30:26.631Z,DIAL_ATTEMPT_START,16Uiu2HAm5t56XXkpqhdLPZMEakYjtAEEkxhk5ehdZSzxm7Qw4eeH,,,,,,,,,,,,,,,,,,,10399.0,,,,1767817826631.0,,,,,,,,,,,,,,,,,,,,,,,,,,,,,,,,,,,,,,,,,,,,,,,,,,,,,,,,,2026-01-07 20:30:26.631000+00:00,
2026-01-07T20:30:26.631Z,DISCOVERY_DIAL_DECISION,16Uiu2HAm5t56XXkpqhdLPZMEakYjtAEEkxhk5ehdZSzxm7Qw4eeH,,,,,,,,,,,,,,,,,,,,,,,,2.0,0.0,,attempt_dial,,,,,,,,,,,,,,,,,,,,,,,,,,,,,,,,,,,,,,,,,,,,,,,,,,,,,2026-01-07 20:30:26.631000+00:00,
2026-01-07T20:30:26.742Z,DIAL_CHECK_START,16Uiu2HAmHDtM2tqioPgk98tXM33LPgrza3vaXLdkABg4R2zcVaJT,,,,,,,,,,,,,,,,,,,,,,,,2.0,0.0,10398.0,,,,,,,,,,,,,,,,,,,,,,,,,,,,,,,,,,,,,,,,,,,,,,,,,,,,,,2026-01-07 20:30:26.742000+00:00,
2026-01-07T20:30:26.742Z,DIAL_ATTEMPT_START,16Uiu2HAmHDtM2tqioPgk98tXM33LPgrza3vaXLdkABg4R2zcVaJT,,,,,,,,,,,,,,,,,,,10398.0,,,,1767817826742.0,,,,,,,,,,,,,,,,,,,,,,,,,,,,,,,,,,,,,,,,,,,,,,,,,,,,,,,,,2026-01-07 20:30:26.742000+00:00,
2026-01-07T20:30:26.742Z,DISCOVERY_DIAL_DECISION,16Uiu2HAmHDtM2tqioPgk98tXM33LPgrza3vaXLdkABg4R2zcVaJT,,,,,,,,,,,,,,,,,,,,,,,,2.0,0.0,,attempt_dial,,,,,,,,,,,,,,,,,,,,,,,,,,,,,,,,,,,,,,,,,,,,,,,,,,,,,2026-01-07 20:30:26.742000+00:00,
2026-01-07T20:30:26.760Z,DIAL_SUCCESS,16Uiu2HAmJj1fmgGp58N2rpcnUEmwGZXqsf9MGPYkfsnUyNXhd8sS,,,,,,,,,,,,,,,,,,,,,,,,,,,,,473.0,,,,,,,,,,,,,,,,,,,,,,,,,,,,,,,,,,,,,,,,,,,,,,,,,,,2026-01-07 20:30:26.760000+00:00,
2026-01-07T20:30:26.872Z,DIAL_SUCCESS,16Uiu2HAm5t56XXkpqhdLPZMEakYjtAEEkxhk5ehdZSzxm7Qw4eeH,,,,,,,,,,,,,,,,,,,,,,,,,,,,,241.0,,,,,,,,,,,,,,,,,,,,,,,,,,,,,,,,,,,,,,,,,,,,,,,,,,,2026-01-07 20:30:26.872000+00:00,
2026-01-07T20:30:27.796Z,DIAL_CHECK_START,16Uiu2HAm8TJW9un9okwfVX6pfoiEVNmbqV5NyScz1DCWgbkLZvGn,,,,,,,,,,,,,,,,,,,,,,,,2.0,0.0,10397.0,,,,,,,,,,,,,,,,,,,,,,,,,,,,,,,,,,,,,,,,,,,,,,,,,,,,,,2026-01-07 20:30:27.796000+00:00,
2026-01-07T20:30:27.797Z,DIAL_ATTEMPT_START,16Uiu2HAm8TJW9un9okwfVX6pfoiEVNmbqV5NyScz1DCWgbkLZvGn,,,,,,,,,,,,,,,,,,,10397.0,,,,1767817827797.0,,,,,,,,,,,,,,,,,,,,,,,,,,,,,,,,,,,,,,,,,,,,,,,,,,,,,,,,,2026-01-07 20:30:27.797000+00:00,
2026-01-07T20:30:27.797Z,DISCOVERY_DIAL_DECISION,16Uiu2HAm8TJW9un9okwfVX6pfoiEVNmbqV5NyScz1DCWgbkLZvGn,,,,,,,,,,,,,,,,,,,,,,,,2.0,0.0,,attempt_dial,,,,,,,,,,,,,,,,,,,,,,,,,,,,,,,,,,,,,,,,,,,,,,,,,,,,,2026-01-07 20:30:27.797000+00:00,
2026-01-07T20:30:27.798Z,DIAL_CHECK_START,16Uiu2HAm8TJW9un9okwfVX6pfoiEVNmbqV5NyScz1DCWgbkLZvGn,,,,,,,,,,,,,,,,,,,,,,,,0.0,0.0,10396.0,,,,,,,,,,,,,,,,,,,,,,,,,,,,,,,,,,,,,,,,,,,,,,,,,,,,,,2026-01-07 20:30:27.798000+00:00,
2026-01-07T20:30:27.798Z,DIAL_ATTEMPT_START,16Uiu2HAm8TJW9un9okwfVX6pfoiEVNmbqV5NyScz1DCWgbkLZvGn,,,,,,,,,,,,,,,,,,,10396.0,,,,1767817827798.0,,,,,,,,,,,,,,,,,,,,,,,,,,,,,,,,,,,,,,,,,,,,,,,,,,,,,,,,,2026-01-07 20:30:27.798000+00:00,
2026-01-07T20:30:27.798Z,DISCOVERY_DIAL_DECISION,16Uiu2HAm8TJW9un9okwfVX6pfoiEVNmbqV5NyScz1DCWgbkLZvGn,,,,,,,,,,,,,,,,,,,,,,,,0.0,0.0,,attempt_dial,,,,,,,,,,,,,,,,,,,,,,,,,,,,,,,,,,,,,,,,,,,,,,,,,,,,,2026-01-07 20:30:27.798000+00:00,
2026-01-07T20:30:31.559Z,DIAL_CHECK_START,16Uiu2HAmR2DCLkEhqUPxXjCmm1W3ro9K185K67KNr2GLqo1jttK4,,,,,,,,,,,,,,,,,,,,,,,,2.0,0.0,10395.0,,,,,,,,,,,,,,,,,,,,,,,,,,,,,,,,,,,,,,,,,,,,,,,,,,,,,,2026-01-07 20:30:31.559000+00:00,
2026-01-07T20:30:31.560Z,DIAL_ATTEMPT_START,16Uiu2HAmR2DCLkEhqUPxXjCmm1W3ro9K185K67KNr2GLqo1jttK4,,,,,,,,,,,,,,,,,,,10395.0,,,,1767817831560.0,,,,,,,,,,,,,,,,,,,,,,,,,,,,,,,,,,,,,,,,,,,,,,,,,,,,,,,,,2026-01-07 20:30:31.560000+00:00,
2026-01-07T20:30:31.560Z,DISCOVERY_DIAL_DECISION,16Uiu2HAmR2DCLkEhqUPxXjCmm1W3ro9K185K67KNr2GLqo1jttK4,,,,,,,,,,,,,,,,,,,,,,,,2.0,0.0,,attempt_dial,,,,,,,,,,,,,,,,,,,,,,,,,,,,,,,,,,,,,,,,,,,,,,,,,,,,,2026-01-07 20:30:31.560000+00:00,
2026-01-07T20:30:31.560Z,DIAL_CHECK_START,16Uiu2HAmR2DCLkEhqUPxXjCmm1W3ro9K185K67KNr2GLqo1jttK4,,,,,,,,,,,,,,,,,,,,,,,,0.0,0.0,10394.0,,,,,,,,,,,,,,,,,,,,,,,,,,,,,,,,,,,,,,,,,,,,,,,,,,,,,,2026-01-07 20:30:31.560000+00:00,
2026-01-07T20:30:31.560Z,DIAL_ATTEMPT_START,16Uiu2HAmR2DCLkEhqUPxXjCmm1W3ro9K185K67KNr2GLqo1jttK4,,,,,,,,,,,,,,,,,,,10394.0,,,,1767817831560.0,,,,,,,,,,,,,,,,,,,,,,,,,,,,,,,,,,,,,,,,,,,,,,,,,,,,,,,,,2026-01-07 20:30:31.560000+00:00,
2026-01-07T20:30:31.560Z,DISCOVERY_DIAL_DECISION,16Uiu2HAmR2DCLkEhqUPxXjCmm1W3ro9K185K67KNr2GLqo1jttK4,,,,,,,,,,,,,,,,,,,,,,,,0.0,0.0,,attempt_dial,,,,,,,,,,,,,,,,,,,,,,,,,,,,,,,,,,,,,,,,,,,,,,,,,,,,,2026-01-07 20:30:31.560000+00:00,
2026-01-07T20:30:40.387Z,DIAL_CHECK_START,16Uiu2HAmUicej62aL5oLgP2is5UCFmVSDq59WoYV1pvGzJmgk1YG,,,,,,,,,,,,,,,,,,,,,,,,2.0,0.0,10393.0,,,,,,,,,,,,,,,,,,,,,,,,,,,,,,,,,,,,,,,,,,,,,,,,,,,,,,2026-01-07 20:30:40.387000+00:00,
2026-01-07T20:30:40.387Z,DIAL_ATTEMPT_START,16Uiu2HAmUicej62aL5oLgP2is5UCFmVSDq59WoYV1pvGzJmgk1YG,,,,,,,,,,,,,,,,,,,10393.0,,,,1767817840387.0,,,,,,,,,,,,,,,,,,,,,,,,,,,,,,,,,,,,,,,,,,,,,,,,,,,,,,,,,2026-01-07 20:30:40.387000+00:00,
2026-01-07T20:30:40.388Z,DISCOVERY_DIAL_DECISION,16Uiu2HAmUicej62aL5oLgP2is5UCFmVSDq59WoYV1pvGzJmgk1YG,,,,,,,,,,,,,,,,,,,,,,,,2.0,0.0,,attempt_dial,,,,,,,,,,,,,,,,,,,,,,,,,,,,,,,,,,,,,,,,,,,,,,,,,,,,,2026-01-07 20:30:40.388000+00:00,
2026-01-07T20:30:40.389Z,DIAL_CHECK_START,16Uiu2HAmUicej62aL5oLgP2is5UCFmVSDq59WoYV1pvGzJmgk1YG,,,,,,,,,,,,,,,,,,,,,,,,0.0,0.0,10392.0,,,,,,,,,,,,,,,,,,,,,,,,,,,,,,,,,,,,,,,,,,,,,,,,,,,,,,2026-01-07 20:30:40.389000+00:00,
2026-01-07T20:30:40.389Z,DIAL_ATTEMPT_START,16Uiu2HAmUicej62aL5oLgP2is5UCFmVSDq59WoYV1pvGzJmgk1YG,,,,,,,,,,,,,,,,,,,10392.0,,,,1767817840389.0,,,,,,,,,,,,,,,,,,,,,,,,,,,,,,,,,,,,,,,,,,,,,,,,,,,,,,,,,2026-01-07 20:30:40.389000+00:00,
2026-01-07T20:30:40.389Z,DISCOVERY_DIAL_DECISION,16Uiu2HAmUicej62aL5oLgP2is5UCFmVSDq59WoYV1pvGzJmgk1YG,,,,,,,,,,,,,,,,,,,,,,,,0.0,0.0,,attempt_dial,,,,,,,,,,,,,,,,,,,,,,,,,,,,,,,,,,,,,,,,,,,,,,,,,,,,,2026-01-07 20:30:40.389000+00:00,
2026-01-07T20:30:44.038Z,DIAL_CHECK_START,16Uiu2HAm1A2ASLNuB2YcA4n5SkL7dXekJA3LaHoDdoKUvq8QAw77,,,,,,,,,,,,,,,,,,,,,,,,2.0,0.0,10391.0,,,,,,,,,,,,,,,,,,,,,,,,,,,,,,,,,,,,,,,,,,,,,,,,,,,,,,2026-01-07 20:30:44.038000+00:00,
2026-01-07T20:30:44.038Z,DIAL_ATTEMPT_START,16Uiu2HAm1A2ASLNuB2YcA4n5SkL7dXekJA3LaHoDdoKUvq8QAw77,,,,,,,,,,,,,,,,,,,10391.0,,,,1767817844038.0,,,,,,,,,,,,,,,,,,,,,,,,,,,,,,,,,,,,,,,,,,,,,,,,,,,,,,,,,2026-01-07 20:30:44.038000+00:00,
2026-01-07T20:30:44.038Z,DISCOVERY_DIAL_DECISION,16Uiu2HAm1A2ASLNuB2YcA4n5SkL7dXekJA3LaHoDdoKUvq8QAw77,,,,,,,,,,,,,,,,,,,,,,,,2.0,0.0,,attempt_dial,,,,,,,,,,,,,,,,,,,,,,,,,,,,,,,,,,,,,,,,,,,,,,,,,,,,,2026-01-07 20:30:44.038000+00:00,
2026-01-07T20:30:44.039Z,DIAL_CHECK_START,16Uiu2HAm1A2ASLNuB2YcA4n5SkL7dXekJA3LaHoDdoKUvq8QAw77,,,,,,,,,,,,,,,,,,,,,,,,0.0,0.0,10390.0,,,,,,,,,,,,,,,,,,,,,,,,,,,,,,,,,,,,,,,,,,,,,,,,,,,,,,2026-01-07 20:30:44.039000+00:00,
2026-01-07T20:30:44.039Z,DIAL_ATTEMPT_START,16Uiu2HAm1A2ASLNuB2YcA4n5SkL7dXekJA3LaHoDdoKUvq8QAw77,,,,,,,,,,,,,,,,,,,10390.0,,,,1767817844039.0,,,,,,,,,,,,,,,,,,,,,,,,,,,,,,,,,,,,,,,,,,,,,,,,,,,,,,,,,2026-01-07 20:30:44.039000+00:00,
2026-01-07T20:30:44.039Z,DISCOVERY_DIAL_DECISION,16Uiu2HAm1A2ASLNuB2YcA4n5SkL7dXekJA3LaHoDdoKUvq8QAw77,,,,,,,,,,,,,,,,,,,,,,,,0.0,0.0,,attempt_dial,,,,,,,,,,,,,,,,,,,,,,,,,,,,,,,,,,,,,,,,,,,,,,,,,,,,,2026-01-07 20:30:44.039000+00:00,
2026-01-07T20:30:46.932Z,DIAL_CHECK_START,16Uiu2HAmSCBhMGmvjt9ynBAMkVi8pDvzSreW2S4CxkMrGtgMwofR,,,,,,,,,,,,,,,,,,,,,,,,64.0,4.0,10389.0,,,,,,,,,,,,,,,,,,,,,,,,,,,,,,,,,,,,,,,,,,,,,,,,,,,,,,2026-01-07 20:30:46.932000+00:00,
2026-01-07T20:30:46.932Z,DIAL_ATTEMPT_START,16Uiu2HAmSCBhMGmvjt9ynBAMkVi8pDvzSreW2S4CxkMrGtgMwofR,,,,,,,,,,,,,,,,,,,10389.0,,,,1767817846932.0,,,,,,,,,,,,,,,,,,,,,,,,,,,,,,,,,,,,,,,,,,,,,,,,,,,,,,,,,2026-01-07 20:30:46.932000+00:00,
2026-01-07T20:30:46.933Z,DISCOVERY_DIAL_DECISION,16Uiu2HAmSCBhMGmvjt9ynBAMkVi8pDvzSreW2S4CxkMrGtgMwofR,,,,,,,,,,,,,,,,,,,,,,,,64.0,4.0,,attempt_dial,,,,,,,,,,,,,,,,,,,,,,,,,,,,,,,,,,,,,,,,,,,,,,,,,,,,,2026-01-07 20:30:46.933000+00:00,
2026-01-07T20:30:47.500Z,DIAL_SUCCESS,16Uiu2HAmSCBhMGmvjt9ynBAMkVi8pDvzSreW2S4CxkMrGtgMwofR,,,,,,,,,,,,,,,,,,,,,,,,,,,,,568.0,,,,,,,,,,,,,,,,,,,,,,,,,,,,,,,,,,,,,,,,,,,,,,,,,,,2026-01-07 20:30:47.500000+00:00,
2026-01-07T20:30:56.181Z,HEARTBEAT_DISCOVERY_NEEDED,unknown,,,,,,,,188.0,0.0,none,2.0,0.0,0.0,NO,0.0,2.0,9340354.0,9340352.0,,,,,,,,,,,,,,,,,,,,,,,,,,,,,,,,,,,,,,,,,,,,,,,,,,,,,,,,,,,,,,2026-01-07 20:30:56.181000+00:00,
2026-01-07T20:30:56.181Z,DISCOVERY_START,discovery,,,,,,,,,,,,,,,,,,,188.0,,2.0,,,,,,,,,,,,,,,,,,,,,,,,,,,,,,,,,,,,,,,,,,,,,,,,,,,,,,,,,,,2026-01-07 20:30:56.181000+00:00,
2026-01-07T20:31:04.421Z,DIAL_CHECK_START,16Uiu2HAm1CVHDXSpwHGprPPbnqd63nMHfUBKuYixWkpSXAyBzAaz,,,,,,,,,,,,,,,,,,,,,,,,2.0,0.0,10576.0,,,,,,,,,,,,,,,,,,,,,,,,,,,,,,,,,,,,,,,,,,,,,,,,,,,,,,2026-01-07 20:31:04.421000+00:00,
2026-01-07T20:31:04.421Z,DIAL_ATTEMPT_START,16Uiu2HAm1CVHDXSpwHGprPPbnqd63nMHfUBKuYixWkpSXAyBzAaz,,,,,,,,,,,,,,,,,,,10576.0,,,,1767817864421.0,,,,,,,,,,,,,,,,,,,,,,,,,,,,,,,,,,,,,,,,,,,,,,,,,,,,,,,,,2026-01-07 20:31:04.421000+00:00,
2026-01-07T20:31:04.421Z,DISCOVERY_DIAL_DECISION,16Uiu2HAm1CVHDXSpwHGprPPbnqd63nMHfUBKuYixWkpSXAyBzAaz,,,,,,,,,,,,,,,,,,,,,,,,2.0,0.0,,attempt_dial,,,,,,,,,,,,,,,,,,,,,,,,,,,,,,,,,,,,,,,,,,,,,,,,,,,,,2026-01-07 20:31:04.421000+00:00,
2026-01-07T20:31:04.423Z,DIAL_CHECK_START,16Uiu2HAm1CVHDXSpwHGprPPbnqd63nMHfUBKuYixWkpSXAyBzAaz,,,,,,,,,,,,,,,,,,,,,,,,0.0,0.0,10575.0,,,,,,,,,,,,,,,,,,,,,,,,,,,,,,,,,,,,,,,,,,,,,,,,,,,,,,2026-01-07 20:31:04.423000+00:00,
2026-01-07T20:31:04.423Z,DIAL_ATTEMPT_START,16Uiu2HAm1CVHDXSpwHGprPPbnqd63nMHfUBKuYixWkpSXAyBzAaz,,,,,,,,,,,,,,,,,,,10575.0,,,,1767817864423.0,,,,,,,,,,,,,,,,,,,,,,,,,,,,,,,,,,,,,,,,,,,,,,,,,,,,,,,,,2026-01-07 20:31:04.423000+00:00,
2026-01-07T20:31:04.423Z,DISCOVERY_DIAL_DECISION,16Uiu2HAm1CVHDXSpwHGprPPbnqd63nMHfUBKuYixWkpSXAyBzAaz,,,,,,,,,,,,,,,,,,,,,,,,0.0,0.0,,attempt_dial,,,,,,,,,,,,,,,,,,,,,,,,,,,,,,,,,,,,,,,,,,,,,,,,,,,,,2026-01-07 20:31:04.423000+00:00,
2026-01-07T20:31:05.269Z,DIAL_SUCCESS,16Uiu2HAm1CVHDXSpwHGprPPbnqd63nMHfUBKuYixWkpSXAyBzAaz,,,,,,,,,,,,,,,,,,,,,,,,,,,,,846.0,,,,,,,,,,,,,,,,,,,,,,,,,,,,,,,,,,,,,,,,,,,,,,,,,,,2026-01-07 20:31:05.269000+00:00,
2026-01-07T20:31:05.269Z,DIAL_SUCCESS,16Uiu2HAm1CVHDXSpwHGprPPbnqd63nMHfUBKuYixWkpSXAyBzAaz,,,,,,,,,,,,,,,,,,,,,,,,,,,,,848.0,,,,,,,,,,,,,,,,,,,,,,,,,,,,,,,,,,,,,,,,,,,,,,,,,,,2026-01-07 20:31:05.269000+00:00,
2026-01-07T20:31:05.453Z,DIAL_CHECK_START,16Uiu2HAm44GscDDpr7QhqqVcb3y5MhxN7TNryzX5Umi9NLuDmWbH,,,,,,,,,,,,,,,,,,,,,,,,2.0,0.0,10574.0,,,,,,,,,,,,,,,,,,,,,,,,,,,,,,,,,,,,,,,,,,,,,,,,,,,,,,2026-01-07 20:31:05.453000+00:00,
2026-01-07T20:31:05.453Z,DIAL_ATTEMPT_START,16Uiu2HAm44GscDDpr7QhqqVcb3y5MhxN7TNryzX5Umi9NLuDmWbH,,,,,,,,,,,,,,,,,,,10574.0,,,,1767817865453.0,,,,,,,,,,,,,,,,,,,,,,,,,,,,,,,,,,,,,,,,,,,,,,,,,,,,,,,,,2026-01-07 20:31:05.453000+00:00,
2026-01-07T20:31:05.453Z,DISCOVERY_DIAL_DECISION,16Uiu2HAm44GscDDpr7QhqqVcb3y5MhxN7TNryzX5Umi9NLuDmWbH,,,,,,,,,,,,,,,,,,,,,,,,2.0,0.0,,attempt_dial,,,,,,,,,,,,,,,,,,,,,,,,,,,,,,,,,,,,,,,,,,,,,,,,,,,,,2026-01-07 20:31:05.453000+00:00,
2026-01-07T20:31:10.400Z,DIAL_CHECK_START,16Uiu2HAmS1RrC7jvoLPo1F8JuigKp8bCpEH3vUdHtwncPJnMTHSU,,,,,,,,,,,,,,,,,,,,,,,,2.0,0.0,10573.0,,,,,,,,,,,,,,,,,,,,,,,,,,,,,,,,,,,,,,,,,,,,,,,,,,,,,,2026-01-07 20:31:10.400000+00:00,
2026-01-07T20:31:10.400Z,DIAL_ATTEMPT_START,16Uiu2HAmS1RrC7jvoLPo1F8JuigKp8bCpEH3vUdHtwncPJnMTHSU,,,,,,,,,,,,,,,,,,,10573.0,,,,1767817870400.0,,,,,,,,,,,,,,,,,,,,,,,,,,,,,,,,,,,,,,,,,,,,,,,,,,,,,,,,,2026-01-07 20:31:10.400000+00:00,
2026-01-07T20:31:10.400Z,DISCOVERY_DIAL_DECISION,16Uiu2HAmS1RrC7jvoLPo1F8JuigKp8bCpEH3vUdHtwncPJnMTHSU,,,,,,,,,,,,,,,,,,,,,,,,2.0,0.0,,attempt_dial,,,,,,,,,,,,,,,,,,,,,,,,,,,,,,,,,,,,,,,,,,,,,,,,,,,,,2026-01-07 20:31:10.400000+00:00,
2026-01-07T20:31:10.401Z,DIAL_CHECK_START,16Uiu2HAmS1RrC7jvoLPo1F8JuigKp8bCpEH3vUdHtwncPJnMTHSU,,,,,,,,,,,,,,,,,,,,,,,,0.0,0.0,10572.0,,,,,,,,,,,,,,,,,,,,,,,,,,,,,,,,,,,,,,,,,,,,,,,,,,,,,,2026-01-07 20:31:10.401000+00:00,
2026-01-07T20:31:10.401Z,DIAL_ATTEMPT_START,16Uiu2HAmS1RrC7jvoLPo1F8JuigKp8bCpEH3vUdHtwncPJnMTHSU,,,,,,,,,,,,,,,,,,,10572.0,,,,1767817870401.0,,,,,,,,,,,,,,,,,,,,,,,,,,,,,,,,,,,,,,,,,,,,,,,,,,,,,,,,,2026-01-07 20:31:10.401000+00:00,
2026-01-07T20:31:10.401Z,DISCOVERY_DIAL_DECISION,16Uiu2HAmS1RrC7jvoLPo1F8JuigKp8bCpEH3vUdHtwncPJnMTHSU,,,,,,,,,,,,,,,,,,,,,,,,0.0,0.0,,attempt_dial,,,,,,,,,,,,,,,,,,,,,,,,,,,,,,,,,,,,,,,,,,,,,,,,,,,,,2026-01-07 20:31:10.401000+00:00,
2026-01-07T20:31:10.534Z,DIAL_FAILURE,16Uiu2HAmS1RrC7jvoLPo1F8JuigKp8bCpEH3vUdHtwncPJnMTHSU,,,,,,,,,,,,,,,,,,,,,,,,,,,,connection error 45.250.254.147:63131: connect ECONNREFUSED 45.250.254.147:63131,133.0,,,,,,,,,,,,,,,,,,,,,,,,,,,,,,,,,,,,,,,,,,,,,,,,,,,2026-01-07 20:31:10.534000+00:00,
2026-01-07T20:31:10.534Z,DIAL_FAILURE,16Uiu2HAmS1RrC7jvoLPo1F8JuigKp8bCpEH3vUdHtwncPJnMTHSU,,,,,,,,,,,,,,,,,,,,,,,,,,,,connection error 45.250.254.147:63131: connect ECONNREFUSED 45.250.254.147:63131,134.0,,,,,,,,,,,,,,,,,,,,,,,,,,,,,,,,,,,,,,,,,,,,,,,,,,,2026-01-07 20:31:10.534000+00:00,
2026-01-07T20:31:18.024Z,DIAL_CHECK_START,16Uiu2HAm83RVgoadhDBTo62J6j3vZoR7a5vZcKPRLkQ38dytSWAG,,,,,,,,,,,,,,,,,,,,,,,,2.0,0.0,10571.0,,,,,,,,,,,,,,,,,,,,,,,,,,,,,,,,,,,,,,,,,,,,,,,,,,,,,,2026-01-07 20:31:18.024000+00:00,
2026-01-07T20:31:18.024Z,DIAL_ATTEMPT_START,16Uiu2HAm83RVgoadhDBTo62J6j3vZoR7a5vZcKPRLkQ38dytSWAG,,,,,,,,,,,,,,,,,,,10571.0,,,,1767817878024.0,,,,,,,,,,,,,,,,,,,,,,,,,,,,,,,,,,,,,,,,,,,,,,,,,,,,,,,,,2026-01-07 20:31:18.024000+00:00,
2026-01-07T20:31:18.025Z,DISCOVERY_DIAL_DECISION,16Uiu2HAm83RVgoadhDBTo62J6j3vZoR7a5vZcKPRLkQ38dytSWAG,,,,,,,,,,,,,,,,,,,,,,,,2.0,0.0,,attempt_dial,,,,,,,,,,,,,,,,,,,,,,,,,,,,,,,,,,,,,,,,,,,,,,,,,,,,,2026-01-07 20:31:18.025000+00:00,
2026-01-07T20:31:18.298Z,DIAL_FAILURE,16Uiu2HAm7WdfciQau6Mu7C2CFDxShwfZVkAhtxVAhJwRuoLtgYzg,,,,,,,,,,,,,,,,,,,,,,,,,,,,connection error 65.21.202.162:9000: connect ETIMEDOUT 65.21.202.162:9000,134482.0,,,,,,,,,,,,,,,,,,,,,,,,,,,,,,,,,,,,,,,,,,,,,,,,,,,2026-01-07 20:31:18.298000+00:00,
2026-01-07T20:31:18.572Z,DIAL_SUCCESS,16Uiu2HAm83RVgoadhDBTo62J6j3vZoR7a5vZcKPRLkQ38dytSWAG,,,,,,,,,,,,,,,,,,,,,,,,,,,,,548.0,,,,,,,,,,,,,,,,,,,,,,,,,,,,,,,,,,,,,,,,,,,,,,,,,,,2026-01-07 20:31:18.572000+00:00,
2026-01-07T20:31:22.682Z,DIAL_CHECK_START,16Uiu2HAm3CK7VAv5ciYJyeKpX3rtdsHGMZsAgFK5ozXRtnNmcdBK,,,,,,,,,,,,,,,,,,,,,,,,2.0,0.0,10570.0,,,,,,,,,,,,,,,,,,,,,,,,,,,,,,,,,,,,,,,,,,,,,,,,,,,,,,2026-01-07 20:31:22.682000+00:00,
2026-01-07T20:31:22.682Z,DIAL_ATTEMPT_START,16Uiu2HAm3CK7VAv5ciYJyeKpX3rtdsHGMZsAgFK5ozXRtnNmcdBK,,,,,,,,,,,,,,,,,,,10570.0,,,,1767817882682.0,,,,,,,,,,,,,,,,,,,,,,,,,,,,,,,,,,,,,,,,,,,,,,,,,,,,,,,,,2026-01-07 20:31:22.682000+00:00,
2026-01-07T20:31:22.682Z,DISCOVERY_DIAL_DECISION,16Uiu2HAm3CK7VAv5ciYJyeKpX3rtdsHGMZsAgFK5ozXRtnNmcdBK,,,,,,,,,,,,,,,,,,,,,,,,2.0,0.0,,attempt_dial,,,,,,,,,,,,,,,,,,,,,,,,,,,,,,,,,,,,,,,,,,,,,,,,,,,,,2026-01-07 20:31:22.682000+00:00,
2026-01-07T20:31:22.933Z,DIAL_FAILURE,16Uiu2HAm3CK7VAv5ciYJyeKpX3rtdsHGMZsAgFK5ozXRtnNmcdBK,,,,,,,,,,,,,,,,,,,,,,,,,,,,read ECONNRESET,251.0,,,,,,,,,,,,,,,,,,,,,,,,,,,,,,,,,,,,,,,,,,,,,,,,,,,2026-01-07 20:31:22.933000+00:00,
2026-01-07T20:31:23.819Z,DIAL_CHECK_START,16Uiu2HAmNaKCRACQh5ZhH7Ab2VHA1LNYSTRKrFWw1m4TtztatKiz,,,,,,,,,,,,,,,,,,,,,,,,2.0,0.0,10569.0,,,,,,,,,,,,,,,,,,,,,,,,,,,,,,,,,,,,,,,,,,,,,,,,,,,,,,2026-01-07 20:31:23.819000+00:00,
2026-01-07T20:31:23.819Z,DIAL_ATTEMPT_START,16Uiu2HAmNaKCRACQh5ZhH7Ab2VHA1LNYSTRKrFWw1m4TtztatKiz,,,,,,,,,,,,,,,,,,,10569.0,,,,1767817883819.0,,,,,,,,,,,,,,,,,,,,,,,,,,,,,,,,,,,,,,,,,,,,,,,,,,,,,,,,,2026-01-07 20:31:23.819000+00:00,
2026-01-07T20:31:23.820Z,DISCOVERY_DIAL_DECISION,16Uiu2HAmNaKCRACQh5ZhH7Ab2VHA1LNYSTRKrFWw1m4TtztatKiz,,,,,,,,,,,,,,,,,,,,,,,,2.0,0.0,,attempt_dial,,,,,,,,,,,,,,,,,,,,,,,,,,,,,,,,,,,,,,,,,,,,,,,,,,,,,2026-01-07 20:31:23.820000+00:00,
2026-01-07T20:31:23.875Z,DIAL_FAILURE,16Uiu2HAmNaKCRACQh5ZhH7Ab2VHA1LNYSTRKrFWw1m4TtztatKiz,,,,,,,,,,,,,,,,,,,,,,,,,,,,connection error 152.53.136.240:13000: connect ECONNREFUSED 152.53.136.240:13000,56.0,,,,,,,,,,,,,,,,,,,,,,,,,,,,,,,,,,,,,,,,,,,,,,,,,,,2026-01-07 20:31:23.875000+00:00,
2026-01-07T20:31:26.106Z,DIAL_CHECK_START,16Uiu2HAm3ZC9yMfsYVz4q7Ke2xHtiSQsecie2StsBpYv2iR4tbR9,,,,,,,,,,,,,,,,,,,,,,,,2.0,0.0,10568.0,,,,,,,,,,,,,,,,,,,,,,,,,,,,,,,,,,,,,,,,,,,,,,,,,,,,,,2026-01-07 20:31:26.106000+00:00,
2026-01-07T20:31:26.106Z,DIAL_ATTEMPT_START,16Uiu2HAm3ZC9yMfsYVz4q7Ke2xHtiSQsecie2StsBpYv2iR4tbR9,,,,,,,,,,,,,,,,,,,10568.0,,,,1767817886106.0,,,,,,,,,,,,,,,,,,,,,,,,,,,,,,,,,,,,,,,,,,,,,,,,,,,,,,,,,2026-01-07 20:31:26.106000+00:00,
2026-01-07T20:31:26.106Z,DISCOVERY_DIAL_DECISION,16Uiu2HAm3ZC9yMfsYVz4q7Ke2xHtiSQsecie2StsBpYv2iR4tbR9,,,,,,,,,,,,,,,,,,,,,,,,2.0,0.0,,attempt_dial,,,,,,,,,,,,,,,,,,,,,,,,,,,,,,,,,,,,,,,,,,,,,,,,,,,,,2026-01-07 20:31:26.106000+00:00,
2026-01-07T20:31:26.107Z,DIAL_CHECK_START,16Uiu2HAm3ZC9yMfsYVz4q7Ke2xHtiSQsecie2StsBpYv2iR4tbR9,,,,,,,,,,,,,,,,,,,,,,,,0.0,0.0,10567.0,,,,,,,,,,,,,,,,,,,,,,,,,,,,,,,,,,,,,,,,,,,,,,,,,,,,,,2026-01-07 20:31:26.107000+00:00,
2026-01-07T20:31:26.107Z,DIAL_ATTEMPT_START,16Uiu2HAm3ZC9yMfsYVz4q7Ke2xHtiSQsecie2StsBpYv2iR4tbR9,,,,,,,,,,,,,,,,,,,10567.0,,,,1767817886107.0,,,,,,,,,,,,,,,,,,,,,,,,,,,,,,,,,,,,,,,,,,,,,,,,,,,,,,,,,2026-01-07 20:31:26.107000+00:00,
2026-01-07T20:31:26.107Z,DISCOVERY_DIAL_DECISION,16Uiu2HAm3ZC9yMfsYVz4q7Ke2xHtiSQsecie2StsBpYv2iR4tbR9,,,,,,,,,,,,,,,,,,,,,,,,0.0,0.0,,attempt_dial,,,,,,,,,,,,,,,,,,,,,,,,,,,,,,,,,,,,,,,,,,,,,,,,,,,,,2026-01-07 20:31:26.107000+00:00,
2026-01-07T20:31:26.182Z,DISCOVERY_FINDNODE_RESULT,unknown,,,,,,,,,,,,,,,,,,,,,,,,,,,,,,,,,,,,,,,,,,,,,,,,,,,,,,,,,,,,,,,,,,,16.0,60007.0,,,,,,,,,,,,2026-01-07 20:31:26.182000+00:00,
2026-01-07T20:31:26.182Z,HEARTBEAT_DISCOVERY_NEEDED,unknown,,,,,,,,188.0,0.0,none,2.0,0.0,0.0,NO,0.0,0.0,9340357.0,9340357.0,,,,,,,,,,,,,,,,,,,,,,,,,,,,,,,,,,,,,,,,,,,,,,,,,,,,,,,,,,,,,,2026-01-07 20:31:26.182000+00:00,
2026-01-07T20:31:26.182Z,DISCOVERY_START,discovery,,,,,,,,,,,,,,,,,,,188.0,,2.0,,,,,,,,,,,,,,,,,,,,,,,,,,,,,,,,,,,,,,,,,,,,,,,,,,,,,,,,,,,2026-01-07 20:31:26.182000+00:00,
2026-01-07T20:31:26.182Z,DISCOVERY_FINDNODE_START,unknown,,,,,,,,,,,,,,,,,,,10754.0,,,0.0,1767817886182.0,,,,,,,,,,,,,,,,,,,,,,,,,,,,,,,,,,,,,,,,,,,,,,,,,,,,,,,,,2026-01-07 20:31:26.182000+00:00,
2026-01-07T20:31:27.109Z,DIAL_SUCCESS,16Uiu2HAm3ZC9yMfsYVz4q7Ke2xHtiSQsecie2StsBpYv2iR4tbR9,,,,,,,,,,,,,,,,,,,,,,,,,,,,,1002.0,,,,,,,,,,,,,,,,,,,,,,,,,,,,,,,,,,,,,,,,,,,,,,,,,,,2026-01-07 20:31:27.109000+00:00,
2026-01-07T20:31:27.109Z,DIAL_SUCCESS,16Uiu2HAm3ZC9yMfsYVz4q7Ke2xHtiSQsecie2StsBpYv2iR4tbR9,,,,,,,,,,,,,,,,,,,,,,,,,,,,,1003.0,,,,,,,,,,,,,,,,,,,,,,,,,,,,,,,,,,,,,,,,,,,,,,,,,,,2026-01-07 20:31:27.109000+00:00,
2026-01-07T20:31:30.031Z,DIAL_CHECK_START,16Uiu2HAkzWwVFKnjMMvX8QKXvsEbku3HtXXzZPHUiaY8QriTJchb,,,,,,,,,,,,,,,,,,,,,,,,2.0,0.0,10754.0,,,,,,,,,,,,,,,,,,,,,,,,,,,,,,,,,,,,,,,,,,,,,,,,,,,,,,2026-01-07 20:31:30.031000+00:00,
2026-01-07T20:31:30.031Z,DIAL_ATTEMPT_START,16Uiu2HAkzWwVFKnjMMvX8QKXvsEbku3HtXXzZPHUiaY8QriTJchb,,,,,,,,,,,,,,,,,,,10754.0,,,,1767817890031.0,,,,,,,,,,,,,,,,,,,,,,,,,,,,,,,,,,,,,,,,,,,,,,,,,,,,,,,,,2026-01-07 20:31:30.031000+00:00,
2026-01-07T20:31:30.031Z,DISCOVERY_DIAL_DECISION,16Uiu2HAkzWwVFKnjMMvX8QKXvsEbku3HtXXzZPHUiaY8QriTJchb,,,,,,,,,,,,,,,,,,,,,,,,2.0,0.0,,attempt_dial,,,,,,,,,,,,,,,,,,,,,,,,,,,,,,,,,,,,,,,,,,,,,,,,,,,,,2026-01-07 20:31:30.031000+00:00,
2026-01-07T20:31:30.032Z,DIAL_CHECK_START,16Uiu2HAmQUxNf2o8jPUcmfJviRhzdwx5diYQC4ReXBV8u5WoHH9n,,,,,,,,,,,,,,,,,,,,,,,,2.0,0.0,10753.0,,,,,,,,,,,,,,,,,,,,,,,,,,,,,,,,,,,,,,,,,,,,,,,,,,,,,,2026-01-07 20:31:30.032000+00:00,
2026-01-07T20:31:30.032Z,DIAL_ATTEMPT_START,16Uiu2HAmQUxNf2o8jPUcmfJviRhzdwx5diYQC4ReXBV8u5WoHH9n,,,,,,,,,,,,,,,,,,,10753.0,,,,1767817890032.0,,,,,,,,,,,,,,,,,,,,,,,,,,,,,,,,,,,,,,,,,,,,,,,,,,,,,,,,,2026-01-07 20:31:30.032000+00:00,
2026-01-07T20:31:30.032Z,DISCOVERY_DIAL_DECISION,16Uiu2HAmQUxNf2o8jPUcmfJviRhzdwx5diYQC4ReXBV8u5WoHH9n,,,,,,,,,,,,,,,,,,,,,,,,2.0,0.0,,attempt_dial,,,,,,,,,,,,,,,,,,,,,,,,,,,,,,,,,,,,,,,,,,,,,,,,,,,,,2026-01-07 20:31:30.032000+00:00,
2026-01-07T20:31:30.033Z,DIAL_CHECK_START,16Uiu2HAkzWwVFKnjMMvX8QKXvsEbku3HtXXzZPHUiaY8QriTJchb,,,,,,,,,,,,,,,,,,,,,,,,0.0,0.0,10752.0,,,,,,,,,,,,,,,,,,,,,,,,,,,,,,,,,,,,,,,,,,,,,,,,,,,,,,2026-01-07 20:31:30.033000+00:00,
2026-01-07T20:31:30.033Z,DIAL_ATTEMPT_START,16Uiu2HAkzWwVFKnjMMvX8QKXvsEbku3HtXXzZPHUiaY8QriTJchb,,,,,,,,,,,,,,,,,,,10752.0,,,,1767817890033.0,,,,,,,,,,,,,,,,,,,,,,,,,,,,,,,,,,,,,,,,,,,,,,,,,,,,,,,,,2026-01-07 20:31:30.033000+00:00,
2026-01-07T20:31:30.033Z,DISCOVERY_DIAL_DECISION,16Uiu2HAkzWwVFKnjMMvX8QKXvsEbku3HtXXzZPHUiaY8QriTJchb,,,,,,,,,,,,,,,,,,,,,,,,0.0,0.0,,attempt_dial,,,,,,,,,,,,,,,,,,,,,,,,,,,,,,,,,,,,,,,,,,,,,,,,,,,,,2026-01-07 20:31:30.033000+00:00,
2026-01-07T20:31:30.035Z,DIAL_CHECK_START,16Uiu2HAmQUxNf2o8jPUcmfJviRhzdwx5diYQC4ReXBV8u5WoHH9n,,,,,,,,,,,,,,,,,,,,,,,,0.0,0.0,10751.0,,,,,,,,,,,,,,,,,,,,,,,,,,,,,,,,,,,,,,,,,,,,,,,,,,,,,,2026-01-07 20:31:30.035000+00:00,
2026-01-07T20:31:30.035Z,DIAL_ATTEMPT_START,16Uiu2HAmQUxNf2o8jPUcmfJviRhzdwx5diYQC4ReXBV8u5WoHH9n,,,,,,,,,,,,,,,,,,,10751.0,,,,1767817890035.0,,,,,,,,,,,,,,,,,,,,,,,,,,,,,,,,,,,,,,,,,,,,,,,,,,,,,,,,,2026-01-07 20:31:30.035000+00:00,
2026-01-07T20:31:30.035Z,DISCOVERY_DIAL_DECISION,16Uiu2HAmQUxNf2o8jPUcmfJviRhzdwx5diYQC4ReXBV8u5WoHH9n,,,,,,,,,,,,,,,,,,,,,,,,0.0,0.0,,attempt_dial,,,,,,,,,,,,,,,,,,,,,,,,,,,,,,,,,,,,,,,,,,,,,,,,,,,,,2026-01-07 20:31:30.035000+00:00,
2026-01-07T20:31:35.390Z,DIAL_CHECK_START,16Uiu2HAkymzVQJtPxDvjmZwXRZbmX62pvc3qoWGs7Ky1oPXpBhJR,,,,,,,,,,,,,,,,,,,,,,,,2.0,0.0,10750.0,,,,,,,,,,,,,,,,,,,,,,,,,,,,,,,,,,,,,,,,,,,,,,,,,,,,,,2026-01-07 20:31:35.390000+00:00,
2026-01-07T20:31:35.390Z,DIAL_ATTEMPT_START,16Uiu2HAkymzVQJtPxDvjmZwXRZbmX62pvc3qoWGs7Ky1oPXpBhJR,,,,,,,,,,,,,,,,,,,10750.0,,,,1767817895390.0,,,,,,,,,,,,,,,,,,,,,,,,,,,,,,,,,,,,,,,,,,,,,,,,,,,,,,,,,2026-01-07 20:31:35.390000+00:00,
2026-01-07T20:31:35.391Z,DISCOVERY_DIAL_DECISION,16Uiu2HAkymzVQJtPxDvjmZwXRZbmX62pvc3qoWGs7Ky1oPXpBhJR,,,,,,,,,,,,,,,,,,,,,,,,2.0,0.0,,attempt_dial,,,,,,,,,,,,,,,,,,,,,,,,,,,,,,,,,,,,,,,,,,,,,,,,,,,,,2026-01-07 20:31:35.391000+00:00,
2026-01-07T20:31:35.392Z,DIAL_CHECK_START,16Uiu2HAkymzVQJtPxDvjmZwXRZbmX62pvc3qoWGs7Ky1oPXpBhJR,,,,,,,,,,,,,,,,,,,,,,,,0.0,0.0,10749.0,,,,,,,,,,,,,,,,,,,,,,,,,,,,,,,,,,,,,,,,,,,,,,,,,,,,,,2026-01-07 20:31:35.392000+00:00,
2026-01-07T20:31:35.392Z,DIAL_ATTEMPT_START,16Uiu2HAkymzVQJtPxDvjmZwXRZbmX62pvc3qoWGs7Ky1oPXpBhJR,,,,,,,,,,,,,,,,,,,10749.0,,,,1767817895392.0,,,,,,,,,,,,,,,,,,,,,,,,,,,,,,,,,,,,,,,,,,,,,,,,,,,,,,,,,2026-01-07 20:31:35.392000+00:00,
2026-01-07T20:31:35.392Z,DISCOVERY_DIAL_DECISION,16Uiu2HAkymzVQJtPxDvjmZwXRZbmX62pvc3qoWGs7Ky1oPXpBhJR,,,,,,,,,,,,,,,,,,,,,,,,0.0,0.0,,attempt_dial,,,,,,,,,,,,,,,,,,,,,,,,,,,,,,,,,,,,,,,,,,,,,,,,,,,,,2026-01-07 20:31:35.392000+00:00,
2026-01-07T20:31:35.416Z,DIAL_CHECK_START,16Uiu2HAm44nsqTCprzPHNYqv5JEBxrypJdmULQXnBWPhz1X4y2kq,,,,,,,,,,,,,,,,,,,,,,,,2.0,0.0,10748.0,,,,,,,,,,,,,,,,,,,,,,,,,,,,,,,,,,,,,,,,,,,,,,,,,,,,,,2026-01-07 20:31:35.416000+00:00,
2026-01-07T20:31:35.417Z,DIAL_ATTEMPT_START,16Uiu2HAm44nsqTCprzPHNYqv5JEBxrypJdmULQXnBWPhz1X4y2kq,,,,,,,,,,,,,,,,,,,10748.0,,,,1767817895417.0,,,,,,,,,,,,,,,,,,,,,,,,,,,,,,,,,,,,,,,,,,,,,,,,,,,,,,,,,2026-01-07 20:31:35.417000+00:00,
2026-01-07T20:31:35.417Z,DISCOVERY_DIAL_DECISION,16Uiu2HAm44nsqTCprzPHNYqv5JEBxrypJdmULQXnBWPhz1X4y2kq,,,,,,,,,,,,,,,,,,,,,,,,2.0,0.0,,attempt_dial,,,,,,,,,,,,,,,,,,,,,,,,,,,,,,,,,,,,,,,,,,,,,,,,,,,,,2026-01-07 20:31:35.417000+00:00,
2026-01-07T20:31:35.417Z,DIAL_CHECK_START,16Uiu2HAm44nsqTCprzPHNYqv5JEBxrypJdmULQXnBWPhz1X4y2kq,,,,,,,,,,,,,,,,,,,,,,,,0.0,0.0,10747.0,,,,,,,,,,,,,,,,,,,,,,,,,,,,,,,,,,,,,,,,,,,,,,,,,,,,,,2026-01-07 20:31:35.417000+00:00,
2026-01-07T20:31:35.417Z,DIAL_ATTEMPT_START,16Uiu2HAm44nsqTCprzPHNYqv5JEBxrypJdmULQXnBWPhz1X4y2kq,,,,,,,,,,,,,,,,,,,10747.0,,,,1767817895417.0,,,,,,,,,,,,,,,,,,,,,,,,,,,,,,,,,,,,,,,,,,,,,,,,,,,,,,,,,2026-01-07 20:31:35.417000+00:00,
2026-01-07T20:31:35.417Z,DISCOVERY_DIAL_DECISION,16Uiu2HAm44nsqTCprzPHNYqv5JEBxrypJdmULQXnBWPhz1X4y2kq,,,,,,,,,,,,,,,,,,,,,,,,0.0,0.0,,attempt_dial,,,,,,,,,,,,,,,,,,,,,,,,,,,,,,,,,,,,,,,,,,,,,,,,,,,,,2026-01-07 20:31:35.417000+00:00,
2026-01-07T20:31:55.160Z,DIAL_FAILURE,16Uiu2HAmAyeD1n4zkKipuBGjAtLqTQEehFYYeWG2HVJu7VvQsMch,,,,,,,,,,,,,,,,,,,,,,,,,,,,connection error 196.98.209.165:13000: connect ETIMEDOUT 196.98.209.165:13000,136397.0,,,,,,,,,,,,,,,,,,,,,,,,,,,,,,,,,,,,,,,,,,,,,,,,,,,2026-01-07 20:31:55.160000+00:00,
2026-01-07T20:31:56.189Z,HEARTBEAT_DISCOVERY_NEEDED,unknown,,,,,,,,188.0,0.0,none,2.0,0.0,0.0,NO,0.0,0.0,9340359.0,9340359.0,,,,,,,,,,,,,,,,,,,,,,,,,,,,,,,,,,,,,,,,,,,,,,,,,,,,,,,,,,,,,,2026-01-07 20:31:56.189000+00:00,
2026-01-07T20:31:56.189Z,DISCOVERY_START,discovery,,,,,,,,,,,,,,,,,,,188.0,,2.0,,,,,,,,,,,,,,,,,,,,,,,,,,,,,,,,,,,,,,,,,,,,,,,,,,,,,,,,,,,2026-01-07 20:31:56.189000+00:00,
2026-01-07T20:32:01.798Z,DIAL_CHECK_START,16Uiu2HAkxzS38Dk3F3VxTVmUbrPdozMGYBPZWor2KM1DxNNSpnkQ,,,,,,,,,,,,,,,,,,,,,,,,2.0,0.0,10934.0,,,,,,,,,,,,,,,,,,,,,,,,,,,,,,,,,,,,,,,,,,,,,,,,,,,,,,2026-01-07 20:32:01.798000+00:00,
2026-01-07T20:32:01.798Z,DIAL_ATTEMPT_START,16Uiu2HAkxzS38Dk3F3VxTVmUbrPdozMGYBPZWor2KM1DxNNSpnkQ,,,,,,,,,,,,,,,,,,,10934.0,,,,1767817921798.0,,,,,,,,,,,,,,,,,,,,,,,,,,,,,,,,,,,,,,,,,,,,,,,,,,,,,,,,,2026-01-07 20:32:01.798000+00:00,
2026-01-07T20:32:01.798Z,DISCOVERY_DIAL_DECISION,16Uiu2HAkxzS38Dk3F3VxTVmUbrPdozMGYBPZWor2KM1DxNNSpnkQ,,,,,,,,,,,,,,,,,,,,,,,,2.0,0.0,,attempt_dial,,,,,,,,,,,,,,,,,,,,,,,,,,,,,,,,,,,,,,,,,,,,,,,,,,,,,2026-01-07 20:32:01.798000+00:00,
2026-01-07T20:32:01.922Z,DIAL_SUCCESS,16Uiu2HAkxzS38Dk3F3VxTVmUbrPdozMGYBPZWor2KM1DxNNSpnkQ,,,,,,,,,,,,,,,,,,,,,,,,,,,,,124.0,,,,,,,,,,,,,,,,,,,,,,,,,,,,,,,,,,,,,,,,,,,,,,,,,,,2026-01-07 20:32:01.922000+00:00,
2026-01-07T20:32:11.392Z,DIAL_CHECK_START,16Uiu2HAkxzS38Dk3F3VxTVmUbrPdozMGYBPZWor2KM1DxNNSpnkQ,,,,,,,,,,,,,,,,,,,,,,,,2.0,0.0,10933.0,,,,,,,,,,,,,,,,,,,,,,,,,,,,,,,,,,,,,,,,,,,,,,,,,,,,,,2026-01-07 20:32:11.392000+00:00,
2026-01-07T20:32:11.392Z,DIAL_ATTEMPT_START,16Uiu2HAkxzS38Dk3F3VxTVmUbrPdozMGYBPZWor2KM1DxNNSpnkQ,,,,,,,,,,,,,,,,,,,10933.0,,,,1767817931392.0,,,,,,,,,,,,,,,,,,,,,,,,,,,,,,,,,,,,,,,,,,,,,,,,,,,,,,,,,2026-01-07 20:32:11.392000+00:00,
2026-01-07T20:32:11.392Z,DISCOVERY_DIAL_DECISION,16Uiu2HAkxzS38Dk3F3VxTVmUbrPdozMGYBPZWor2KM1DxNNSpnkQ,,,,,,,,,,,,,,,,,,,,,,,,2.0,0.0,,attempt_dial,,,,,,,,,,,,,,,,,,,,,,,,,,,,,,,,,,,,,,,,,,,,,,,,,,,,,2026-01-07 20:32:11.392000+00:00,
2026-01-07T20:32:11.513Z,DIAL_SUCCESS,16Uiu2HAkxzS38Dk3F3VxTVmUbrPdozMGYBPZWor2KM1DxNNSpnkQ,,,,,,,,,,,,,,,,,,,,,,,,,,,,,121.0,,,,,,,,,,,,,,,,,,,,,,,,,,,,,,,,,,,,,,,,,,,,,,,,,,,2026-01-07 20:32:11.513000+00:00,
2026-01-07T20:32:13.552Z,DIAL_CHECK_START,16Uiu2HAkxzS38Dk3F3VxTVmUbrPdozMGYBPZWor2KM1DxNNSpnkQ,,,,,,,,,,,,,,,,,,,,,,,,2.0,0.0,10932.0,,,,,,,,,,,,,,,,,,,,,,,,,,,,,,,,,,,,,,,,,,,,,,,,,,,,,,2026-01-07 20:32:13.552000+00:00,
2026-01-07T20:32:13.552Z,DIAL_ATTEMPT_START,16Uiu2HAkxzS38Dk3F3VxTVmUbrPdozMGYBPZWor2KM1DxNNSpnkQ,,,,,,,,,,,,,,,,,,,10932.0,,,,1767817933552.0,,,,,,,,,,,,,,,,,,,,,,,,,,,,,,,,,,,,,,,,,,,,,,,,,,,,,,,,,2026-01-07 20:32:13.552000+00:00,
2026-01-07T20:32:13.553Z,DISCOVERY_DIAL_DECISION,16Uiu2HAkxzS38Dk3F3VxTVmUbrPdozMGYBPZWor2KM1DxNNSpnkQ,,,,,,,,,,,,,,,,,,,,,,,,2.0,0.0,,attempt_dial,,,,,,,,,,,,,,,,,,,,,,,,,,,,,,,,,,,,,,,,,,,,,,,,,,,,,2026-01-07 20:32:13.553000+00:00,
2026-01-07T20:32:13.698Z,DIAL_SUCCESS,16Uiu2HAkxzS38Dk3F3VxTVmUbrPdozMGYBPZWor2KM1DxNNSpnkQ,,,,,,,,,,,,,,,,,,,,,,,,,,,,,146.0,,,,,,,,,,,,,,,,,,,,,,,,,,,,,,,,,,,,,,,,,,,,,,,,,,,2026-01-07 20:32:13.698000+00:00,
2026-01-07T20:32:14.983Z,DIAL_CHECK_START,16Uiu2HAkxzS38Dk3F3VxTVmUbrPdozMGYBPZWor2KM1DxNNSpnkQ,,,,,,,,,,,,,,,,,,,,,,,,2.0,0.0,10931.0,,,,,,,,,,,,,,,,,,,,,,,,,,,,,,,,,,,,,,,,,,,,,,,,,,,,,,2026-01-07 20:32:14.983000+00:00,
2026-01-07T20:32:14.983Z,DIAL_ATTEMPT_START,16Uiu2HAkxzS38Dk3F3VxTVmUbrPdozMGYBPZWor2KM1DxNNSpnkQ,,,,,,,,,,,,,,,,,,,10931.0,,,,1767817934983.0,,,,,,,,,,,,,,,,,,,,,,,,,,,,,,,,,,,,,,,,,,,,,,,,,,,,,,,,,2026-01-07 20:32:14.983000+00:00,
2026-01-07T20:32:14.983Z,DISCOVERY_DIAL_DECISION,16Uiu2HAkxzS38Dk3F3VxTVmUbrPdozMGYBPZWor2KM1DxNNSpnkQ,,,,,,,,,,,,,,,,,,,,,,,,2.0,0.0,,attempt_dial,,,,,,,,,,,,,,,,,,,,,,,,,,,,,,,,,,,,,,,,,,,,,,,,,,,,,2026-01-07 20:32:14.983000+00:00,
2026-01-07T20:32:15.106Z,DIAL_SUCCESS,16Uiu2HAkxzS38Dk3F3VxTVmUbrPdozMGYBPZWor2KM1DxNNSpnkQ,,,,,,,,,,,,,,,,,,,,,,,,,,,,,123.0,,,,,,,,,,,,,,,,,,,,,,,,,,,,,,,,,,,,,,,,,,,,,,,,,,,2026-01-07 20:32:15.106000+00:00,
2026-01-07T20:32:15.667Z,DIAL_CHECK_START,16Uiu2HAkxzS38Dk3F3VxTVmUbrPdozMGYBPZWor2KM1DxNNSpnkQ,,,,,,,,,,,,,,,,,,,,,,,,2.0,0.0,10930.0,,,,,,,,,,,,,,,,,,,,,,,,,,,,,,,,,,,,,,,,,,,,,,,,,,,,,,2026-01-07 20:32:15.667000+00:00,
2026-01-07T20:32:15.667Z,DIAL_ATTEMPT_START,16Uiu2HAkxzS38Dk3F3VxTVmUbrPdozMGYBPZWor2KM1DxNNSpnkQ,,,,,,,,,,,,,,,,,,,10930.0,,,,1767817935667.0,,,,,,,,,,,,,,,,,,,,,,,,,,,,,,,,,,,,,,,,,,,,,,,,,,,,,,,,,2026-01-07 20:32:15.667000+00:00,
2026-01-07T20:32:15.667Z,DISCOVERY_DIAL_DECISION,16Uiu2HAkxzS38Dk3F3VxTVmUbrPdozMGYBPZWor2KM1DxNNSpnkQ,,,,,,,,,,,,,,,,,,,,,,,,2.0,0.0,,attempt_dial,,,,,,,,,,,,,,,,,,,,,,,,,,,,,,,,,,,,,,,,,,,,,,,,,,,,,2026-01-07 20:32:15.667000+00:00,
2026-01-07T20:32:15.790Z,DIAL_SUCCESS,16Uiu2HAkxzS38Dk3F3VxTVmUbrPdozMGYBPZWor2KM1DxNNSpnkQ,,,,,,,,,,,,,,,,,,,,,,,,,,,,,123.0,,,,,,,,,,,,,,,,,,,,,,,,,,,,,,,,,,,,,,,,,,,,,,,,,,,2026-01-07 20:32:15.790000+00:00,
2026-01-07T20:32:16.184Z,DIAL_CHECK_START,16Uiu2HAmJ2NBWrvdTfBf4TuEeiugUCz9g4yTicpUP3itesaaZ7pX,,,,,,,,,,,,,,,,,,,,,,,,2.0,0.0,10929.0,,,,,,,,,,,,,,,,,,,,,,,,,,,,,,,,,,,,,,,,,,,,,,,,,,,,,,2026-01-07 20:32:16.184000+00:00,
2026-01-07T20:32:16.184Z,DIAL_ATTEMPT_START,16Uiu2HAmJ2NBWrvdTfBf4TuEeiugUCz9g4yTicpUP3itesaaZ7pX,,,,,,,,,,,,,,,,,,,10929.0,,,,1767817936184.0,,,,,,,,,,,,,,,,,,,,,,,,,,,,,,,,,,,,,,,,,,,,,,,,,,,,,,,,,2026-01-07 20:32:16.184000+00:00,
2026-01-07T20:32:16.185Z,DISCOVERY_DIAL_DECISION,16Uiu2HAmJ2NBWrvdTfBf4TuEeiugUCz9g4yTicpUP3itesaaZ7pX,,,,,,,,,,,,,,,,,,,,,,,,2.0,0.0,,attempt_dial,,,,,,,,,,,,,,,,,,,,,,,,,,,,,,,,,,,,,,,,,,,,,,,,,,,,,2026-01-07 20:32:16.185000+00:00,
2026-01-07T20:32:16.364Z,DIAL_FAILURE,16Uiu2HAmJ2NBWrvdTfBf4TuEeiugUCz9g4yTicpUP3itesaaZ7pX,,,,,,,,,,,,,,,,,,,,,,,,,,,,connection error 109.123.237.110:13000: connect ECONNREFUSED 109.123.237.110:13000,180.0,,,,,,,,,,,,,,,,,,,,,,,,,,,,,,,,,,,,,,,,,,,,,,,,,,,2026-01-07 20:32:16.364000+00:00,
2026-01-07T20:32:26.187Z,DISCOVERY_FINDNODE_RESULT,unknown,,,,,,,,,,,,,,,,,,,,,,,,,,,,,,,,,,,,,,,,,,,,,,,,,,,,,,,,,,,,,,,,,,,16.0,60005.0,,,,,,,,,,,,2026-01-07 20:32:26.187000+00:00,
2026-01-07T20:32:26.189Z,HEARTBEAT_DISCOVERY_NEEDED,unknown,,,,,,,,189.0,0.0,none,2.0,0.0,0.0,NO,0.0,0.0,9340362.0,9340362.0,,,,,,,,,,,,,,,,,,,,,,,,,,,,,,,,,,,,,,,,,,,,,,,,,,,,,,,,,,,,,,2026-01-07 20:32:26.189000+00:00,
2026-01-07T20:32:26.189Z,DISCOVERY_START,discovery,,,,,,,,,,,,,,,,,,,189.0,,2.0,,,,,,,,,,,,,,,,,,,,,,,,,,,,,,,,,,,,,,,,,,,,,,,,,,,,,,,,,,,2026-01-07 20:32:26.189000+00:00,
2026-01-07T20:32:26.189Z,DISCOVERY_FINDNODE_START,unknown,,,,,,,,,,,,,,,,,,,11117.0,,,0.0,1767817946189.0,,,,,,,,,,,,,,,,,,,,,,,,,,,,,,,,,,,,,,,,,,,,,,,,,,,,,,,,,2026-01-07 20:32:26.189000+00:00,
2026-01-07T20:32:26.253Z,DIAL_CHECK_START,16Uiu2HAmJJGHpkhBSkY8ZBfgPZX4Xjw5vEnGhXsDdEyWNuLX2jqf,,,,,,,,,,,,,,,,,,,,,,,,2.0,0.0,11117.0,,,,,,,,,,,,,,,,,,,,,,,,,,,,,,,,,,,,,,,,,,,,,,,,,,,,,,2026-01-07 20:32:26.253000+00:00,
2026-01-07T20:32:26.253Z,DIAL_ATTEMPT_START,16Uiu2HAmJJGHpkhBSkY8ZBfgPZX4Xjw5vEnGhXsDdEyWNuLX2jqf,,,,,,,,,,,,,,,,,,,11117.0,,,,1767817946253.0,,,,,,,,,,,,,,,,,,,,,,,,,,,,,,,,,,,,,,,,,,,,,,,,,,,,,,,,,2026-01-07 20:32:26.253000+00:00,
2026-01-07T20:32:26.254Z,DISCOVERY_DIAL_DECISION,16Uiu2HAmJJGHpkhBSkY8ZBfgPZX4Xjw5vEnGhXsDdEyWNuLX2jqf,,,,,,,,,,,,,,,,,,,,,,,,2.0,0.0,,attempt_dial,,,,,,,,,,,,,,,,,,,,,,,,,,,,,,,,,,,,,,,,,,,,,,,,,,,,,2026-01-07 20:32:26.254000+00:00,
2026-01-07T20:32:26.495Z,DIAL_SUCCESS,16Uiu2HAmJJGHpkhBSkY8ZBfgPZX4Xjw5vEnGhXsDdEyWNuLX2jqf,,,,,,,,,,,,,,,,,,,,,,,,,,,,,242.0,,,,,,,,,,,,,,,,,,,,,,,,,,,,,,,,,,,,,,,,,,,,,,,,,,,2026-01-07 20:32:26.495000+00:00,
2026-01-07T20:32:26.832Z,DIAL_CHECK_START,16Uiu2HAkvjpfaM7yhcYZSjEUJYHWckLXa4uMG7pwVeuXas8nUxcN,,,,,,,,,,,,,,,,,,,,,,,,2.0,0.0,11116.0,,,,,,,,,,,,,,,,,,,,,,,,,,,,,,,,,,,,,,,,,,,,,,,,,,,,,,2026-01-07 20:32:26.832000+00:00,
2026-01-07T20:32:26.832Z,DIAL_ATTEMPT_START,16Uiu2HAkvjpfaM7yhcYZSjEUJYHWckLXa4uMG7pwVeuXas8nUxcN,,,,,,,,,,,,,,,,,,,11116.0,,,,1767817946832.0,,,,,,,,,,,,,,,,,,,,,,,,,,,,,,,,,,,,,,,,,,,,,,,,,,,,,,,,,2026-01-07 20:32:26.832000+00:00,
2026-01-07T20:32:26.833Z,DISCOVERY_DIAL_DECISION,16Uiu2HAkvjpfaM7yhcYZSjEUJYHWckLXa4uMG7pwVeuXas8nUxcN,,,,,,,,,,,,,,,,,,,,,,,,2.0,0.0,,attempt_dial,,,,,,,,,,,,,,,,,,,,,,,,,,,,,,,,,,,,,,,,,,,,,,,,,,,,,2026-01-07 20:32:26.833000+00:00,
2026-01-07T20:32:40.215Z,DIAL_FAILURE,16Uiu2HAm8TJW9un9okwfVX6pfoiEVNmbqV5NyScz1DCWgbkLZvGn,,,,,,,,,,,,,,,,,,,,,,,,,,,,connection error 3.112.33.60:13000: connect ETIMEDOUT 3.112.33.60:13000,132417.0,,,,,,,,,,,,,,,,,,,,,,,,,,,,,,,,,,,,,,,,,,,,,,,,,,,2026-01-07 20:32:40.215000+00:00,
2026-01-07T20:32:44.334Z,DIAL_FAILURE,16Uiu2HAmR2DCLkEhqUPxXjCmm1W3ro9K185K67KNr2GLqo1jttK4,,,,,,,,,,,,,,,,,,,,,,,,,,,,connection error 35.212.227.19:1312: connect ETIMEDOUT 35.212.227.19:1312,132774.0,,,,,,,,,,,,,,,,,,,,,,,,,,,,,,,,,,,,,,,,,,,,,,,,,,,2026-01-07 20:32:44.334000+00:00,
2026-01-07T20:32:45.329Z,DIAL_CHECK_START,16Uiu2HAm742VSZQ8VFbp3CueyfeE7CEuJQ7h47sxy4LNj6Bn2xsm,,,,,,,,,,,,,,,,,,,,,,,,2.0,0.0,11115.0,,,,,,,,,,,,,,,,,,,,,,,,,,,,,,,,,,,,,,,,,,,,,,,,,,,,,,2026-01-07 20:32:45.329000+00:00,
2026-01-07T20:32:45.329Z,DIAL_ATTEMPT_START,16Uiu2HAm742VSZQ8VFbp3CueyfeE7CEuJQ7h47sxy4LNj6Bn2xsm,,,,,,,,,,,,,,,,,,,11115.0,,,,1767817965329.0,,,,,,,,,,,,,,,,,,,,,,,,,,,,,,,,,,,,,,,,,,,,,,,,,,,,,,,,,2026-01-07 20:32:45.329000+00:00,
2026-01-07T20:32:45.329Z,DISCOVERY_DIAL_DECISION,16Uiu2HAm742VSZQ8VFbp3CueyfeE7CEuJQ7h47sxy4LNj6Bn2xsm,,,,,,,,,,,,,,,,,,,,,,,,2.0,0.0,,attempt_dial,,,,,,,,,,,,,,,,,,,,,,,,,,,,,,,,,,,,,,,,,,,,,,,,,,,,,2026-01-07 20:32:45.329000+00:00,
2026-01-07T20:32:45.329Z,DIAL_CHECK_START,16Uiu2HAm742VSZQ8VFbp3CueyfeE7CEuJQ7h47sxy4LNj6Bn2xsm,,,,,,,,,,,,,,,,,,,,,,,,0.0,0.0,11114.0,,,,,,,,,,,,,,,,,,,,,,,,,,,,,,,,,,,,,,,,,,,,,,,,,,,,,,2026-01-07 20:32:45.329000+00:00,
2026-01-07T20:32:45.329Z,DIAL_ATTEMPT_START,16Uiu2HAm742VSZQ8VFbp3CueyfeE7CEuJQ7h47sxy4LNj6Bn2xsm,,,,,,,,,,,,,,,,,,,11114.0,,,,1767817965329.0,,,,,,,,,,,,,,,,,,,,,,,,,,,,,,,,,,,,,,,,,,,,,,,,,,,,,,,,,2026-01-07 20:32:45.329000+00:00,
2026-01-07T20:32:45.329Z,DISCOVERY_DIAL_DECISION,16Uiu2HAm742VSZQ8VFbp3CueyfeE7CEuJQ7h47sxy4LNj6Bn2xsm,,,,,,,,,,,,,,,,,,,,,,,,0.0,0.0,,attempt_dial,,,,,,,,,,,,,,,,,,,,,,,,,,,,,,,,,,,,,,,,,,,,,,,,,,,,,2026-01-07 20:32:45.329000+00:00,
2026-01-07T20:32:47.256Z,DIAL_CHECK_START,16Uiu2HAmAxY4Wv9fJGXzS55MSqH2gAEty5gzezztUnLvcCS3EkGG,,,,,,,,,,,,,,,,,,,,,,,,2.0,0.0,11113.0,,,,,,,,,,,,,,,,,,,,,,,,,,,,,,,,,,,,,,,,,,,,,,,,,,,,,,2026-01-07 20:32:47.256000+00:00,
2026-01-07T20:32:47.256Z,DIAL_ATTEMPT_START,16Uiu2HAmAxY4Wv9fJGXzS55MSqH2gAEty5gzezztUnLvcCS3EkGG,,,,,,,,,,,,,,,,,,,11113.0,,,,1767817967256.0,,,,,,,,,,,,,,,,,,,,,,,,,,,,,,,,,,,,,,,,,,,,,,,,,,,,,,,,,2026-01-07 20:32:47.256000+00:00,
2026-01-07T20:32:47.256Z,DISCOVERY_DIAL_DECISION,16Uiu2HAmAxY4Wv9fJGXzS55MSqH2gAEty5gzezztUnLvcCS3EkGG,,,,,,,,,,,,,,,,,,,,,,,,2.0,0.0,,attempt_dial,,,,,,,,,,,,,,,,,,,,,,,,,,,,,,,,,,,,,,,,,,,,,,,,,,,,,2026-01-07 20:32:47.256000+00:00,
2026-01-07T20:32:47.257Z,DIAL_CHECK_START,16Uiu2HAmAxY4Wv9fJGXzS55MSqH2gAEty5gzezztUnLvcCS3EkGG,,,,,,,,,,,,,,,,,,,,,,,,0.0,0.0,11112.0,,,,,,,,,,,,,,,,,,,,,,,,,,,,,,,,,,,,,,,,,,,,,,,,,,,,,,2026-01-07 20:32:47.257000+00:00,
2026-01-07T20:32:47.257Z,DIAL_ATTEMPT_START,16Uiu2HAmAxY4Wv9fJGXzS55MSqH2gAEty5gzezztUnLvcCS3EkGG,,,,,,,,,,,,,,,,,,,11112.0,,,,1767817967257.0,,,,,,,,,,,,,,,,,,,,,,,,,,,,,,,,,,,,,,,,,,,,,,,,,,,,,,,,,2026-01-07 20:32:47.257000+00:00,
2026-01-07T20:32:47.257Z,DISCOVERY_DIAL_DECISION,16Uiu2HAmAxY4Wv9fJGXzS55MSqH2gAEty5gzezztUnLvcCS3EkGG,,,,,,,,,,,,,,,,,,,,,,,,0.0,0.0,,attempt_dial,,,,,,,,,,,,,,,,,,,,,,,,,,,,,,,,,,,,,,,,,,,,,,,,,,,,,2026-01-07 20:32:47.257000+00:00,
2026-01-07T20:32:48.081Z,DIAL_CHECK_START,16Uiu2HAkvwPWaf6uwQnZ4MpyntEDkwYjszdPf8D8HS4EU8TBnNcS,,,,,,,,,,,,,,,,,,,,,,,,2.0,0.0,11111.0,,,,,,,,,,,,,,,,,,,,,,,,,,,,,,,,,,,,,,,,,,,,,,,,,,,,,,2026-01-07 20:32:48.081000+00:00,
2026-01-07T20:32:48.081Z,DIAL_ATTEMPT_START,16Uiu2HAkvwPWaf6uwQnZ4MpyntEDkwYjszdPf8D8HS4EU8TBnNcS,,,,,,,,,,,,,,,,,,,11111.0,,,,1767817968081.0,,,,,,,,,,,,,,,,,,,,,,,,,,,,,,,,,,,,,,,,,,,,,,,,,,,,,,,,,2026-01-07 20:32:48.081000+00:00,
2026-01-07T20:32:48.081Z,DISCOVERY_DIAL_DECISION,16Uiu2HAkvwPWaf6uwQnZ4MpyntEDkwYjszdPf8D8HS4EU8TBnNcS,,,,,,,,,,,,,,,,,,,,,,,,2.0,0.0,,attempt_dial,,,,,,,,,,,,,,,,,,,,,,,,,,,,,,,,,,,,,,,,,,,,,,,,,,,,,2026-01-07 20:32:48.081000+00:00,
2026-01-07T20:32:48.098Z,DIAL_SUCCESS,16Uiu2HAmAxY4Wv9fJGXzS55MSqH2gAEty5gzezztUnLvcCS3EkGG,,,,,,,,,,,,,,,,,,,,,,,,,,,,,841.0,,,,,,,,,,,,,,,,,,,,,,,,,,,,,,,,,,,,,,,,,,,,,,,,,,,2026-01-07 20:32:48.098000+00:00,
2026-01-07T20:32:48.098Z,DIAL_SUCCESS,16Uiu2HAmAxY4Wv9fJGXzS55MSqH2gAEty5gzezztUnLvcCS3EkGG,,,,,,,,,,,,,,,,,,,,,,,,,,,,,842.0,,,,,,,,,,,,,,,,,,,,,,,,,,,,,,,,,,,,,,,,,,,,,,,,,,,2026-01-07 20:32:48.098000+00:00,
2026-01-07T20:32:48.190Z,DIAL_CHECK_START,16Uiu2HAm1idQKoWEDznHoE1BbxjdD5Wtcb2sdHadM2PT5Kuw42A9,,,,,,,,,,,,,,,,,,,,,,,,2.0,0.0,11110.0,,,,,,,,,,,,,,,,,,,,,,,,,,,,,,,,,,,,,,,,,,,,,,,,,,,,,,2026-01-07 20:32:48.190000+00:00,
2026-01-07T20:32:48.190Z,DIAL_ATTEMPT_START,16Uiu2HAm1idQKoWEDznHoE1BbxjdD5Wtcb2sdHadM2PT5Kuw42A9,,,,,,,,,,,,,,,,,,,11110.0,,,,1767817968190.0,,,,,,,,,,,,,,,,,,,,,,,,,,,,,,,,,,,,,,,,,,,,,,,,,,,,,,,,,2026-01-07 20:32:48.190000+00:00,
2026-01-07T20:32:48.190Z,DISCOVERY_DIAL_DECISION,16Uiu2HAm1idQKoWEDznHoE1BbxjdD5Wtcb2sdHadM2PT5Kuw42A9,,,,,,,,,,,,,,,,,,,,,,,,2.0,0.0,,attempt_dial,,,,,,,,,,,,,,,,,,,,,,,,,,,,,,,,,,,,,,,,,,,,,,,,,,,,,2026-01-07 20:32:48.190000+00:00,
2026-01-07T20:32:48.191Z,DIAL_CHECK_START,16Uiu2HAm1idQKoWEDznHoE1BbxjdD5Wtcb2sdHadM2PT5Kuw42A9,,,,,,,,,,,,,,,,,,,,,,,,0.0,0.0,11109.0,,,,,,,,,,,,,,,,,,,,,,,,,,,,,,,,,,,,,,,,,,,,,,,,,,,,,,2026-01-07 20:32:48.191000+00:00,
2026-01-07T20:32:48.191Z,DIAL_ATTEMPT_START,16Uiu2HAm1idQKoWEDznHoE1BbxjdD5Wtcb2sdHadM2PT5Kuw42A9,,,,,,,,,,,,,,,,,,,11109.0,,,,1767817968191.0,,,,,,,,,,,,,,,,,,,,,,,,,,,,,,,,,,,,,,,,,,,,,,,,,,,,,,,,,2026-01-07 20:32:48.191000+00:00,
2026-01-07T20:32:48.191Z,DISCOVERY_DIAL_DECISION,16Uiu2HAm1idQKoWEDznHoE1BbxjdD5Wtcb2sdHadM2PT5Kuw42A9,,,,,,,,,,,,,,,,,,,,,,,,0.0,0.0,,attempt_dial,,,,,,,,,,,,,,,,,,,,,,,,,,,,,,,,,,,,,,,,,,,,,,,,,,,,,2026-01-07 20:32:48.191000+00:00,
2026-01-07T20:32:48.238Z,DIAL_FAILURE,16Uiu2HAkvwPWaf6uwQnZ4MpyntEDkwYjszdPf8D8HS4EU8TBnNcS,,,,,,,,,,,,,,,,,,,,,,,,,,,,read ECONNRESET,157.0,,,,,,,,,,,,,,,,,,,,,,,,,,,,,,,,,,,,,,,,,,,,,,,,,,,2026-01-07 20:32:48.238000+00:00,
2026-01-07T20:32:48.240Z,DIAL_CHECK_START,16Uiu2HAkvwPWaf6uwQnZ4MpyntEDkwYjszdPf8D8HS4EU8TBnNcS,,,,,,,,,,,,,,,,,,,,,,,,2.0,0.0,11108.0,,,,,,,,,,,,,,,,,,,,,,,,,,,,,,,,,,,,,,,,,,,,,,,,,,,,,,2026-01-07 20:32:48.240000+00:00,
2026-01-07T20:32:48.240Z,DIAL_ATTEMPT_START,16Uiu2HAkvwPWaf6uwQnZ4MpyntEDkwYjszdPf8D8HS4EU8TBnNcS,,,,,,,,,,,,,,,,,,,11108.0,,,,1767817968240.0,,,,,,,,,,,,,,,,,,,,,,,,,,,,,,,,,,,,,,,,,,,,,,,,,,,,,,,,,2026-01-07 20:32:48.240000+00:00,
2026-01-07T20:32:48.240Z,DISCOVERY_DIAL_DECISION,16Uiu2HAkvwPWaf6uwQnZ4MpyntEDkwYjszdPf8D8HS4EU8TBnNcS,,,,,,,,,,,,,,,,,,,,,,,,2.0,0.0,,attempt_dial,,,,,,,,,,,,,,,,,,,,,,,,,,,,,,,,,,,,,,,,,,,,,,,,,,,,,2026-01-07 20:32:48.240000+00:00,
2026-01-07T20:32:48.388Z,DIAL_FAILURE,16Uiu2HAkvwPWaf6uwQnZ4MpyntEDkwYjszdPf8D8HS4EU8TBnNcS,,,,,,,,,,,,,,,,,,,,,,,,,,,,unexpected end of input,148.0,,,,,,,,,,,,,,,,,,,,,,,,,,,,,,,,,,,,,,,,,,,,,,,,,,,2026-01-07 20:32:48.388000+00:00,
2026-01-07T20:32:48.397Z,DIAL_SUCCESS,16Uiu2HAm1idQKoWEDznHoE1BbxjdD5Wtcb2sdHadM2PT5Kuw42A9,,,,,,,,,,,,,,,,,,,,,,,,,,,,,206.0,,,,,,,,,,,,,,,,,,,,,,,,,,,,,,,,,,,,,,,,,,,,,,,,,,,2026-01-07 20:32:48.397000+00:00,
2026-01-07T20:32:48.397Z,DIAL_SUCCESS,16Uiu2HAm1idQKoWEDznHoE1BbxjdD5Wtcb2sdHadM2PT5Kuw42A9,,,,,,,,,,,,,,,,,,,,,,,,,,,,,207.0,,,,,,,,,,,,,,,,,,,,,,,,,,,,,,,,,,,,,,,,,,,,,,,,,,,2026-01-07 20:32:48.397000+00:00,
2026-01-07T20:32:48.642Z,DIAL_CHECK_START,16Uiu2HAm7NJnfFAXnHVtZhUc2K6DekmHY56GKgsroTrt3suxxsYo,,,,,,,,,,,,,,,,,,,,,,,,2.0,0.0,11107.0,,,,,,,,,,,,,,,,,,,,,,,,,,,,,,,,,,,,,,,,,,,,,,,,,,,,,,2026-01-07 20:32:48.642000+00:00,
2026-01-07T20:32:48.642Z,DIAL_ATTEMPT_START,16Uiu2HAm7NJnfFAXnHVtZhUc2K6DekmHY56GKgsroTrt3suxxsYo,,,,,,,,,,,,,,,,,,,11107.0,,,,1767817968642.0,,,,,,,,,,,,,,,,,,,,,,,,,,,,,,,,,,,,,,,,,,,,,,,,,,,,,,,,,2026-01-07 20:32:48.642000+00:00,
2026-01-07T20:32:48.642Z,DISCOVERY_DIAL_DECISION,16Uiu2HAm7NJnfFAXnHVtZhUc2K6DekmHY56GKgsroTrt3suxxsYo,,,,,,,,,,,,,,,,,,,,,,,,2.0,0.0,,attempt_dial,,,,,,,,,,,,,,,,,,,,,,,,,,,,,,,,,,,,,,,,,,,,,,,,,,,,,2026-01-07 20:32:48.642000+00:00,
2026-01-07T20:32:48.643Z,DIAL_CHECK_START,16Uiu2HAm7NJnfFAXnHVtZhUc2K6DekmHY56GKgsroTrt3suxxsYo,,,,,,,,,,,,,,,,,,,,,,,,0.0,0.0,11106.0,,,,,,,,,,,,,,,,,,,,,,,,,,,,,,,,,,,,,,,,,,,,,,,,,,,,,,2026-01-07 20:32:48.643000+00:00,
2026-01-07T20:32:48.643Z,DIAL_ATTEMPT_START,16Uiu2HAm7NJnfFAXnHVtZhUc2K6DekmHY56GKgsroTrt3suxxsYo,,,,,,,,,,,,,,,,,,,11106.0,,,,1767817968643.0,,,,,,,,,,,,,,,,,,,,,,,,,,,,,,,,,,,,,,,,,,,,,,,,,,,,,,,,,2026-01-07 20:32:48.643000+00:00,
2026-01-07T20:32:48.643Z,DISCOVERY_DIAL_DECISION,16Uiu2HAm7NJnfFAXnHVtZhUc2K6DekmHY56GKgsroTrt3suxxsYo,,,,,,,,,,,,,,,,,,,,,,,,0.0,0.0,,attempt_dial,,,,,,,,,,,,,,,,,,,,,,,,,,,,,,,,,,,,,,,,,,,,,,,,,,,,,2026-01-07 20:32:48.643000+00:00,
